ID,Host,Lifecycle Stage,Deleted 6/11/23,Created At,Response,Notes
ce722650-d561-4631-b500-d0ace366efb9,healthwatch-england.citizenlab.co,churned,,2021-02-02 15:23:38,Error: Failed to open TCP connection to healthwatch-england.citizenlab.co:443 (Connection refused - connect(2) for healthwatch-england.citizenlab.co port 443),Using URL for other app: https://www.healthwatch.co.uk/have-your-say
26648212-f6ff-4263-872f-ea8c70ed91d1,citizenlab.seattle.gov,active,,2020-03-04 10:02:41,Error: SSL_connect returned=1 errno=0 state=error: certificate verify failed (certificate has expired),NET::ERR_CERT_DATE_INVALID
12eecf15-0637-4d97-95ef-92f2055361d1,idee.namensnederland.nl,churned,DELETED,2020-04-23 8:52:13,Error: SSL_connect returned=1 errno=0 state=error: certificate verify failed (Hostname mismatch),Using URL for placeholder page: http://idee.namensnederland.nl/
59c525f3-6359-40b0-b2cc-5d0d3078f4f3,hilversum2040.nl,churned,DELETED,2021-05-25 16:50:06,Error: SSL_connect returned=1 errno=0 state=error: certificate verify failed (self signed certificate),Redirects to other app: https://www.bouwenaanhilversum.nl/hilversum2040/start/default.aspx
c114943b-79c1-4866-9534-b8b9db3027f1,www.zukunft-pfaffenhausen.de,churned,DELETED,2017-12-18 16:58:18,Error: unexpected token at <!DOCTYPE html><html data-adblockkey=MFwwDQYJKoZIhvcNAQEBBQADSwAwSAJBALquDFETXRn0Hr05fUP7EJT77xYnPmRbpMy4vk8KYiHnkNpednjOANJcaXDXcKQJN0nXKZJL7TciJD8AoHXK158CAwEAAQ==_OR0OqC9eqKGxNHPOpAbaRd2Zy+xxF8QyLbJxns+80i7cpThiptD/8D4y2AB1rHvcpJUeq4kMm1ZqqwusQPQkBg== xmlns=http://www.w3.org/1999/xhtml xml:lang=en lang=en> ...,Using URL for other app: https://www.zukunft-pfaffenhausen.de/
3fef1304-ed97-4aeb-8daf-8d8c5ba07ea2,meridianoneconsultation.co.uk,churned,DELETED,2020-08-21 11:16:57,Error: unexpected token at <!doctype html><html data-adblockkey=MFwwDQYJKoZIhvcNAQEBBQADSwAwSAJBANDrp2lz7AOmADaN8tA50LsWcjLFyQFcb/P2Txc58oYOeILb3vBw7J6f4pamkAQVSQuqYsKx3YzdUHCvbVZvFUsCAwEAAQ==_DpXoI9B1krFaN3m7ovENt/+dUKmTRHxT0UI3tVEiYbZ5FQksJolwzmVHCG6PODk0SEzeXR8Mxp0KtvizPhcUCg== lang=en>...,Using URL for othr app: https://meridianoneconsultation.co.uk/
7230fbee-c0ec-4f4e-9c36-67c5ec6cac0f,adminhqtest3.citizenlab.co,trial,,2023-11-22 16:38:34,Net::OpenTimeout: Failed to open TCP connection to adminhqtest3.citizenlab.co:443 (execution expired),Not on AdminHQ - deleted?
6711cbeb-de22-49c3-a221-d1eb7f4940b3,dallas-demo.citizenlab.co,demo,DELETED,2022-02-02 23:14:05,Net::OpenTimeout: Failed to open TCP connection to dallas-demo.citizenlab.co:443 (execution expired),Page not loading - is on AdminHQ - broken demo?
ed0ee39e-f293-417e-869c-a09dc37bcb5f,demo.envigado.citizenlab.co,demo,DELETED,2021-08-23 14:04:45,Net::OpenTimeout: Failed to open TCP connection to demo.envigado.citizenlab.co:443 (execution expired),Page not loading - is on AdminHQ - broken demo?
9557948c-9285-454b-9112-ecee718a16b0,forum.wichita.gov,churned,DELETED,2021-05-17 13:20:39,Net::OpenTimeout: Failed to open TCP connection to forum.wichita.gov:443 (execution expired),Page not loading - is on AdminHQ - churned
b81f2a69-82c7-4abe-83cc-cad6252d6d17,hodb.citizenlab.co,active,,2023-08-23 13:20:46,Net::OpenTimeout: Failed to open TCP connection to hodb.citizenlab.co:443 (execution expired),"Now at https://heistdenktmee.be/nl-BE/, managed by terraform"
9bfe7bf3-2bf3-4f30-ae47-46f0e8c818b1,joe-demo.citizenlab.co,trial,,2023-11-15 10:46:53,Net::OpenTimeout: Failed to open TCP connection to joe-demo.citizenlab.co:443 (execution expired),Deleted by me 30-Nov
8ddd198c-0268-490f-ada5-734f30b696ac,kickbeligum.citizenlab.co,active,,2023-11-27 8:36:43,Net::OpenTimeout: Failed to open TCP connection to kickbeligum.citizenlab.co:443 (execution expired),Not on AdminHQ - deleted?
e7c76ef9-1c14-475c-8dc9-6f454aa36d49,noord-beveland.citizenlab.co,active,,2023-09-07 6:36:30,Net::OpenTimeout: Failed to open TCP connection to noord-beveland.citizenlab.co:443 (execution expired),"Now has custom domain, denkmee.noord-beveland.nl, terraformed, Metabase out-of-date"
8147f6df-d97d-4233-84cf-936ef6708a32,project-demo.citizenlab.co,trial,,2023-11-15 10:37:49,Net::OpenTimeout: Failed to open TCP connection to project-demo.citizenlab.co:443 (execution expired),Deleted by me 30-Nov
d1b2cee0-34d4-4f70-91f3-db79ab25f97a,rijswijk.citizenlab.co,churned,DELETED,2020-05-25 9:19:26,Net::OpenTimeout: Failed to open TCP connection to rijswijk.citizenlab.co:443 (execution expired),Page not loading - is on AdminHQ - churned
cc544508-3801-4363-a727-342c21994cae,peabody.citizenlab.co,churned,DELETED,2021-02-03 18:33:19,not success,app_configuration 404
d6a1fbea-b0e2-4521-8368-b2e0d914b906,ingenuityleeds.com,churned,DELETED,2021-08-23 10:02:31,not success,Using URL for other app: https://www.ingenuityleeds.com/
0ad86fed-7b57-4f25-af11-e5c627e5977d,cheltenhamzero.org,churned,DELETED,2021-08-18 15:37:48,not success,Using URL for other app: https://cheltenhamzero.org/
69fc7d86-ff70-42bc-a996-68bdca5e096d,lambeth-trial.citizenlab.co,demo,DELETED,2023-11-01 15:19:06,not success,app_configuration 404
821b382b-440d-4ba9-8522-0afc1acb8d68,denkmee.zoersel.be,churned,DELETED,2021-07-02 11:05:34,not success,Using URL for other app: https://denkmee.zoersel.be/
26b8ac8a-6c2a-45f0-9709-e9365319c549,soroechurned@citizenlab.co,not_applicable,DELETED,2021-07-30 10:17:06,not success,Redirects to https://www.citizenlab.co/
06e1a9b6-f6f9-45c5-b36b-52007cd0b533,doemee.middelburgers.nl,churned,DELETED,2020-07-21 12:33:45,not success,Using URL for other app: https://middelburgontmoet.nl/projecten
34e5f577-2e22-4957-81c9-91a25fc406b9,participatie.laarne.be,churned,DELETED,2018-10-12 7:27:50,not success,Using URL for other app: https://participatie.laarne.be/
01d3c059-31c6-4ff6-a11d-f452ae75d923,involve.winsford.gov.uk,churned,DELETED,2020-05-06 17:08:53,not success,Using URL for other app: https://winsford.gov.uk/
c968032f-5140-4eac-8ce9-269411d404f3,all-for-zero.be,churned,DELETED,2021-06-17 12:51:40,not success,Using URL for other app: https://all-for-zero.be/
d1015a69-b2d4-4dcf-96fa-ed8d0512a863,policylab.org.uk,churned,DELETED,2020-05-27 14:23:32,not success,Redirects to other app: https://www.libdems.org.uk/
6cb31f18-328d-44c2-a7e7-5443d7856159,hecht.haacht.be,churned,DELETED,2019-10-10 7:27:40,not success,Using URL for other app: 6cb31f18-328d-44c2-a7e7-5443d7856159
f4447cbb-f488-4027-bf80-0381cf7e6aa3,www.welklimburgwiljij.be,churned,DELETED,2017-10-19 12:02:08,not success,"308 Permanent Redirect (from disk cache) to http://www.limburg.be/beleidsplanruimte, but fails"
9eea6c05-f1a6-4043-aee4-6021541dba4e,denkmee-hoogstraten.be,churned,DELETED,2019-04-24 10:38:14,not success,Using URL for other app: https://denkmee-hoogstraten.be/
43657ce7-d300-4e3a-94ea-d94a506eebd5,kinrooimeemaken.be,churned,DELETED,2019-02-19 9:25:48,not success,Using URL for other app: https://kinrooimeemaken.be/
c7fdbbb7-d79e-4a5e-bccf-13c597577ac5,katwijk.demo.citizenlab.co,demo,,2021-07-21 11:26:23,not success,Not on AdminHQ - deleted?
590138c9-194c-479d-94de-a5ccfa1517fa,dourdanjeparticipe.demo.citizenlab.co,expired_trial,,2023-11-02 8:58:19,not success,Not on AdminHQ - deleted?
aa2b0b3c-c7c0-4987-a185-e7d233ddf76c,acerca-redes.citizenlab.co,churned,,2020-06-04 19:36:47,SocketError: Failed to open TCP connection to acerca-redes.citizenlab.co:443 (getaddrinfo: nodename nor servname provided,Citizenlab web app working
d3f9dcd7-f1f8-490a-92dd-e0885ced04f8,acosys-demo.citizenlab.co,demo,,2021-09-18 14:22:47,SocketError: Failed to open TCP connection to acosys-demo.citizenlab.co:443 (getaddrinfo: nodename nor servname provided,Citizenlab web app working
4b9bd65d-869e-4dc6-aafb-ced732ae2f57,agendadigitalrd.citizenlab.co,churned,,2020-12-10 14:49:55,SocketError: Failed to open TCP connection to agendadigitalrd.citizenlab.co:443 (getaddrinfo: nodename nor servname provided,Citizenlab web app working
04db8880-25ee-4f9c-8511-171ba265432a,antucoyaparticipa.cl,active,,2021-02-08 23:19:58,SocketError: Failed to open TCP connection to antucoyaparticipa.cl:443 (getaddrinfo: nodename nor servname provided,Citizenlab web app working
3f167863-0f13-40a9-a07a-c39bbdfa9012,barilocheparticipa.citizenlab.co,demo,,2022-02-02 15:45:52,SocketError: Failed to open TCP connection to barilocheparticipa.citizenlab.co:443 (getaddrinfo: nodename nor servname provided,Citizenlab web app working
54990280-bded-4313-856c-2b31f3c8502f,bienenroute.brussels,churned,DELETED,2018-06-24 13:47:24,SocketError: Failed to open TCP connection to bienenroute.brussels:443 (getaddrinfo: nodename nor servname provided,This site can’t be reached
286b8c23-8d29-430c-a9b6-796e2f7b3999,caimanespelambres.citizenlab.co,churned,,2021-02-21 16:00:55,SocketError: Failed to open TCP connection to caimanespelambres.citizenlab.co:443 (getaddrinfo: nodename nor servname provided,Citizenlab web app working
24c5cb00-390f-4679-aa79-b12b8cc79998,centinelaparticipa.cl,active,,2020-10-07 15:49:39,SocketError: Failed to open TCP connection to centinelaparticipa.cl:443 (getaddrinfo: nodename nor servname provided,Citizenlab web app working
bd1273cf-2acf-4454-b7e9-2da1eeda082a,conectados.citizenlab.co,churned,,2019-04-17 14:46:24,SocketError: Failed to open TCP connection to conectados.citizenlab.co:443 (getaddrinfo: nodename nor servname provided,Citizenlab web app working
789f9e9c-e6ad-41fc-bba8-a8fde4b45439,conectajusticia.minjusticia.gob.cl,churned,,2019-12-17 17:20:52,SocketError: Failed to open TCP connection to conectajusticia.minjusticia.gob.cl:443 (getaddrinfo: nodename nor servname provided,Citizenlab web app working
d0901bb6-ff6b-47f8-b7e1-f55361fe28b9,constitucion.citizenlab.co,churned,,2019-12-11 22:13:30,SocketError: Failed to open TCP connection to constitucion.citizenlab.co:443 (getaddrinfo: nodename nor servname provided,Citizenlab web app working
edca4fd7-56cc-47cb-852d-ad7d5e7a27c2,corrientes2030demo.citizenlab.co,demo,,2021-10-26 21:13:34,SocketError: Failed to open TCP connection to corrientes2030demo.citizenlab.co:443 (getaddrinfo: nodename nor servname provided,Citizenlab web app working
c30d1842-6891-4a53-bea8-d587e86f0b12,debatenuevaconstitucion.citizenlab.co,churned,,2022-07-27 11:32:48,SocketError: Failed to open TCP connection to debatenuevaconstitucion.citizenlab.co:443 (getaddrinfo: nodename nor servname provided,Citizenlab web app working
d5445de5-acac-416b-b7fc-00961ec07417,deltag.voresmaal.dk,churned,DELETED,2019-08-02 8:32:10,SocketError: Failed to open TCP connection to deltag.voresmaal.dk:443 (getaddrinfo: nodename nor servname provided,This site can’t be reached
73f1ece5-fc69-497b-8544-7ba82783f38a,democolbunmulchen.citizenlab.co,demo,,2022-04-25 8:48:35,SocketError: Failed to open TCP connection to democolbunmulchen.citizenlab.co:443 (getaddrinfo: nodename nor servname provided,Citizenlab web app working
437876ed-e61d-49bb-a60f-d1cf129476b8,demolaserena.citizenlab.co,demo,,2023-02-15 11:42:26,SocketError: Failed to open TCP connection to demolaserena.citizenlab.co:443 (getaddrinfo: nodename nor servname provided,Citizenlab web app working
6618ad24-5c08-417e-9171-1f9906eef23e,demominmineria.citizenlab.co,demo,,2022-10-19 11:42:53,SocketError: Failed to open TCP connection to demominmineria.citizenlab.co:443 (getaddrinfo: nodename nor servname provided,Citizenlab web app working
fc8b32da-4aa0-48a6-82f5-525426d85fb8,demorenca.citizenlab.co,demo,,2022-06-08 21:29:01,SocketError: Failed to open TCP connection to demorenca.citizenlab.co:443 (getaddrinfo: nodename nor servname provided,Citizenlab web app working
8b573cc7-72c0-4041-b947-718ec80e3d76,denkmee.katwijk.nl,churned,DELETED,2021-01-18 12:17:41,SocketError: Failed to open TCP connection to denkmee.katwijk.nl:443 (getaddrinfo: nodename nor servname provided,This site can’t be reached
1ec0d9e1-2672-49d4-97f2-6f8fb4ce0899,derechoshumanoslocales.cl,churned,DELETED,2020-10-07 15:55:52,SocketError: Failed to open TCP connection to derechoshumanoslocales.cl:443 (getaddrinfo: nodename nor servname provided,This site can’t be reached
506b3503-ff32-40d0-b0d6-78c392b2bf01,dialogaciudadcndu.citizenlab.co,churned,,2021-06-21 17:35:05,SocketError: Failed to open TCP connection to dialogaciudadcndu.citizenlab.co:443 (getaddrinfo: nodename nor servname provided,Citizenlab web app working
795d61e2-f026-4d13-b2e4-81fbd4ef54c4,dialogonacional.citizenlab.co,demo,,2022-02-02 15:12:42,SocketError: Failed to open TCP connection to dialogonacional.citizenlab.co:443 (getaddrinfo: nodename nor servname provided,Citizenlab web app working
5709cc84-3eda-4015-8715-f38b032f4af9,dialogoreformas3.citizenlab.co,active,,2022-01-19 12:10:41,SocketError: Failed to open TCP connection to dialogoreformas3.citizenlab.co:443 (getaddrinfo: nodename nor servname provided,Citizenlab web app working
d8f0f30c-439c-49b0-9f82-32bef8a0d6ae,digitalrd.citizenlab.co,churned,,2021-02-18 22:47:52,SocketError: Failed to open TCP connection to digitalrd.citizenlab.co:443 (getaddrinfo: nodename nor servname provided,Citizenlab web app working
d6c470a9-f087-4782-aabc-6c8683ce4949,ecpfl-demo.citizenlab.co,demo,DELETED,2021-08-24 13:53:18,SocketError: Failed to open TCP connection to ecpfl-demo.citizenlab.co:443 (getaddrinfo: nodename nor servname provided,No response
2703cf97-8c9c-48af-963b-f68f21c26275,ejealamedaprovidencia.citizenlab.co,demo,,2022-12-23 10:35:27,SocketError: Failed to open TCP connection to ejealamedaprovidencia.citizenlab.co:443 (getaddrinfo: nodename nor servname provided,Citizenlab web app working
f7378e4a-695d-41da-bf3c-2e49110203c9,girlsrights.citizenlab.co,churned,,2020-07-03 8:58:26,SocketError: Failed to open TCP connection to girlsrights.citizenlab.co:443 (getaddrinfo: nodename nor servname provided,Citizenlab web app working
e4818d1e-0328-4b7e-a2dd-16c890dff0eb,gorebiobiodemo.citizenlab.co,demo,,2022-11-21 10:15:12,SocketError: Failed to open TCP connection to gorebiobiodemo.citizenlab.co:443 (getaddrinfo: nodename nor servname provided,Citizenlab web app working
10ff8b7a-d2e0-43c1-9867-3c3610fdd3a2,https://naestvedchurned.citizenlab.co/,not_applicable,DELETED,2020-10-27 13:07:55,SocketError: Failed to open TCP connection to https:443 (getaddrinfo: nodename nor servname provided,This site can’t be reached
a678a659-5ac0-4ab0-8270-2da3a4081cc3,ideas.smartertogether.ca,churned,DELETED,2018-01-27 18:25:47,SocketError: Failed to open TCP connection to ideas.smartertogether.ca:443 (getaddrinfo: nodename nor servname provided,This site can’t be reached
580c4a77-6861-4d48-9f18-a93b966fb79e,inclusiondigitaleinclusie.be,churned,DELETED,2018-03-15 11:34:18,SocketError: Failed to open TCP connection to inclusiondigitaleinclusie.be:443 (getaddrinfo: nodename nor servname provided,This site can’t be reached
10f724d7-e584-4268-8d01-bd03101f52c8,jaiba.citizenlab.co,active,,2021-09-24 10:41:32,SocketError: Failed to open TCP connection to jaiba.citizenlab.co:443 (getaddrinfo: nodename nor servname provided,Citizenlab web app working
039daa28-2f5d-4950-8468-986cdd96742e,jaimelariche.fr,active,,2018-08-30 11:36:46,SocketError: Failed to open TCP connection to jaimelariche.fr:443 (getaddrinfo: nodename nor servname provided,This site can’t be reached
dad59814-875e-42d3-aed6-f43594522cd6,jerico.amigo.community,churned,DELETED,2020-08-11 10:08:28,SocketError: Failed to open TCP connection to jerico.amigo.community:443 (getaddrinfo: nodename nor servname provided,This site can’t be reached
0b6799f1-6fb3-481f-b6d3-f92a17971a5a,jskghiuehgergbekjgbejtkg.,churned,DELETED,2020-09-25 7:59:50,SocketError: Failed to open TCP connection to jskghiuehgergbekjgbejtkg.:443 (getaddrinfo: nodename nor servname provided,This site can’t be reached
56d426ef-922c-4944-9e3d-da947269a330,lab.pnud.org.pe,active,,2021-03-01 11:04:09,SocketError: Failed to open TCP connection to lab.pnud.org.pe:443 (getaddrinfo: nodename nor servname provided,Citizenlab web app working
80a2301f-0f8a-476c-8d47-dd6c8f942421,maipuparticipa.citizenlab.co,demo,,2022-02-09 10:34:29,SocketError: Failed to open TCP connection to maipuparticipa.citizenlab.co:443 (getaddrinfo: nodename nor servname provided,Citizenlab web app working
ecc14c04-e904-42c4-9e6d-b9c7c10fffc7,medellindemo.citizenlab.co,demo,,2022-03-09 14:49:03,SocketError: Failed to open TCP connection to medellindemo.citizenlab.co:443 (getaddrinfo: nodename nor servname provided,Citizenlab web app working
ad67c683-065f-4c12-9147-7d17b71b6630,metroparticipa.citizenlab.co,demo,,2022-07-11 16:12:34,SocketError: Failed to open TCP connection to metroparticipa.citizenlab.co:443 (getaddrinfo: nodename nor servname provided,Citizenlab web app working
b99a9ac8-6d10-416b-ba71-82d1e318e51d,mexico2-demo.citizenlab.co,demo,,2021-12-15 9:21:32,SocketError: Failed to open TCP connection to mexico2-demo.citizenlab.co:443 (getaddrinfo: nodename nor servname provided,Citizenlab web app working
3aeea9ec-47c3-4177-b538-d8a46b4f199e,mexico3-demo.citizenlab.co,demo,,2021-12-15 13:23:54,SocketError: Failed to open TCP connection to mexico3-demo.citizenlab.co:443 (getaddrinfo: nodename nor servname provided,Citizenlab web app working
94613ee0-12b9-4884-a1ec-5a027cf2cd6b,mineriasustentable.citizenlab.co,demo,,2021-07-23 18:54:45,SocketError: Failed to open TCP connection to mineriasustentable.citizenlab.co:443 (getaddrinfo: nodename nor servname provided,Citizenlab web app working
c2346bf1-7fec-4e3a-9536-6c886bfe8d1c,minvu.citizenlab.co,churned,,2020-10-07 16:04:12,SocketError: Failed to open TCP connection to minvu.citizenlab.co:443 (getaddrinfo: nodename nor servname provided,Citizenlab web app working
fa39ea65-fff3-4c31-817d-edb92fce4037,mopchile.citizenlab.co,churned,,2021-11-05 18:51:40,SocketError: Failed to open TCP connection to mopchile.citizenlab.co:443 (getaddrinfo: nodename nor servname provided,Citizenlab web app working
aded0d52-4571-45b7-bd7a-689975b370dc,municipiosenpandemia.citizenlab.co,churned,,2020-07-03 0:50:29,SocketError: Failed to open TCP connection to municipiosenpandemia.citizenlab.co:443 (getaddrinfo: nodename nor servname provided,Citizenlab web app working
6a617c19-ec47-47e6-92d1-6dac4bd9062c,novalima.citizenlab.co,active,,2022-09-07 13:54:17,SocketError: Failed to open TCP connection to novalima.citizenlab.co:443 (getaddrinfo: nodename nor servname provided,Citizenlab web app working
81715362-a820-4ab3-84ee-e715bdae5f38,nuestravozimporta.cl,churned,,2021-03-12 3:26:03,SocketError: Failed to open TCP connection to nuestravozimporta.cl:443 (getaddrinfo: nodename nor servname provided,Citizenlab web app working
26b6357c-6636-4d41-9c77-9be3177a1af9,nunoaparticipa.citizenlab.co,demo,,2022-06-24 16:02:13,SocketError: Failed to open TCP connection to nunoaparticipa.citizenlab.co:443 (getaddrinfo: nodename nor servname provided,Citizenlab web app working
8f63fb7c-086c-4d98-8fd8-5e4136243abe,participa.lareina.cl,active,,2023-01-09 11:24:31,SocketError: Failed to open TCP connection to participa.lareina.cl:443 (getaddrinfo: nodename nor servname provided,Citizenlab web app working
eb770247-1bd1-4952-a101-cbcdbc5a5a46,participa.mpudahuel.cl,churned,,2022-06-28 14:33:32,SocketError: Failed to open TCP connection to participa.mpudahuel.cl:443 (getaddrinfo: nodename nor servname provided,Citizenlab web app working
e6eb0be9-b6e7-4caf-908b-2c162969c725,participa.muniarica.cl,active,,2022-12-07 1:18:39,SocketError: Failed to open TCP connection to participa.muniarica.cl:443 (getaddrinfo: nodename nor servname provided,Citizenlab web app working
7cd81321-fb2e-44aa-b611-1369c0281357,participa.santiago2050.cl,active,,2022-07-04 17:07:48,SocketError: Failed to open TCP connection to participa.santiago2050.cl:443 (getaddrinfo: nodename nor servname provided,Citizenlab web app working
0b8cee85-36b5-4033-9a25-36e0393d3914,participacion.cecrea.cl,churned,,2020-09-29 16:31:18,SocketError: Failed to open TCP connection to participacion.cecrea.cl:443 (getaddrinfo: nodename nor servname provided,Citizenlab web app working
7383448d-a601-4a6e-9e4e-b9d1dcd92b50,participacion.digital.gob.cl,active,,2022-08-29 13:38:25,SocketError: Failed to open TCP connection to participacion.digital.gob.cl:443 (getaddrinfo: nodename nor servname provided,Citizenlab web app working
4294d645-2f67-46ee-ac1e-b3885d0daf1b,participacionambiental.citizenlab.co,churned,,2020-05-11 18:21:31,SocketError: Failed to open TCP connection to participacionambiental.citizenlab.co:443 (getaddrinfo: nodename nor servname provided,Citizenlab web app working
9d523872-637b-4ca5-bed7-75adda25b3f2,participaconenergia.citizenlab.co,demo,,2021-02-24 18:09:09,SocketError: Failed to open TCP connection to participaconenergia.citizenlab.co:443 (getaddrinfo: nodename nor servname provided,Citizenlab web app working
c44f7c38-7029-4078-b6e6-ad87818283cb,participaconenergia.minenergia.cl,active,,2021-10-28 16:29:24,SocketError: Failed to open TCP connection to participaconenergia.minenergia.cl:443 (getaddrinfo: nodename nor servname provided,Citizenlab web app working
72bf60f0-43f4-440d-aab5-2dc2c2237321,participaconserviu.citizenlab.co,demo,,2022-10-19 12:59:20,SocketError: Failed to open TCP connection to participaconserviu.citizenlab.co:443 (getaddrinfo: nodename nor servname provided,Citizenlab web app working
ba9cf243-fa37-446b-9975-836f820df650,participamop.citizenlab.co,demo,,2021-04-14 21:51:13,SocketError: Failed to open TCP connection to participamop.citizenlab.co:443 (getaddrinfo: nodename nor servname provided,Citizenlab web app working
a4e4d34b-b6ee-40a0-a8a0-388a861048af,participanoneutrales.cl,churned,DELETED,2020-10-27 21:41:21,SocketError: Failed to open TCP connection to participanoneutrales.cl:443 (getaddrinfo: nodename nor servname provided,This site can’t be reached
2331988f-5776-44b0-be7e-2a382690b96e,penalolenmascerca.cl,churned,,2019-05-31 12:56:42,SocketError: Failed to open TCP connection to penalolenmascerca.cl:443 (getaddrinfo: nodename nor servname provided,Citizenlab web app working
5b0092b0-8845-40b0-a8f6-ee176aa12c50,prc-demo.citizenlab.co,demo,,2021-05-02 15:33:12,SocketError: Failed to open TCP connection to prc-demo.citizenlab.co:443 (getaddrinfo: nodename nor servname provided,Citizenlab web app working
58da36e8-0bd6-49a4-9830-ef11c91f9038,projetmontpellier.fr,churned,DELETED,2019-11-08 10:55:07,SocketError: Failed to open TCP connection to projetmontpellier.fr:443 (getaddrinfo: nodename nor servname provided,This site can’t be reached
eb7990e2-d3cf-48fc-9006-1ee1d3a8f7ec,publicoescazu.cepal.org,active,,2022-08-08 15:51:18,SocketError: Failed to open TCP connection to publicoescazu.cepal.org:443 (getaddrinfo: nodename nor servname provided,Citizenlab web app working
c4b36ee7-265f-4fc1-8eb0-d9442ab45583,reconstruccionhonduras.citizenlab.co,demo,,2021-12-30 5:06:54,SocketError: Failed to open TCP connection to reconstruccionhonduras.citizenlab.co:443 (getaddrinfo: nodename nor servname provided,Citizenlab web app working
1ce3a612-c754-4869-abcb-772ebb65e14a,redmercosurfromargentina.citizenlab.co,churned,,2022-04-28 13:59:08,SocketError: Failed to open TCP connection to redmercosurfromargentina.citizenlab.co:443 (getaddrinfo: nodename nor servname provided,Citizenlab web app working
70872ff9-4aa5-4865-be14-d4267c000409,saanich.citizenlab.co,active,,2023-10-18 20:59:44,SocketError: Failed to open TCP connection to saanich.citizenlab.co:443 (getaddrinfo: nodename nor servname provided,Citizenlab web app working
d7f2212d-cc1d-474b-879e-4d4a9714b635,san-bernardo.citizenlab.co,churned,,2019-12-11 16:38:31,SocketError: Failed to open TCP connection to san-bernardo.citizenlab.co:443 (getaddrinfo: nodename nor servname provided,Citizenlab web app working
3e02ca0f-aeee-4e4d-8587-3e2d73086f4b,san-esteban.citizenlab.co,churned,,2019-12-11 22:16:43,SocketError: Failed to open TCP connection to san-esteban.citizenlab.co:443 (getaddrinfo: nodename nor servname provided,Citizenlab web app working
a420a6cf-8824-468c-a179-8ca91a2465f9,san-ramon.citizenlab.co,demo,,2020-11-04 16:47:28,SocketError: Failed to open TCP connection to san-ramon.citizenlab.co:443 (getaddrinfo: nodename nor servname provided,Citizenlab web app working
b98faf6a-8324-48b8-a3f1-07905fd31bbe,san-vicente.citizenlab.co,churned,,2019-12-11 16:49:18,SocketError: Failed to open TCP connection to san-vicente.citizenlab.co:443 (getaddrinfo: nodename nor servname provided,Citizenlab web app working
4fb3f5aa-33a7-41f7-8651-ff4d8c5559f8,saneamentodebasenatural.citizenlab.co,churned,,2022-03-28 20:00:31,SocketError: Failed to open TCP connection to saneamentodebasenatural.citizenlab.co:443 (getaddrinfo: nodename nor servname provided,Citizenlab web app working
9d4d68d4-3bc0-4011-a7fb-8321ad0acf30,sanisidroparticipa.citizenlab.co,churned,,2020-11-30 17:07:51,SocketError: Failed to open TCP connection to sanisidroparticipa.citizenlab.co:443 (getaddrinfo: nodename nor servname provided,Citizenlab web app working
39f085d7-07f1-41e8-849b-c92c9d198600,sanpedrodecide-demo.citizenlab.co,demo,,2021-12-15 8:30:45,SocketError: Failed to open TCP connection to sanpedrodecide-demo.citizenlab.co:443 (getaddrinfo: nodename nor servname provided,Citizenlab web app working
22054193-73ce-48dd-8ea7-53eca53f233a,santaanatzacuala-hidalgo.citizenlab.co,active,,2022-05-30 17:20:47,SocketError: Failed to open TCP connection to santaanatzacuala-hidalgo.citizenlab.co:443 (getaddrinfo: nodename nor servname provided,Citizenlab web app working
9597e2a1-a8dd-41cc-91d8-2c8a480769c5,santiago.demo.citizenlab.co,demo,,2020-01-27 11:26:31,SocketError: Failed to open TCP connection to santiago.demo.citizenlab.co:443 (getaddrinfo: nodename nor servname provided,Citizenlab web app working
588055c2-885a-4feb-9747-05700bff1509,senama.demo.citizenlab.co,demo,,2020-02-05 17:25:58,SocketError: Failed to open TCP connection to senama.demo.citizenlab.co:443 (getaddrinfo: nodename nor servname provided,Citizenlab web app working
43473120-48db-4173-ba38-488eaf2b0c5f,speakup2019.be,churned,DELETED,2018-05-08 7:09:30,SocketError: Failed to open TCP connection to speakup2019.be:443 (getaddrinfo: nodename nor servname provided,This site can’t be reached
20830e34-f7b6-4284-8a31-698712906275,statkraftparticipa.citizenlab.co,churned,,2020-10-07 14:37:42,SocketError: Failed to open TCP connection to statkraftparticipa.citizenlab.co:443 (getaddrinfo: nodename nor servname provided,Citizenlab web app working
486973fd-52a5-467b-9f26-67e969a0578e,talca.citizenlab.co,churned,,2021-09-27 14:06:09,SocketError: Failed to open TCP connection to talca.citizenlab.co:443 (getaddrinfo: nodename nor servname provided,Citizenlab web app working
da989cd6-0dfb-4285-a582-13835f76ce2c,toronto-ward-18.citizenlab.co,active,,2023-10-26 22:19:00,SocketError: Failed to open TCP connection to toronto-ward-18.citizenlab.co:443 (getaddrinfo: nodename nor servname provided,Citizenlab web app working
2e70a1ad-e886-4566-95c1-59f5168e332c,tppcoronel.cl,churned,DELETED,2020-09-29 16:33:46,SocketError: Failed to open TCP connection to tppcoronel.cl:443 (getaddrinfo: nodename nor servname provided,This site can’t be reached
035c4fe1-55ca-4ab6-a765-ffcb0c0c53ea,tumunicipio.citizenlab.co,demo,,2021-02-23 19:20:13,SocketError: Failed to open TCP connection to tumunicipio.citizenlab.co:443 (getaddrinfo: nodename nor servname provided,Citizenlab web app working
0d44a552-6904-4c57-b42f-5d28b49bafde,vinadelmarparticipa.citizenlab.co,demo,,2022-08-22 15:34:11,SocketError: Failed to open TCP connection to vinadelmarparticipa.citizenlab.co:443 (getaddrinfo: nodename nor servname provided,Citizenlab web app working
8a0a62cb-e9d9-4a9a-89d6-e83236e10c85,vitacuraparticipa.citizenlab.co,churned,,2022-09-27 8:45:13,SocketError: Failed to open TCP connection to vitacuraparticipa.citizenlab.co:443 (getaddrinfo: nodename nor servname provided,Citizenlab web app working
36076bf0-0721-4329-9747-aa97ca5a6549,www.demain-mont-saint-guibert.be,churned,DELETED,2017-11-13 15:39:33,SocketError: Failed to open TCP connection to www.demain-mont-saint-guibert.be:443 (getaddrinfo: nodename nor servname provided,This site can’t be reached
2f345af2-f792-45b5-9262-e3cecb291114,www.govchat.org.za,churned,DELETED,2018-02-10 14:41:15,SocketError: Failed to open TCP connection to www.govchat.org.za:443 (getaddrinfo: nodename nor servname provided,This site can’t be reached
2e7503e0-c386-45ff-a70a-5f5ecb187ca8,www.onscranendonck.nu,churned,DELETED,2017-05-14 13:41:28,SocketError: Failed to open TCP connection to www.onscranendonck.nu:443 (getaddrinfo: nodename nor servname provided,This site can’t be reached
95563423-030e-427a-b876-e6404d39c443,www.reconstruisonsverviers.be,churned,DELETED,2018-04-19 13:46:51,SocketError: Failed to open TCP connection to www.reconstruisonsverviers.be:443 (getaddrinfo: nodename nor servname provided,This site can’t be reached
6ab834d8-e18a-4ea2-bd8a-90d4a8a97687,yfvgvghkjgliugfucfgcv.,churned,DELETED,2021-10-25 14:53:11,SocketError: Failed to open TCP connection to yfvgvghkjgliugfucfgcv.:443 (getaddrinfo: nodename nor servname provided,This site can’t be reached
de30884e-3b35-4f03-ab41-764279958ffa,youth4climate.be,churned,DELETED,2019-01-23 19:41:08,SocketError: Failed to open TCP connection to youth4climate.be:443 (getaddrinfo: nodename nor servname provided,This site can’t be reached
0802ec4a-f25e-46be-a26e-ae6f91236f95,zuurstof.be,churned,,2020-08-26 10:34:36,SocketError: Failed to open TCP connection to zuurstof.be:443 (getaddrinfo: nodename nor servname provided,This site can’t be reached