name,provider,category,sslCertificate,wildCardDomain,setSpamGeoBlock,setHSTSLambda,LoadBalancerDomain,s3Assets
cl2-cf-pfaffenhausen,CloudFormation,Deploy,arn:aws:acm:us-east-1:389841910643:certificate/94b6ca06-5155-453e-9783-8ff4e17bc244,www.zukunft-pfaffenhausen.de,,,,
cl2-cf-vub,CloudFormation,Deploy,arn:aws:acm:us-east-1:389841910643:certificate/ea396029-bb95-44c8-8bb5-fd572949a39f,engage.vub.be,TRUE,,,
cl2-cf-augustusburg,CloudFormation,Deploy,arn:aws:acm:us-east-1:389841910643:certificate/f370e34e-c1a4-45db-915a-1163b1a80032,www.meinaugustusburg.de,,,,
cl2-cf-mont-saint-guibert,CloudFormation,Deploy,arn:aws:acm:us-east-1:389841910643:certificate/ab877c9a-aee6-47c6-836e-0576d42e4784,www.demain-mont-saint-guibert.be,,,,
cl2-cf-govchat,CloudFormation,Deploy,arn:aws:acm:us-east-1:389841910643:certificate/a495eb96-8a06-4ab4-9b29-ce5ce5a98b45,www.govchat.org.za,,,,
cl2-cf-bodo,CloudFormation,Deploy,arn:aws:acm:us-east-1:389841910643:certificate/438e1f9b-a59c-44a9-8689-9b80eccb9225,www.bodobylab.no,,,,
cl2-cf-vlaams-brabant,CloudFormation,Deploy,arn:aws:acm:us-east-1:389841910643:certificate/3dd376fe-f649-441c-b394-a7ef7fa8d97f,mijnideevoorvlaamsbrabant.be,,,,
cl2-cf-cranendonck,CloudFormation,Deploy,arn:aws:acm:us-east-1:389841910643:certificate/b9bf57d7-b1c3-4d17-832d-e6aad2e1a0d7,www.onscranendonck.nu,,,,
cl2-cf-reconstruisonsverviers.be,CloudFormation,Deploy,arn:aws:acm:us-east-1:389841910643:certificate/948b1083-b603-4931-aea3-4b47f4e7992c,www.reconstruisonsverviers.be,,,,
cl2-cf-limburg,CloudFormation,Deploy,arn:aws:acm:us-east-1:389841910643:certificate/96282444-d351-4a7a-af1b-2593d1ff582e,www.welklimburgwiljij.be,,,,
cl2-cf-smartcitybrussels,CloudFormation,Deploy,arn:aws:acm:us-east-1:389841910643:certificate/f328a344-d3e6-4c21-9578-bdd67f3c3060,participate.smartcity.brussels,TRUE,,,
cl2-cf-mortsel,CloudFormation,Deploy,arn:aws:acm:us-east-1:389841910643:certificate/60dfcd86-e043-48c3-92e1-b1290cef45fe,www.mortselinbeweging.be,,,,
cl2-cf-steenokkerzeel,CloudFormation,Deploy,arn:aws:acm:us-east-1:389841910643:certificate/1c0fb4b8-2c9b-44f6-af8c-84a5a7a1d39b,mijngedacht.steenokkerzeel.be,,,,
cl2-cf-jaimerueil,CloudFormation,Deploy,arn:aws:acm:us-east-1:389841910643:certificate/b360f852-e831-48c1-90e9-31b48ecc0a92,jaimerueiljeparticipe.fr,,,,
cl2-cf-frw,CloudFormation,Deploy,arn:aws:acm:us-east-1:389841910643:certificate/46427cf4-4c7d-46a3-bc89-6b0bd4e8a549,participation.frw.be,,,,
cl2-cf-wapeisje,CloudFormation,Deploy,arn:aws:acm:us-east-1:389841910643:certificate/196b079a-8e95-4300-8ecf-df2d68ed570d,wapeisje.be,,,,
cl2-cf-bermuda,CloudFormation,Deploy,arn:aws:acm:us-east-1:389841910643:certificate/c627b414-814c-4bda-b7be-4a3fe4b27bf3,forum.gov.bm,TRUE,,,
cl2-cf-grandparissud,CloudFormation,Deploy,arn:aws:acm:us-east-1:389841910643:certificate/d9db0e1f-f1d9-4229-8452-bdbc5f1d9d54,participer.grandparissud.fr,TRUE,,,
cl2-cf-harderwijk,CloudFormation,Deploy,arn:aws:acm:us-east-1:389841910643:certificate/0f1dbc40-5207-4ad3-8030-0ea63926da5c,onlinestadsgesprek.harderwijk.nl,,,,
cl2-cf-niel,CloudFormation,Deploy,arn:aws:acm:us-east-1:389841910643:certificate/1ae27d65-f329-430a-af1c-ac1e2775ab0c,participatie.niel.be,,,,
cl2-cf-ideas4planet,CloudFormation,Deploy,arn:aws:acm:us-east-1:389841910643:certificate/1831d170-63be-4558-b1bc-49d5c17b286b,ideas4planet.be,,,,
cl2-cf-inclusiondigitaleinclusie,CloudFormation,Deploy,arn:aws:acm:us-east-1:389841910643:certificate/91018897-c7ca-48a8-a646-81df00f3481e,inclusiondigitaleinclusie.be,,,,
cl2-cf-bienenroute,CloudFormation,Deploy,arn:aws:acm:us-east-1:389841910643:certificate/b6601046-946e-4211-abf1-72ee5119fa3e,bienenroute.brussels,,,,
cl2-cf-laarne,CloudFormation,Deploy,arn:aws:acm:us-east-1:389841910643:certificate/51a295fa-5843-410b-ae15-4cae20e18583,participatie.laarne.be,,,,
cl2-cf-sint-niklaas,CloudFormation,Deploy,arn:aws:acm:us-east-1:389841910643:certificate/cefc9b00-dd24-4cf9-bb1a-bbd477f17f27,inspraak.sint-niklaas.be,,,,
cl2-cf-woppem,CloudFormation,Deploy,arn:aws:acm:us-east-1:389841910643:certificate/d4ba1f0b-290f-493a-8c59-d0869ad93266,idee-wo.be,,,,
cl2-cf-lariche,CloudFormation,Deploy,arn:aws:acm:us-east-1:389841910643:certificate/7c27e271-0c30-4a73-9da6-bfde7a41fbc9,jaimelariche.fr,,,,
cl2-cf-orsay,CloudFormation,Deploy,arn:aws:acm:us-east-1:389841910643:certificate/6decd501-dcf0-44f2-bb4b-64d28839bc5b,participez.mairie-orsay.fr,,,,
cl2-cf-kortrijk,CloudFormation,Deploy,arn:aws:acm:us-east-1:389841910643:certificate/be4fb6e2-d546-431b-959a-8a85524357c7,kortrijkspreekt.be,,,,
cl2-cf-grigny91,CloudFormation,Deploy,arn:aws:acm:us-east-1:389841910643:certificate/4be5ee0e-f526-4f23-947c-3b61076bfa56,participationcitoyenne.grigny91.fr,,,,
cl2-cf-youth4climate,CloudFormation,Deploy,arn:aws:acm:us-east-1:389841910643:certificate/1e334e56-6c4a-49f7-80c6-ac981cac70b3,youth4climate.be,TRUE,,,
cl2-cf-zwevegem,CloudFormation,Deploy,arn:aws:acm:us-east-1:389841910643:certificate/e09cf773-a811-4159-b981-76e016a686f0,zwevegemparticipeert.be,,,,
cl2-cf-cusset,CloudFormation,Deploy,arn:aws:acm:us-east-1:389841910643:certificate/dce7ea42-33be-462b-9a52-ca9e0a447981,jeparticipe-cusset.com,,,,
cl-cf-kinrooi,CloudFormation,Deploy,arn:aws:acm:us-east-1:389841910643:certificate/ec30128e-6cc2-42d2-9817-a97ce5c69497,kinrooimeemaken.be,,,,
cl-cf-aalsmeer,CloudFormation,Deploy,arn:aws:acm:us-east-1:389841910643:certificate/a49e3441-fa5c-4903-9e9a-66efb5e88e63,participatie.aalsmeer.nl,,TRUE,,
cl2-cf-leuven,CloudFormation,Deploy,arn:aws:acm:us-east-1:389841910643:certificate/4873d666-5bc0-4451-af58-05555985d780,leuvenmaakhetmee.be,,,,
cl2-cf-speakup,CloudFormation,Deploy,arn:aws:acm:us-east-1:389841910643:certificate/7e87216a-2825-4a27-848b-d718a64481d9,speakup2019.be,,,,
cl2-cf-waregem,CloudFormation,Deploy,arn:aws:acm:us-east-1:389841910643:certificate/949b045e-5d3e-4dbe-83bd-e5febb64f74d,denkmeemet.waregem.be,,,,
cl-cf-hoogstraten,CloudFormation,Deploy,arn:aws:acm:us-east-1:389841910643:certificate/5c7fee0e-7734-4e9e-8ba0-b329d441e318,denkmee-hoogstraten.be,,,,
cl2-cf-urbanlab,CloudFormation,Deploy,arn:aws:acm:us-east-1:389841910643:certificate/2c272260-732b-4fa7-8482-55cf2ecdd95c,monquartierinnove.fr,,,,
cl2-cf-wuustwezel,CloudFormation,Deploy,arn:aws:acm:us-east-1:389841910643:certificate/fd7fb934-e21e-4648-91c8-61d012c80365,wuustwezelwenst.be,,,,
cl2-cf-oudenaarde,CloudFormation,Deploy,arn:aws:acm:us-east-1:389841910643:certificate/67d2f3d6-e4ce-4069-bf83-93a32355f5c4,inspraak.oudenaarde.be,,,,
cl2-cf-ninove,CloudFormation,Deploy,arn:aws:acm:us-east-1:389841910643:certificate/636575d8-0365-427d-804d-55bdd57ed0ed,mijn.ninove.be,,,,
cl2-cf-hasselt,CloudFormation,Deploy,arn:aws:acm:us-east-1:389841910643:certificate/24b2ebb7-cdf9-4a6a-bbdd-53984472f5e9,ideevoor.hasselt.be,,,,
cl2-cf-ichtegem,CloudFormation,Deploy,arn:aws:acm:us-east-1:389841910643:certificate/3e756bb8-b021-45f9-a0f6-84a14ddeb12d,ichtegeminspireert.be,,,,
cl2-cf-lokeren,CloudFormation,Deploy,arn:aws:acm:us-east-1:389841910643:certificate/36510ae6-fada-4db4-8d04-573130aea96f,denkmee.lokeren.be,,,,
cl2-cf-herzele,CloudFormation,Deploy,arn:aws:acm:us-east-1:389841910643:certificate/d6263161-71ac-4481-8c10-d81bb072fa17,denkeensh.herzele.be,,,,
cl2-cf-creamos,CloudFormation,Deploy,arn:aws:acm:us-east-1:389841910643:certificate/cb147717-e91b-408d-b4d1-c9d2bce1fc89,creamos.injuv.cl,,,,
cl2-cf-penalolen,CloudFormation,Deploy,arn:aws:acm:us-east-1:389841910643:certificate/d52bb8c5-2be4-4d8b-99ff-f1a85ca910db,penalolenmascerca.cl,,,prd-sam.cluster.citizenlab.eu,cl2-tenants-prd-sam.s3.amazonaws.com
cl-cf-amstelveen,CloudFormation,Deploy,arn:aws:acm:us-east-1:389841910643:certificate/7c32be21-68b6-4306-bd74-86c77924be83,denkmee.amstelveen.nl,TRUE,TRUE,,
cl-cf-harelbeke,CloudFormation,Deploy,arn:aws:acm:us-east-1:389841910643:certificate/3985c3d7-42a7-44a6-bca3-bafcf481b97e,hallo.harelbeke.be,,,,
cl-cf-koksijde,CloudFormation,Deploy,arn:aws:acm:us-east-1:389841910643:certificate/42331e32-4019-4a7d-8757-f6a9d743a97f,iedereenmee.koksijde.be,TRUE,TRUE,,
cl-cf-rotselaar,CloudFormation,Deploy,arn:aws:acm:us-east-1:389841910643:certificate/20c41066-448a-4341-98fd-d706dd89823e,maakjebuurtmee.rotselaar.be,,,,
cl-cf-medemblik,CloudFormation,Deploy,arn:aws:acm:us-east-1:389841910643:certificate/4173c0b2-9b24-4760-b435-b36cab9dc2be,samen.medemblik.nl,,,,
cl-cf-linz,CloudFormation,Deploy,arn:aws:acm:us-east-1:389841910643:certificate/ac5c15ba-dc02-45ac-90ae-c15be7ecdaa7,innovationshauptplatz.linz.at,,,,
cl-cf-hollandskroon,CloudFormation,Deploy,arn:aws:acm:us-east-1:389841910643:certificate/f6e1dd82-1d85-4c8d-aae4-c695321b6d0e,denkmee.hollandskroon.nl,,TRUE,,
cl-cf-kalmthout,CloudFormation,Deploy,arn:aws:acm:us-east-1:389841910643:certificate/8101c15f-f0e2-4c94-8304-1e3080b46992,denkmee.kalmthout.be,,,,
cl-cf-engis,CloudFormation,Deploy,arn:aws:acm:us-east-1:389841910643:certificate/a2383901-7784-49ee-966d-17362ac36fb9,citoyen.engis.be,,,,
cl-cf-montpellier,CloudFormation,Deploy,arn:aws:acm:us-east-1:389841910643:certificate/19280f84-790e-420d-80c7-f89b289ee9d9,projetmontpellier.fr,,,,
cl-cf-deloitte,CloudFormation,Deploy,arn:aws:acm:us-east-1:389841910643:certificate/69bb4e4f-e520-4cd8-880b-f684771329bb,deltag.voresmaal.dk,,,,
cl-cf-haacht,CloudFormation,Deploy,arn:aws:acm:us-east-1:389841910643:certificate/e46582bf-1b40-42b7-9fab-a5adffd93cdf,hecht.haacht.be,,,,
cl-cf-leiden,CloudFormation,Deploy,arn:aws:acm:us-east-1:389841910643:certificate/3d3a4b44-522a-4c35-951a-f8624039f111,doemee.leiden.nl,TRUE,,,
cl-cf-maasmechelen,CloudFormation,Deploy,arn:aws:acm:us-east-1:389841910643:certificate/b134608e-013e-4c40-acf5-68893a27d21a,maasmechelenmeemaken.be,,,,
cl-cf-lampa,CloudFormation,Deploy,arn:aws:acm:us-east-1:389841910643:certificate/a96af114-5e87-4fdb-aa2c-3e0db63a2b2c,consultaciudadanalampa.cl,,,prd-sam.cluster.citizenlab.eu,cl2-tenants-prd-sam.s3.amazonaws.com
cl-cf-conectajusticia,CloudFormation,Deploy,arn:aws:acm:us-east-1:389841910643:certificate/4edf67ac-552d-43f6-9e67-b9c2f2500222,conectajusticia.minjusticia.gob.cl,,,prd-sam.cluster.citizenlab.eu,cl2-tenants-prd-sam.s3.amazonaws.com
cl-cf-horsholm,CloudFormation,Deploy,arn:aws:acm:us-east-1:389841910643:certificate/2e79c2e6-d931-40d2-bbf1-886848c5863d,borgerlab.horsholm.dk,,,,
cl-cf-goodplanet,CloudFormation,Deploy,arn:aws:acm:us-east-1:389841910643:certificate/34ffffa1-072d-40cf-9e01-28b9911ddbcc,goodlab.be,,,,
cl-cf-malle,CloudFormation,Deploy,arn:aws:acm:us-east-1:389841910643:certificate/7274eb05-c32f-434b-bb2e-aae52996c933,denkmee.malle.be,,,,
cl-cf-participatransparente,CloudFormation,Deploy,arn:aws:acm:us-east-1:389841910643:certificate/af541506-2219-4d7a-9fe6-e131f02c6119,participatransparente.cl,,,prd-sam.cluster.citizenlab.eu,cl2-tenants-prd-sam.s3.amazonaws.com
cl-cf-dendermonde,CloudFormation,Deploy,arn:aws:acm:us-east-1:389841910643:certificate/8085e97d-4f17-4488-9d5f-e90150d51078,denkmee.dendermonde.be,,,,
cl-cf-forum-belge,CloudFormation,Deploy,arn:aws:acm:us-east-1:389841910643:certificate/70d012e0-62ed-453e-a07b-b2f264d2b3cd,forum.urbansecurity.be,,,,
cl-cf-wunsiedel,CloudFormation,Deploy,arn:aws:acm:us-east-1:389841910643:certificate/acaa7cfd-f98e-434d-ae0a-c8da22e41cba,mach-mit.freiraum-fichtelgebirge.de,,,,
cl-cf-nl2025,CloudFormation,Deploy,arn:aws:acm:us-east-1:389841910643:certificate/e4648ceb-b9f1-436f-b47b-a22ed2227f40,idee.namensnederland.nl,,,,
cl-cf-almere,CloudFormation,Deploy,arn:aws:acm:us-east-1:389841910643:certificate/58c9398d-3943-48c7-af95-e0b3fe4f6ec6,stadsgesprekken.almere.nl,TRUE,TRUE,,
cl-cf-noordwijk,CloudFormation,Deploy,arn:aws:acm:us-east-1:389841910643:certificate/3d2da8f4-f85c-422f-b189-643213482cc5,samen.noordwijk.nl,,,,
cl-cf-nuuk,CloudFormation,Deploy,arn:aws:acm:us-east-1:389841910643:certificate/8bb206b5-c30e-4795-a504-155eed4b3e25,kommuneqarfiga.sermersooq.gl,,,,
cl-cf-cascade,CloudFormation,Deploy,arn:aws:acm:us-east-1:389841910643:certificate/292e2c83-c2e1-4517-a14f-d10d29a5c79c,communitystream.co.uk,,,prd-uk.cluster.citizenlab.eu,cl2-tenants-prd-uk.s3.amazonaws.com
cl-cf-altena,CloudFormation,Deploy,arn:aws:acm:us-east-1:389841910643:certificate/63e2d22e-3882-4e19-ad6e-8953e09a7dc0,aandeslag.gemeentealtena.nl,,,,
cl-cf-dongen,CloudFormation,Deploy,arn:aws:acm:us-east-1:389841910643:certificate/cf2b77b4-790f-4e44-90c4-ce53de80c8c3,samen.dongen.nl,,,,
cl-cf-wageningen,CloudFormation,Deploy,arn:aws:acm:us-east-1:389841910643:certificate/1beee9a6-bb7d-4967-9c15-c12e06b99624,stemvan.wageningen.nl,,,,
cl-cf-deinze,CloudFormation,Deploy,arn:aws:acm:us-east-1:389841910643:certificate/4a976fb7-d62d-4d4d-85a3-58cab9d3efa1,goedgezegd.deinze.be,,,,
cl-cf-newham,CloudFormation,Deploy,arn:aws:acm:us-east-1:389841910643:certificate/74a87c98-a1a7-4ede-b567-d3635cdd76e2,newhamco-create.co.uk,,,prd-uk.cluster.citizenlab.eu,cl2-tenants-prd-uk.s3.amazonaws.com
cl-cf-libdems,CloudFormation,Deploy,arn:aws:acm:us-east-1:389841910643:certificate/7cc7bd81-0b3e-4cd2-b4a7-c6bcc933863e,policylab.org.uk,,,,
cl-cf-wevelgem,CloudFormation,Deploy,arn:aws:acm:us-east-1:389841910643:certificate/48545de3-2870-4af7-85c2-bf7408513642,inspraak.wevelgem.be,,,,
cl-cf-mobiliteitsvisievl,CloudFormation,Deploy,arn:aws:acm:us-east-1:389841910643:certificate/b9aea4f7-053a-47d0-8fc7-4fbbc02f0346,mobiliteitsvisie2040.vlaanderen.be,TRUE,,,
cl-cf-winsford,CloudFormation,Deploy,arn:aws:acm:us-east-1:389841910643:certificate/77f3e7bd-c577-43eb-9940-d77426c4208d,involve.winsford.gov.uk,,,,
cl-cf-beveren,CloudFormation,Deploy,arn:aws:acm:us-east-1:389841910643:certificate/0a941f44-de4c-46b8-bcc7-4afcafeb57ce,mijnmening.beveren.be,,,,
cl-bydel-alna,CloudFormation,Deploy,arn:aws:acm:us-east-1:389841910643:certificate/3d23b950-e164-4111-9d90-0bf0bc8cb72a,alnainvolverer.no,,,,
cl-cf-menen,CloudFormation,Deploy,arn:aws:acm:us-east-1:389841910643:certificate/6b4bfda9-4dea-48c8-a358-7a1bd9026c01,samen.menen.be,,,,
cl-cf-vistry-partnerships,CloudFormation,Deploy,arn:aws:acm:us-east-1:389841910643:certificate/9cb93de7-6529-4bfd-9488-af912e3cb3e7,meridianoneconsultation.co.uk,,,prd-uk.cluster.citizenlab.eu,cl2-tenants-prd-uk.s3.amazonaws.com
cl-cf-furesoe,CloudFormation,Deploy,arn:aws:acm:us-east-1:389841910643:certificate/720b5282-aa8b-49cb-99fa-afdd4970e0be,deltag.furesoe.dk,TRUE,,,
cl-cf-odsherred,CloudFormation,Deploy,arn:aws:acm:us-east-1:389841910643:certificate/c2ad4497-5e3a-487f-836a-7a723f3d58b8,borgernet.odsherred.dk,TRUE,,,
cl-cf-gent,CloudFormation,Deploy,arn:aws:acm:us-east-1:389841910643:certificate/27028150-823e-4184-9cf6-7fa88a23e3f0,participatie.stad.gent,TRUE,,,
cl-cf-gamleoslo,CloudFormation,Deploy,arn:aws:acm:us-east-1:389841910643:certificate/7b37ffb3-6057-4f40-b84c-c6f537cb30df,gamleosloinvolverer.no,,,,
cl-cf-cecrea,CloudFormation,Deploy,arn:aws:acm:us-east-1:389841910643:certificate/6da23068-8de3-479d-8a8c-a6fb65d50ee0,participacion.cecrea.cl,,,prd-sam.cluster.citizenlab.eu,cl2-tenants-prd-sam.s3.amazonaws.com
cl-cf-herentals,CloudFormation,Deploy,arn:aws:acm:us-east-1:389841910643:certificate/5eb51043-ab3f-42c4-92fb-16c71c751e1f,pakaan.herentals.be,,,,
cl-cf-nieuwkoop-nl,CloudFormation,Deploy,arn:aws:acm:us-east-1:389841910643:certificate/73102413-edaa-4300-80c6-02cd33b15f47,denkmee.nieuwkoop.nl,,,,
cl-cf-lancasterpa,CloudFormation,Deploy,arn:aws:acm:us-east-1:389841910643:certificate/1bd23b19-e2b0-46a4-90a3-36f2e6c2927a,engage.cityoflancasterpa.com,TRUE,,prd-usw.cluster.citizenlab.eu,cl2-tenants-prd-usw.s3.amazonaws.com
cl-cf-isle-abeau,CloudFormation,Deploy,arn:aws:acm:us-east-1:389841910643:certificate/9998a004-941d-4ff2-82f7-3ca0387de123,jeparticipe.mairie-ida.fr,,,,
cl-cf-derechoshumanos,CloudFormation,Deploy,arn:aws:acm:us-east-1:389841910643:certificate/3feef3ed-f0c2-4a36-8aed-835aba0d2dd2,derechoshumanoslocales.cl,,,prd-sam.cluster.citizenlab.eu,cl2-tenants-prd-sam.s3.amazonaws.com
cl-cf-jerico-amigo,CloudFormation,Deploy,arn:aws:acm:us-east-1:389841910643:certificate/1aecc81d-e702-4639-9829-e461ec9d46d4,jerico.amigo.community,,,prd-sam.cluster.citizenlab.eu,cl2-tenants-prd-sam.s3.amazonaws.com
cl-cf-schagen,CloudFormation,Deploy,arn:aws:acm:us-east-1:389841910643:certificate/9d324c08-4eaf-4d0d-bb49-dce5d842215e,samen.schagen.nl,,,,
cl-cf-espace-environnement,CloudFormation,Deploy,arn:aws:acm:us-east-1:389841910643:certificate/c126df42-cd66-4d2f-9d1d-6611a83abb35,parti-cip.be,,,,
cl-dinamicaplataforma,CloudFormation,Deploy,arn:aws:acm:us-east-1:389841910643:certificate/bfac7060-1b3e-4e24-95ce-bd2eacea4cfe,tppcoronel.cl,,,prd-sam.cluster.citizenlab.eu,cl2-tenants-prd-sam.s3.amazonaws.com
cl-noneutrales,CloudFormation,Deploy,arn:aws:acm:us-east-1:389841910643:certificate/e9bdd1d0-103b-4ec9-8d14-00b19409ff79,participanoneutrales.cl,,,prd-sam.cluster.citizenlab.eu,cl2-tenants-prd-sam.s3.amazonaws.com
cl-cdenv,CloudFormation,Deploy,arn:aws:acm:us-east-1:389841910643:certificate/a1df4164-bfee-4642-beff-eef91e37af06,zuurstof.be,,,,
cl-utrecht,CloudFormation,Deploy,arn:aws:acm:us-east-1:389841910643:certificate/877871b7-ab66-4c27-8108-a6a361759fce,denkmee.utrecht.nl,TRUE,,,
cl-stirling,CloudFormation,Deploy,arn:aws:acm:us-east-1:389841910643:certificate/2a9213c2-9834-436c-991a-c767364c0d0a,engage.stirling.gov.uk,,,prd-uk.cluster.citizenlab.eu,cl2-tenants-prd-uk.s3.amazonaws.com
cl-sportengland,CloudFormation,Deploy,arn:aws:acm:us-east-1:389841910643:certificate/0c78b9d9-2dce-4e90-a700-b3a8c1f13c3e,strategyconsultation.sportengland.org,TRUE,,prd-uk.cluster.citizenlab.eu,cl2-tenants-prd-uk.s3.amazonaws.com
cl-hoeselt,CloudFormation,Deploy,arn:aws:acm:us-east-1:389841910643:certificate/31ac775f-f8b1-4b51-afc1-f39170869815,oergedach.hoeselt.be,,,,
cl-goes,CloudFormation,Deploy,arn:aws:acm:us-east-1:389841910643:certificate/aeefc4b9-c4c1-4b42-8405-c24460281dc3,goespraatmee.nl,,,,
cl-oegstgeest,CloudFormation,Deploy,arn:aws:acm:us-east-1:389841910643:certificate/4c041fd5-0f29-4223-8290-49a70ab1afea,doemee.oegstgeest.nl,,,,
cl-uden,CloudFormation,Deploy,arn:aws:acm:us-east-1:389841910643:certificate/c27b48d7-593a-4c77-b19a-d724a7613a3a,udenaanhetwoord.nl,,,,
cl-sport-vlaanderen,CloudFormation,Deploy,arn:aws:acm:us-east-1:389841910643:certificate/55f6d0db-aa0a-4312-a964-49cbb2eee39f,deeljeidee.sport.vlaanderen,TRUE,,,
cl-malinwa,CloudFormation,Deploy,arn:aws:acm:us-east-1:389841910643:certificate/bd99838c-4e79-4ae3-a1e3-f1f454dba53a,wijzijnmalinwa.be,,,,
cl-middelburg,CloudFormation,Deploy,arn:aws:acm:us-east-1:389841910643:certificate/33fb5a90-84ce-4184-ad36-2cfa277158bb,doemee.middelburgers.nl,,,,
cl-cf-vores-dn-dk,CloudFormation,Deploy,arn:aws:acm:us-east-1:389841910643:certificate/418d4d86-2f82-4b3a-9933-ec4afd320787,vores.dn.dk,TRUE,,,
cl-convencion-cultura,CloudFormation,Deploy,arn:aws:acm:us-east-1:389841910643:certificate/78dccd08-1d1b-4f5b-93f4-bbed0360725d,convencion.cultura.gob.cl,,,prd-sam.cluster.citizenlab.eu,cl2-tenants-prd-sam.s3.amazonaws.com
cl-alken,CloudFormation,Deploy,arn:aws:acm:us-east-1:389841910643:certificate/4eaeda12-f1cb-4909-a7dd-ff350be89595,doemee.alken.be,,,,
cl-wwf,CloudFormation,Deploy,arn:aws:acm:us-east-1:389841910643:certificate/705eb840-79cd-4993-b04c-0c7145796fc4,youthawards.wwf.be,TRUE,,,
cl-antony,CloudFormation,Deploy,arn:aws:acm:us-east-1:389841910643:certificate/91275af4-d916-4b34-b475-b41a1abb286c,participer.ville-antony.fr,,,,
cl-ulb,CloudFormation,Deploy,arn:aws:acm:us-east-1:389841910643:certificate/5a398d1e-dad0-4ac8-a83c-4bbaf7625695,backtocampus.ulb.be,,,,
cl-heerde,CloudFormation,Deploy,arn:aws:acm:us-east-1:389841910643:certificate/5c11e564-e570-418a-bb35-9ced722a0c35,samenwerkenaan.heerde.nl,,,,
cl-meulebeke,CloudFormation,Deploy,arn:aws:acm:us-east-1:389841910643:certificate/66e44c1f-979d-4578-8e3c-4a8423bd39c8,preus.meulebeke.be,,,,
cl-achtkarspelen,CloudFormation,Deploy,arn:aws:acm:us-east-1:389841910643:certificate/28fa20b9-e92c-448d-bded-5a6ab04dd0f5,denkmee.achtkarspelen.nl,,,,
cl-tytsjerksteradiel,CloudFormation,Deploy,arn:aws:acm:us-east-1:389841910643:certificate/48e8537b-649a-452c-b537-6309f138cb31,denkmee.t-diel.nl,,,,
cl-villedavray,CloudFormation,Deploy,arn:aws:acm:us-east-1:389841910643:certificate/202e1aea-7720-4716-8060-a87743bd94dc,demain.villedavray.fr,,,,
cl-hattem,CloudFormation,Deploy,arn:aws:acm:us-east-1:389841910643:certificate/d017260d-32d3-4294-864f-236e7cd02f42,samenhattem.nl,,TRUE,,
cl-tournai,CloudFormation,Deploy,arn:aws:acm:us-east-1:389841910643:certificate/6040b6ce-4f00-4240-b5df-5c1ff7e8011e,developpementrural.tournai.be,,,,
cl-odense-dk,CloudFormation,Deploy,arn:aws:acm:us-east-1:389841910643:certificate/7f1927d4-0233-439c-a106-ef33c52273bd,dialogportalen.odense.dk,TRUE,,,
cl-schouwen-duiveland,CloudFormation,Deploy,arn:aws:acm:us-east-1:389841910643:certificate/587aa6f7-25bf-41d4-9dcf-cecc903b4b35,denkmee.schouwen-duiveland.nl,,TRUE,,
cl-bourgoinjallieu,CloudFormation,Deploy,arn:aws:acm:us-east-1:389841910643:certificate/bd0615ef-18d3-49c2-b544-00a6a7d28a72,jeparticipe.bourgoinjallieu.fr,,,,
cl-peabody,CloudFormation,Deploy,arn:aws:acm:us-east-1:389841910643:certificate/cf2c8f79-78c4-446e-8fce-d647e85e0287,shapingthamesmeadnow.org.uk,,,prd-uk.cluster.citizenlab.eu,cl2-tenants-prd-uk.s3.amazonaws.com
cl-assens,CloudFormation,Deploy,arn:aws:acm:us-east-1:389841910643:certificate/1fe053ba-2564-443e-8bad-b879c55b6238,dialog.assens.dk,,,,
cl-britainthinks,CloudFormation,Deploy,arn:aws:acm:us-east-1:389841910643:certificate/36f1a757-0ca2-4015-a635-22a4034fd5ef,newplanforimmigration.com,,,prd-uk.cluster.citizenlab.eu,cl2-tenants-prd-uk.s3.amazonaws.com
cl-denhelder,CloudFormation,Deploy,arn:aws:acm:us-east-1:389841910643:certificate/936ff8f7-1ac3-488f-ba5e-b19d61308c0e,ingesprek.denhelder.nl,,,,
cl-onebrussels,CloudFormation,Deploy,arn:aws:acm:us-east-1:389841910643:certificate/9ea17d16-8fc3-408c-a237-c64cecc4679a,team.one.brussels,,,,
cl-opcion,CloudFormation,Deploy,arn:aws:acm:us-east-1:389841910643:certificate/96eb4ec5-adba-4fe6-a534-3c9a39903a04,nuestravozimporta.cl,,,prd-sam.cluster.citizenlab.eu,cl2-tenants-prd-sam.s3.amazonaws.com
cl-oirschot,CloudFormation,Deploy,arn:aws:acm:us-east-1:389841910643:certificate/66a68d20-5998-48ae-8dc2-aa3dbb296627,doemee-oirschot.nl,,,,
cl-kruisem,CloudFormation,Deploy,arn:aws:acm:us-east-1:389841910643:certificate/d79304d8-368e-4986-8b70-d440f0e40f6d,participatie.kruisem.be,,,,
cl-rungis,CloudFormation,Deploy,arn:aws:acm:us-east-1:389841910643:certificate/2ba9f116-6e7d-4c10-a10f-4af6320bf4ba,jeparticipe.rungis.fr,,,,
cl-valkenburg,CloudFormation,Deploy,arn:aws:acm:us-east-1:389841910643:certificate/ca178772-e9ce-401d-8025-0515de2730db,doemee.valkenburg.nl,,,,
cl-kortenberg,CloudFormation,Deploy,arn:aws:acm:us-east-1:389841910643:certificate/6b424fb4-3a39-4561-a531-08d5a7b4ef21,voluitsamen.kortenberg.be,,,,
cl-vlor,CloudFormation,Deploy,arn:aws:acm:us-east-1:389841910643:certificate/cdf010f3-5b2a-4217-ad38-11991ebb8249,deleraar.vlor.be,,,,
cl-kuurne,CloudFormation,Deploy,arn:aws:acm:us-east-1:389841910643:certificate/66cc91ca-68a1-4703-b041-a8e64c4472d6,wijzijn.kuurne.be,,,,
cl-bodegravenreeuwijk,CloudFormation,Deploy,arn:aws:acm:us-east-1:389841910643:certificate/ef5625dc-daa8-43e7-a2f9-6bdbe9c966bb,denkmee.bodegraven-reeuwijk.nl,,,,
cl-drechterland,CloudFormation,Deploy,arn:aws:acm:us-east-1:389841910643:certificate/1a5712c7-1888-4aa2-9bbe-1169c191d576,samen.drechterland.nl,,,,
cl-enkhuizen,CloudFormation,Deploy,arn:aws:acm:us-east-1:389841910643:certificate/cba4f73b-12a3-498f-b0f3-79e9bead1c5a,samen.enkhuizen.nl,,,,
cl-stedebroec,CloudFormation,Deploy,arn:aws:acm:us-east-1:389841910643:certificate/46d72440-0632-4383-94ae-232fa3f4b885,samen.stedebroec.nl,,,,
cl-berlaar,CloudFormation,Deploy,arn:aws:acm:us-east-1:389841910643:certificate/b07114a4-478d-444c-bce3-723c07a89540,samen.berlaar.be,,,,
cl-concordia-university,CloudFormation,Deploy,arn:aws:acm:us-east-1:389841910643:certificate/f74d62fe-f5f7-4578-b897-450f8488ff76,participation.concordia.ca,,,prd-can.cluster.citizenlab.eu,cl2-tenants-prd-can.s3.amazonaws.com
cl-maashorstaanhetwoord,CloudFormation,Deploy,arn:aws:acm:us-east-1:389841910643:certificate/5bdae7e4-4c94-4042-9166-741214f3996f,maashorstaanhetwoord.nl,,,,
cl-bergendal,CloudFormation,Deploy,arn:aws:acm:us-east-1:389841910643:certificate/9951c018-c565-4829-8888-50310406a4c6,samenbergendal.nl,,,,
cl-politidk,CloudFormation,Deploy,arn:aws:acm:us-east-1:389841910643:certificate/7af7b79f-bc1f-48df-ac7a-da7def7da7d6,mitkbhpoliti.dk,,,,
cl-vitry,CloudFormation,Deploy,arn:aws:acm:us-east-1:389841910643:certificate/b9887c5f-a31f-4d48-bcab-d08c63aa929f,participationcitoyenne.vitry94.fr,,,,
cl-hilversum,CloudFormation,Deploy,arn:aws:acm:us-east-1:389841910643:certificate/03bc18f3-c77b-4813-a0fd-ea1905270204,hilversum2040.nl,,,,
cl-newb,CloudFormation,Deploy,arn:aws:acm:us-east-1:389841910643:certificate/a0191126-7515-44b7-b99a-ea8116cf1831,labo.newb.coop,,,,
cl-restorationandrenewal,CloudFormation,Deploy,arn:aws:acm:us-east-1:389841910643:certificate/b5f69ef5-7ee9-4ce8-8ef9-66d1f27228be,engage.restorationandrenewal.uk,,,prd-uk.cluster.citizenlab.eu,cl2-tenants-prd-uk.s3.amazonaws.com
cl-roskilde,CloudFormation,Deploy,arn:aws:acm:us-east-1:389841910643:certificate/aabc5647-ea4a-4b77-ae82-b24fed596423,viskaber.roskilde.dk,TRUE,,,
cl-katwijk,CloudFormation,Deploy,arn:aws:acm:us-east-1:389841910643:certificate/f4a08da8-73b6-459e-be51-be88b4bf1cfb,denkmee.katwijk.nl,,,,
cl-ofw,CloudFormation,Deploy,arn:aws:acm:us-east-1:389841910643:certificate/5851661f-4263-4ef0-a11e-7f18d0d68e3b,praatmee.ofw.nl,,,,
cl-schoten,CloudFormation,Deploy,arn:aws:acm:us-east-1:389841910643:certificate/be98ae7c-910e-4018-a58b-ae87ccf70198,denkmee.schoten.be,,,,
cl-charenton,CloudFormation,Deploy,arn:aws:acm:us-east-1:389841910643:certificate/f35339cd-3364-44ec-940d-110c6f60fea3,plan-velo.charenton.fr,,,,
cl-oosterhout,CloudFormation,Deploy,arn:aws:acm:us-east-1:389841910643:certificate/309bb1f9-f41e-4a93-8b02-955d978390bd,doemee.oosterhout.nl,,,,
cl-frederikshavn,CloudFormation,Deploy,arn:aws:acm:us-east-1:389841910643:certificate/2abd982d-c6b2-47af-a332-10d3d32ce9a6,sammenom.frederikshavn.dk,TRUE,,,
cl-schoten2,CloudFormation,Deploy,arn:aws:acm:us-east-1:389841910643:certificate/af29c8c1-5959-49ad-8733-b408a66c27c4,praatmee.schoten.be,,,,
cl-temse,CloudFormation,Deploy,arn:aws:acm:us-east-1:389841910643:certificate/45c48c8d-79c4-44ad-a984-704945cdf94f,temsespreekt.be,,,,
cl-boom,CloudFormation,Deploy,arn:aws:acm:us-east-1:389841910643:certificate/540fa299-cfb9-41ac-955f-f441ae1c2ca7,geefsmaak.boom.be,,,,
cl-vias,CloudFormation,Deploy,arn:aws:acm:us-east-1:389841910643:certificate/60c82007-b103-47c9-8d6d-90f13b3b05c9,all-for-zero.be,,,,
cl-taunusstein,CloudFormation,Deploy,arn:aws:acm:us-east-1:389841910643:certificate/b6ce2e99-4522-4ed3-a4a6-f128f21cc004,gestalte.taunusstein.de,,,,
cl-brent,CloudFormation,Deploy,arn:aws:acm:us-east-1:389841910643:certificate/79515854-8b18-4fae-8992-f6c2a60fa378,haveyoursay.brent.gov.uk,TRUE,,prd-uk.cluster.citizenlab.eu,cl2-tenants-prd-uk.s3.amazonaws.com
cl-fehap,CloudFormation,Deploy,arn:aws:acm:us-east-1:389841910643:certificate/bd2a80a5-90ae-4ab9-a4cf-d28be97c5723,lavoixsolidaire.fehap.fr,TRUE,,,
cl-oldebroek,CloudFormation,Deploy,arn:aws:acm:us-east-1:389841910643:certificate/a1b73529-3499-48c8-825d-f95776adeaef,samenwerkenaan.oldebroek.nl,,,,
cl-houten,CloudFormation,Deploy,arn:aws:acm:us-east-1:389841910643:certificate/b56d2ed7-1532-4180-9ec8-2869aca6a209,houtenpraatmee.nl,,,,
cl-massy,CloudFormation,Deploy,arn:aws:acm:us-east-1:389841910643:certificate/5de26756-de34-4ed1-9ca5-9b01456ec7bc,jeparticipe.ville-massy.fr,,,,
cl-waddinxveen,CloudFormation,Deploy,arn:aws:acm:us-east-1:389841910643:certificate/9a3b9795-12fb-49b1-b7f8-9411323bb55f,waddsup.waddinxveen.nl,,,,
cl-losser,CloudFormation,Deploy,arn:aws:acm:us-east-1:389841910643:certificate/66527d51-6c3c-4c5a-b14a-a0c5d6aa0a93,meedoen.losser.nl,,TRUE,,
cl-zoersel,CloudFormation,Deploy,arn:aws:acm:us-east-1:389841910643:certificate/09c9c90e-acd9-47c0-98db-94042674db40,denkmee.zoersel.be,,,,
cl-wokingham,CloudFormation,Deploy,arn:aws:acm:us-east-1:389841910643:certificate/f52173fe-820a-4f70-a98f-7f957856ae84,engage.wokingham.gov.uk,,,prd-uk.cluster.citizenlab.eu,cl2-tenants-prd-uk.s3.amazonaws.com
cl-rudersdal,CloudFormation,Deploy,arn:aws:acm:us-east-1:389841910643:certificate/9c914267-78b9-454a-bd46-05161af1ca0f,sammenom.rudersdal.dk,TRUE,,,
cl-vilvoorde,CloudFormation,Deploy,arn:aws:acm:us-east-1:389841910643:certificate/a24c8723-d237-4bc3-ab48-d59e15ab3a24,mijn.vilvoorde.be,,,,
cl-charenton1,CloudFormation,Deploy,arn:aws:acm:us-east-1:389841910643:certificate/b0e08cba-1073-48e0-9e25-715aa7b3c7c0,lafabriquecitoyenne.charenton.fr,,,,
cl-projectcentre,CloudFormation,Deploy,arn:aws:acm:us-east-1:389841910643:certificate/1a7b4458-20c5-44de-8fcf-7c9a848c4b95,pclengagement-hub.co.uk,,,prd-uk.cluster.citizenlab.eu,cl2-tenants-prd-uk.s3.amazonaws.com
cl-oostende,CloudFormation,Deploy,arn:aws:acm:us-east-1:389841910643:certificate/36b9e529-475c-4aed-9f46-f4814c4894aa,ons.oostende.be,,,,
cl-evergem,CloudFormation,Deploy,arn:aws:acm:us-east-1:389841910643:certificate/9fec4bc6-5b92-4064-9d79-cdad3e82d08c,wijmakenevergem.be,,,,
cl-frederikssund,CloudFormation,Deploy,arn:aws:acm:us-east-1:389841910643:certificate/3cebe311-2dfb-4689-ae99-4c31cc4964f5,vi.skaber.frederikssund.dk,TRUE,,,
cl-villers-saint-paul,CloudFormation,Deploy,arn:aws:acm:us-east-1:389841910643:certificate/9205a8f5-8dc6-43e2-afab-c871bef64de4,monprojet.villers-saint-paul.fr,,,,
cl-nyc,CloudFormation,Deploy,arn:aws:acm:us-east-1:389841910643:certificate/114fb0bc-72fe-4540-9a76-8a2df87cd848,peoplestech.nyc,,,prd-usw.cluster.citizenlab.eu,cl2-tenants-prd-usw.s3.amazonaws.com
cl-whiterose,CloudFormation,Deploy,arn:aws:acm:us-east-1:389841910643:certificate/f939d8af-c97b-42b1-b8d8-250165613a8b,ingenuityleeds.com,,,prd-uk.cluster.citizenlab.eu,cl2-tenants-prd-uk.s3.amazonaws.com
cl-soroe,CloudFormation,Deploy,arn:aws:acm:us-east-1:389841910643:certificate/8f31a170-70b6-4053-9868-2a85fe19a364,soroedialog.dk,,,,
cl-culemborg,CloudFormation,Deploy,arn:aws:acm:us-east-1:389841910643:certificate/2ffe3826-050a-4ef0-8589-a92428954828,platform.culemborg.nl,,TRUE,,
cl-grandduchyofluxembourg,CloudFormation,Deploy,arn:aws:acm:us-east-1:389841910643:certificate/c7657fd0-fc67-4b0f-bf22-2088a7ee43c8,www.zesumme-vereinfachen.lu,,,,
cl-wichita,CloudFormation,Deploy,arn:aws:acm:us-east-1:389841910643:certificate/735a3dd1-3066-463a-9ec1-dc6c98b46932,forum.wichita.gov,,,prd-usw.cluster.citizenlab.eu,cl2-tenants-prd-usw.s3.amazonaws.com
cl-tepukenga,CloudFormation,Deploy,arn:aws:acm:us-east-1:389841910643:certificate/8a7ca96c-6cd7-4189-8524-836af6b37601,yourvoice.tepukenga.ac.nz,,,prd-usw.cluster.citizenlab.eu,cl2-tenants-prd-usw.s3.amazonaws.com
cl-haaltert,CloudFormation,Deploy,arn:aws:acm:us-east-1:389841910643:certificate/c8f8a70d-46a3-4b08-9364-54b0ad9f10ed,idee.haaltert.be,,,,
cl-talcaparticipa,CloudFormation,Deploy,arn:aws:acm:us-east-1:389841910643:certificate/55454780-3556-46e7-b1a3-3a79798e9fe6,consulta2021.talcaparticipa.cl,,,prd-sam.cluster.citizenlab.eu,cl2-tenants-prd-sam.s3.amazonaws.com
cl-slagelse,CloudFormation,Deploy,arn:aws:acm:us-east-1:389841910643:certificate/833f5d68-0277-468a-bea3-2392fd45bbdd,voresviden.slagelse.dk,,,,
cl-westminster,CloudFormation,Deploy,arn:aws:acm:us-east-1:389841910643:certificate/54d37bce-63fa-4ba0-945e-cc51f1a00560,engage.westminster.gov.uk,,,prd-uk.cluster.citizenlab.eu,cl2-tenants-prd-uk.s3.amazonaws.com
cl-novisad,CloudFormation,Deploy,arn:aws:acm:us-east-1:389841910643:certificate/c155b177-3ae5-4072-86cc-5964cc03ff61,tvojgradnovisad.rs,,,,
cl-borgersamling,CloudFormation,Deploy,arn:aws:acm:us-east-1:389841910643:certificate/1c2a597c-3031-4a94-8b9f-65ec7cd511ec,lynetteholm.borgersamling.dk,,,,
cl-cheltenham,CloudFormation,Deploy,arn:aws:acm:us-east-1:389841910643:certificate/24a7eac1-94ac-4afa-9ceb-7e80541038ee,cheltenhamzero.org,,,prd-uk.cluster.citizenlab.eu,cl2-tenants-prd-uk.s3.amazonaws.com
cl-smicval,CloudFormation,Deploy,arn:aws:acm:us-east-1:389841910643:certificate/a719f6c3-b823-4c78-90e3-596e521ba507,smicvalcitoyen.fr,,,,
cl-gavere,CloudFormation,Deploy,arn:aws:acm:us-east-1:389841910643:certificate/6ba26732-ab1a-496d-af3f-a5e2f028af8e,ikdenkmee.gavere.be,,,,
cl-civicinitiatives,CloudFormation,Deploy,arn:aws:acm:us-east-1:389841910643:certificate/27faa77f-4348-4b47-9c00-6e888d4659b3,zemljazanas.rs,,,,
cl-cjm1,CloudFormation,Deploy,arn:aws:acm:us-east-1:389841910643:certificate/211fe88c-55f0-4abb-a9c2-7d27ff650e11,community.denkmee-verenigingsloket.be,,,,
cl-holbaek,CloudFormation,Deploy,arn:aws:acm:us-east-1:389841910643:certificate/3ef28e38-beb1-4f00-9426-eb1461515caf,deltag.holbaek.dk,,,,
cl-norristown,CloudFormation,Deploy,arn:aws:acm:us-east-1:389841910643:certificate/37607eee-201d-4cd6-9b46-946427860b0a,norristownbuzz.org,,,prd-usw.cluster.citizenlab.eu,cl2-tenants-prd-usw.s3.amazonaws.com
cl-franquevillesaintpierre,CloudFormation,Deploy,arn:aws:acm:us-east-1:389841910643:certificate/67dac2da-a2ce-4c4a-9682-9a906717c716,jaime.franquevillesaintpierre.com,,,,
cl-communityfoodnavigator,CloudFormation,Deploy,arn:aws:acm:us-east-1:389841910643:certificate/e0e2a809-4b20-4490-a557-ddb1a8a36495,engage.communityfoodnavigator.org,,,prd-usw.cluster.citizenlab.eu,cl2-tenants-prd-usw.s3.amazonaws.com
cl-energia,CloudFormation,Deploy,arn:aws:acm:us-east-1:389841910643:certificate/7f0a42ff-8d87-4af1-a780-e77800b0db72,participaconenergia.minenergia.cl,,,prd-sam.cluster.citizenlab.eu,cl2-tenants-prd-sam.s3.amazonaws.com
cl-valleyregionaltransit,CloudFormation,Deploy,arn:aws:acm:us-east-1:389841910643:certificate/3c432140-691a-4825-b8bf-eaffb8c1f1cb,engage.valleyregionaltransit.org,,,prd-usw.cluster.citizenlab.eu,cl2-tenants-prd-usw.s3.amazonaws.com
cl-aci,CloudFormation,Deploy,arn:aws:acm:us-east-1:389841910643:certificate/d89f8fad-1f74-4235-abcf-c2cf1ebc3486,jesuiseucolo.org,,,,
cl-struthers,CloudFormation,Deploy,arn:aws:acm:us-east-1:389841910643:certificate/c337f3b1-5068-44e3-a8ff-1da4da656a1c,discover.cityofstruthers.com,,,prd-usw.cluster.citizenlab.eu,cl2-tenants-prd-usw.s3.amazonaws.com
cl-bron,CloudFormation,Deploy,arn:aws:acm:us-east-1:389841910643:certificate/bb502e1a-797b-4faa-b835-cb349fc25c95,jeparticipe.ville-bron.fr,,,,
cl-dorsetcouncil,CloudFormation,Deploy,arn:aws:acm:us-east-1:389841910643:certificate/eaf46b54-8bd4-411a-a407-e6c06cfcbb14,getinvolved.dorsetcouncil.gov.uk,,,prd-uk.cluster.citizenlab.eu,cl2-tenants-prd-uk.s3.amazonaws.com
cl-malaunay,CloudFormation,Deploy,arn:aws:acm:us-east-1:389841910643:certificate/796439d9-0d4e-48d8-aa8a-7a0c0d12b4b2,jeparticipe.malaunay.fr,,,,
cl-saintflour,CloudFormation,Deploy,arn:aws:acm:us-east-1:389841910643:certificate/e1e4b65b-e299-4f5b-9a5f-0d74904c8b18,jeparticipe.saint-flour.net,,,,
cl-wien,CloudFormation,Deploy,arn:aws:acm:us-east-1:389841910643:certificate/19cceac4-9ddc-4493-8f21-ddf21f47cf4d,mitgestalten.wien.gv.at,,,,
cl-troyes,CloudFormation,Deploy,arn:aws:acm:us-east-1:389841910643:certificate/92e7b6d6-7fc0-45fd-b7b7-5c896d51be7f,consultation.troyes.fr,,,,
cl-wervik,CloudFormation,Deploy,arn:aws:acm:us-east-1:389841910643:certificate/8ec00952-82bd-43a7-ab17-82ed7814af84,8940spreekt.be,,,,
cl-annemasse,CloudFormation,Deploy,arn:aws:acm:us-east-1:389841910643:certificate/a6ddea7a-5dec-4fe8-a913-79142dcb79aa,imaginons-annemasse.fr,,,,
cl-troyeschampagne,CloudFormation,Deploy,arn:aws:acm:us-east-1:389841910643:certificate/5662ea9b-0675-4af2-89ff-e1cc9c005787,consultation.troyes-champagne-metropole.fr,,,,
cl-stekene,CloudFormation,Deploy,arn:aws:acm:us-east-1:389841910643:certificate/3fbc1499-1f34-425d-8520-712ef41b8d3b,samen.stekene.be,,,,
cl-bethlehem,CloudFormation,Deploy,arn:aws:acm:us-east-1:389841910643:certificate/94d2faf9-4b96-47c4-8d87-715e0ef1fda0,webuild.bethlehem-pa.gov,,,prd-usw.cluster.citizenlab.eu,cl2-tenants-prd-usw.s3.amazonaws.com
cl-speakupafrika,CloudFormation,Deploy,arn:aws:acm:us-east-1:389841910643:certificate/2a4bc67f-2c38-452a-9e5c-9653f90d22e1,speakupafrika.net,,,,
cl-coburg,CloudFormation,Deploy,arn:aws:acm:us-east-1:389841910643:certificate/4b51ee89-af40-46a0-8298-2269b21b9c41,mitmachen.coburg.de,,,,
cl-rijswijk,CloudFormation,Deploy,arn:aws:acm:us-east-1:389841910643:certificate/e2293034-8277-491e-a476-69de4a281279,samen.rijswijk.nl,,,,
cl-nyborg,CloudFormation,Deploy,arn:aws:acm:us-east-1:389841910643:certificate/9bf32a69-e058-44f1-a8f9-b45631530029,borgerdialog.nyborg.dk,,,,
cl-deville-les-rouen,CloudFormation,Deploy,arn:aws:acm:us-east-1:389841910643:certificate/ce14c5ae-c03f-47de-8b69-8e67a19ffdfb,jeparticipe.deville-les-rouen.fr,,,,
cl-wasilkow,CloudFormation,Deploy,arn:aws:acm:us-east-1:389841910643:certificate/da9e13bc-a75e-4ef3-af56-1fa47f435f32,twojwasilkow.pl,,,,
cl-nyborg2,CloudFormation,Deploy,arn:aws:acm:us-east-1:389841910643:certificate/5401b2ed-13b8-45be-815e-4c2c8c407405,viskaber.nyborg.dk,,,,
cl-CMM,CloudFormation,Deploy,arn:aws:acm:us-east-1:389841910643:certificate/8d17503c-9e00-4453-bf8e-d37d04e1e8bc,participer.cmm.qc.ca,,,prd-can.cluster.citizenlab.eu,cl2-tenants-prd-can.s3.amazonaws.com
cl-maldegem,CloudFormation,Deploy,arn:aws:acm:us-east-1:389841910643:certificate/d06235f8-f6d2-4f20-87fc-c2155a9139c3,mijn.maldegem.be,,,,
cl-seattle,CloudFormation,Deploy,arn:aws:acm:us-east-1:389841910643:certificate/7f26bd23-cc8b-4b8e-8402-6289a3894a27,citizenlab.seattle.gov,,,prd-usw.cluster.citizenlab.eu,cl2-tenants-prd-usw.s3.amazonaws.com
cl-durango,CloudFormation,Deploy,arn:aws:acm:us-east-1:389841910643:certificate/a888fe33-b68b-490e-9e54-df62b42b1161,engage.durango.org,,,prd-usw.cluster.citizenlab.eu,cl2-tenants-prd-usw.s3.amazonaws.com
cl-vrrn,CloudFormation,Deploy,arn:aws:acm:us-east-1:389841910643:certificate/5ca9a571-f780-40c4-a7e6-c2a4a7d6f630,mitdenken.smart-rhein-neckar.de,,,,
cl-leuven2,CloudFormation,Deploy,arn:aws:acm:us-east-1:389841910643:certificate/0ad8f5b2-b286-4363-a58f-78fd5b6f9857,participatie.leuven.be,,,,
cl-oneseattle,CloudFormation,Deploy,arn:aws:acm:us-east-1:389841910643:certificate/80aa71d4-3fef-412b-a1f1-3cc0b1c406ba,engage.oneseattleplan.com,,,prd-usw.cluster.citizenlab.eu,cl2-tenants-prd-usw.s3.amazonaws.com
cl-madrastna,CloudFormation,Deploy,arn:aws:acm:us-east-1:389841910643:certificate/4bc9551a-456f-4500-9e5c-53ba45bf5fc7,www.madrastna.ma,TRUE,,,
cl-guldborgsund,CloudFormation,Deploy,arn:aws:acm:us-east-1:389841910643:certificate/434881c1-9eb0-4559-8d9f-4dab9dac6b5e,sammenom.guldborgsund.dk,,,,
cl-hovedstaden,CloudFormation,Deploy,arn:aws:acm:us-east-1:389841910643:certificate/92df18d2-2942-45e5-a2cf-2eb36c03a70f,baeredygtigtforbrug.borgersamling.dk,,TRUE,,
cl-badduerkheim,CloudFormation,Deploy,arn:aws:acm:us-east-1:389841910643:certificate/67fecdc2-a60d-4032-ade2-6375299cddcc,dialog.bad-duerkheim.de,,,,
cl-hvidovre,CloudFormation,Deploy,arn:aws:acm:us-east-1:389841910643:certificate/d52979b0-44a2-4967-bbc2-5ea47fa09661,deltag.hvidovre.dk,,,,
cl-biddeford,CloudFormation,Deploy,arn:aws:acm:us-east-1:389841910643:certificate/9df11659-1aa0-48f7-aeca-c9885d6df956,our.biddefordmaine.org,,,prd-usw.cluster.citizenlab.eu,cl2-tenants-prd-usw.s3.amazonaws.com
cl-tmb,CloudFormation,Deploy,arn:aws:acm:us-east-1:389841910643:certificate/40b183d1-a6d2-4b46-9622-ab66d0384535,tourismusstrategie-brandenburg.de,,,,
cl-esterel,CloudFormation,Deploy,arn:aws:acm:us-east-1:389841910643:certificate/7b34a637-4349-449e-bcce-3caa39b46586,consultation.esterelcotedazur-agglo.fr,,,,
cl-soumagne,CloudFormation,Deploy,arn:aws:acm:us-east-1:389841910643:certificate/2b7c6358-6b39-4b46-9d8a-93b5608f7d90,jeparticipe.soumagne.be,,,,
cl-undpperu,CloudFormation,Deploy,arn:aws:acm:us-east-1:389841910643:certificate/cdaf6c00-3e3f-4496-9d90-f1973605fad0,lab.pnud.org.pe,,,prd-sam.cluster.citizenlab.eu,cl2-tenants-prd-sam.s3.amazonaws.com
cl-thanet,CloudFormation,Deploy,arn:aws:acm:us-east-1:389841910643:certificate/175c8f61-81ba-4737-801b-a3e0bcb88d0c,yourvoice.thanet.gov.uk,,,prd-uk.cluster.citizenlab.eu,cl2-tenants-prd-uk.s3.amazonaws.com
cl-nuevaconstitucion,CloudFormation,Deploy,arn:aws:acm:us-east-1:389841910643:certificate/9a33568f-6b24-4bc7-a250-eb76b792d3e5,debatenuevaconstitucion.cl,,,prd-sam.cluster.citizenlab.eu,cl2-tenants-prd-sam.s3.amazonaws.com
cl-duesseldorf-marketing,CloudFormation,Deploy,arn:aws:acm:us-east-1:389841910643:certificate/95c5f95c-4a14-4cc7-ac48-6d279cfdd265,stadtgestalten.duesseldorf-marketing.de,,,,
cl-gore-metropolitano,CloudFormation,Deploy,arn:aws:acm:us-east-1:389841910643:certificate/cdb19c54-18de-43c3-a052-c3ae33a4c852,participa.laregionqueimaginas.cl,,,prd-sam.cluster.citizenlab.eu,cl2-tenants-prd-sam.s3.amazonaws.com
cl-rexburg,CloudFormation,Deploy,arn:aws:acm:us-east-1:389841910643:certificate/69750dea-942d-4f39-ae05-610478a91f19,engage.rexburg.org,,,prd-usw.cluster.citizenlab.eu,cl2-tenants-prd-usw.s3.amazonaws.com
cl-pudahuel,CloudFormation,Deploy,arn:aws:acm:us-east-1:389841910643:certificate/8d75f7ef-c272-44e2-a6c7-441f25209427,participa.mpudahuel.cl,,,prd-sam.cluster.citizenlab.eu,cl2-tenants-prd-sam.s3.amazonaws.com
cl-overvechtcentrum,CloudFormation,Deploy,arn:aws:acm:us-east-1:389841910643:certificate/602afe23-f50d-4eda-9598-6e0412323ea8,overvechtcentrum.nl,,TRUE,,
cl-escazu,CloudFormation,Deploy,arn:aws:acm:us-east-1:389841910643:certificate/b36427b0-db63-47d7-bc33-136f7d9b96df,publicoescazu.cepal.org,,,prd-sam.cluster.citizenlab.eu,cl2-tenants-prd-sam.s3.amazonaws.com
cl-cambridge,CloudFormation,Deploy,arn:aws:acm:us-east-1:389841910643:certificate/cb73b715-56cb-4eda-b7e3-7ae1e9f48beb,engage.cambridge.gov.uk,,,prd-uk.cluster.citizenlab.eu,cl2-tenants-prd-uk.s3.amazonaws.com
cl-gore-metropolitano2,CloudFormation,Deploy,arn:aws:acm:us-east-1:389841910643:certificate/557cefb8-0e53-4669-b054-f5b67c4c971a,participa.santiago2050.cl,,,prd-sam.cluster.citizenlab.eu,cl2-tenants-prd-sam.s3.amazonaws.com
cl-chillicothe,CloudFormation,Deploy,arn:aws:acm:us-east-1:389841910643:certificate/dc0967ed-8d73-445d-8d41-aead1956a4db,engage.chillicotheoh.gov,,,prd-usw.cluster.citizenlab.eu,cl2-tenants-prd-usw.s3.amazonaws.com
cl-halsnaes,CloudFormation,Deploy,arn:aws:acm:us-east-1:389841910643:certificate/ba35ac71-5f6c-4004-8c53-5eb17498eed3,borgerinddragelse.halsnaes.dk,,,,
cl-maassluis,CloudFormation,Deploy,arn:aws:acm:us-east-1:389841910643:certificate/9e728b3e-6bc3-4eed-b135-5515abdb24c7,denkmee.maassluis.nl,,,,
cl-hyattsville2,CloudFormation,Deploy,arn:aws:acm:us-east-1:389841910643:certificate/05d94c1e-0887-454c-8cc1-f49ffc932108,hellohyattsville.com,,,prd-usw.cluster.citizenlab.eu,cl2-tenants-prd-usw.s3.amazonaws.com
cl-ermelo,CloudFormation,Deploy,arn:aws:acm:us-east-1:389841910643:certificate/efc249d1-fbee-441b-80e8-3bda6ed55bcf,onlinedorpsgesprek.ermelo.nl,,,,
cl-mcminnville,CloudFormation,Deploy,arn:aws:acm:us-east-1:389841910643:certificate/3b89d82d-3a8a-4e80-bcc8-574daca1a391,iheartmac.org,,,prd-usw.cluster.citizenlab.eu,cl2-tenants-prd-usw.s3.amazonaws.com
cl-norwich,CloudFormation,Deploy,arn:aws:acm:us-east-1:389841910643:certificate/db476880-af1d-423e-a049-317222cb4669,envisionnorwich360.com,,,prd-usw.cluster.citizenlab.eu,cl2-tenants-prd-usw.s3.amazonaws.com
cl-vlissingen,CloudFormation,Deploy,arn:aws:acm:us-east-1:389841910643:certificate/d6932f76-0420-47b8-9134-dc59cb34a9fe,doemee.vlissingen.nl,,,,
cl-lejre,CloudFormation,Deploy,arn:aws:acm:us-east-1:389841910643:certificate/b151a1a8-5738-4b7b-9e92-1a1528ecb62e,vores.lejre.dk,,,,
cl-amsa1,CloudFormation,Deploy,arn:aws:acm:us-east-1:389841910643:certificate/c5d69492-2a9c-4b49-b999-fb67fd795b69,antucoyaparticipa.cl,,,prd-sam.cluster.citizenlab.eu,cl2-tenants-prd-sam.s3.amazonaws.com
cl-amsa2,CloudFormation,Deploy,arn:aws:acm:us-east-1:389841910643:certificate/aa65ef0d-4243-4a2d-840e-20eaa753da12,centinelaparticipa.cl,,,prd-sam.cluster.citizenlab.eu,cl2-tenants-prd-sam.s3.amazonaws.com
cl-allegheny,CloudFormation,Deploy,arn:aws:acm:us-east-1:389841910643:certificate/7eb631d3-6dcc-4427-a41c-1799f09bca9e,engage.alleghenycounty.us,,,prd-usw.cluster.citizenlab.eu,cl2-tenants-prd-usw.s3.amazonaws.com
cl-ajaccio,CloudFormation,Deploy,arn:aws:acm:us-east-1:389841910643:certificate/5c5d96e3-5531-4148-89a7-3ef9d7af2202,jeparticipe.ajaccio.corsica,,,,
cl-sint-truiden,CloudFormation,Deploy,arn:aws:acm:us-east-1:389841910643:certificate/a4ee53d6-d06d-4ee1-abca-2f4ab140c2ef,denkmee.sint-truiden.be,,,,
cl-gobierno-digital,CloudFormation,Deploy,arn:aws:acm:us-east-1:389841910643:certificate/bfb8f630-581d-434d-9635-f261671d7f62,participacion.digital.gob.cl,,,prd-sam.cluster.citizenlab.eu,cl2-tenants-prd-sam.s3.amazonaws.com
cl-lancaster2,CloudFormation,Deploy,arn:aws:acm:us-east-1:389841910643:certificate/7a753fd5-0dea-44fd-a540-850520b67f49,engage.cityoflancasterpa.gov,TRUE,,prd-usw.cluster.citizenlab.eu,cl2-tenants-prd-usw.s3.amazonaws.com
cl-monroe,CloudFormation,Deploy,arn:aws:acm:us-east-1:389841910643:certificate/6ceca03c-2cdc-4c42-9e28-3788699234c5,hello.monroeohio.org,,,prd-usw.cluster.citizenlab.eu,cl2-tenants-prd-usw.s3.amazonaws.com
cl-riga,CloudFormation,Deploy,arn:aws:acm:us-east-1:389841910643:certificate/60f68ae0-76b2-46de-95da-cdc836149754,iesaisties.riga.lv,,,,
cl-toronto,CloudFormation,Deploy,arn:aws:acm:us-east-1:389841910643:certificate/f89615e5-6f7f-4b55-bbf3-40b73a584f67,torontocentreprojects.ca,,,prd-usw.cluster.citizenlab.eu,cl2-tenants-prd-usw.s3.amazonaws.com
cl-woerden,CloudFormation,Deploy,arn:aws:acm:us-east-1:389841910643:certificate/19e61b5a-9e40-4d30-9d82-1a075c52db5b,denkmee.woerden.nl,,,,
cl-svendborg,CloudFormation,Deploy,arn:aws:acm:us-east-1:389841910643:certificate/c7c8fbad-1052-48a3-8919-c930df84993b,hesselager.svendborg.dk,TRUE,,,
cl-vejle,CloudFormation,Deploy,arn:aws:acm:us-east-1:389841910643:certificate/8c60abd6-5a95-4e00-a20b-61e2f171415f,borgerlab.vejle.dk,TRUE,,,
cl-hillerod,CloudFormation,Deploy,arn:aws:acm:us-east-1:389841910643:certificate/148c91cf-bef3-4ec7-afd2-8d38cb834b0d,hillerod.citizenlab.co,TRUE,,,
cl-cqc,CloudFormation,Deploy,arn:aws:acm:us-east-1:389841910643:certificate/d4862b5c-c860-4ac0-9298-42bf3dbaf380,cqc.citizenlab.co,TRUE,,prd-uk.cluster.citizenlab.eu,cl2-tenants-prd-uk.s3.amazonaws.com
cl-girlsrights,CloudFormation,Deploy,arn:aws:acm:us-east-1:389841910643:certificate/0b4d2c7c-9375-44c5-a003-a3b0d302fee6,girlsrights.citizenlab.co,TRUE,,prd-sam.cluster.citizenlab.eu,cl2-tenants-prd-sam.s3.amazonaws.com
cl-digitalrd,CloudFormation,Deploy,arn:aws:acm:us-east-1:389841910643:certificate/0b4d2c7c-9375-44c5-a003-a3b0d302fee6,digitalrd.citizenlab.co,TRUE,,prd-sam.cluster.citizenlab.eu,cl2-tenants-prd-sam.s3.amazonaws.com
cl-chickasha2,CloudFormation,Deploy,arn:aws:acm:us-east-1:389841910643:certificate/f379d999-55cc-4114-b338-785a59c24143,onwardchickasha.org,,,prd-usw.cluster.citizenlab.eu,cl2-tenants-prd-usw.s3.amazonaws.com
cl-hellam,CloudFormation,Deploy,arn:aws:acm:us-east-1:389841910643:certificate/8577b90c-7f84-4e07-925d-7b8ce8bbb247,engage.hellamtownship.com,,,prd-usw.cluster.citizenlab.eu,cl2-tenants-prd-usw.s3.amazonaws.com
cl-beverwijk2,CloudFormation,Deploy,arn:aws:acm:us-east-1:389841910643:certificate/c1ee67b7-c30f-4bda-84c7-97ee1d936582,doemee.beverwijk.nl,,,,
cl-lareina,CloudFormation,Deploy,arn:aws:acm:us-east-1:389841910643:certificate/1184e538-259b-4b18-80f2-e7585fcae651,participa.lareina.cl,,,prd-sam.cluster.citizenlab.eu,cl2-tenants-prd-sam.s3.amazonaws.com
cl-beverwijk3,CloudFormation,Deploy,arn:aws:acm:us-east-1:389841910643:certificate/57333f3d-4931-43e2-a606-3037d57aeb5c,denkmee.beverwijk.nl,,,,
cl-regionh,CloudFormation,Deploy,arn:aws:acm:us-east-1:389841910643:certificate/120cdf6e-6e6f-4e02-a820-bf70be524098,borgerforum.regionh.dk,,,,
cl-group4,CloudFormation,Deploy,arn:aws:acm:us-east-1:389841910643:certificate/6f749409-9bb9-4ba0-9946-737da0d861fd,rebuildtherec.org,,,prd-usw.cluster.citizenlab.eu,cl2-tenants-prd-usw.s3.amazonaws.com
cl-onenorthside,CloudFormation,Deploy,arn:aws:acm:us-east-1:389841910643:certificate/7fa2f57d-1656-4ecb-b75d-17a6e4110e6f,engageonenorthsidepgh.org,,,prd-usw.cluster.citizenlab.eu,cl2-tenants-prd-usw.s3.amazonaws.com
cl-spaarnelanden,CloudFormation,Deploy,arn:aws:acm:us-east-1:389841910643:certificate/e1749933-d519-48e8-ae5b-942dcd924688,straatvandetoekomst.spaarnelanden.nl,,,,
cl-eins,CloudFormation,Deploy,arn:aws:acm:us-east-1:389841910643:certificate/4cbda4b8-ef01-45c1-ac0e-abb67d03dbc5,gemeinsam.eins.de,,,,
cl-providence,CloudFormation,Deploy,arn:aws:acm:us-east-1:389841910643:certificate/8c97bd49-0c02-43b7-80f2-ed7910b84f8d,plan.providenceri.gov,,,prd-usw.cluster.citizenlab.eu,cl2-tenants-prd-usw.s3.amazonaws.com
cl-wetzlar,CloudFormation,Deploy,arn:aws:acm:us-east-1:389841910643:certificate/2745967d-e205-44e2-bf68-d636fcf47fb7,mitgestalten.wetzlar.de,,,,
cl-plattsburgh,CloudFormation,Deploy,arn:aws:acm:us-east-1:389841910643:certificate/e7ca331c-1fd9-49f3-8f7c-b2698cf57320,my.cityofplattsburgh-ny.gov,,,prd-usw.cluster.citizenlab.eu,cl2-tenants-prd-usw.s3.amazonaws.com
cl-arica,CloudFormation,Deploy,arn:aws:acm:us-east-1:389841910643:certificate/ea15629c-8738-47d4-b1db-f3cd50153902,participa.muniarica.cl,,,prd-sam.cluster.citizenlab.eu,cl2-tenants-prd-sam.s3.amazonaws.com
cl-solrod,CloudFormation,Deploy,arn:aws:acm:us-east-1:389841910643:certificate/36726073-7e73-4bcd-8170-fbb59de2c76c,solsiden.solrod.dk,,,,
cl-acciona,CloudFormation,Deploy,arn:aws:acm:us-east-1:389841910643:certificate/936a82bf-bdaf-4d65-b53a-2cc3db69e765,participa.acciona-energia.com,,,,
cl-gulpen-wittem,CloudFormation,Deploy,arn:aws:acm:us-east-1:389841910643:certificate/c05fe897-9a6e-4b83-a1e7-67ddeb5a8cdf,doemee.gulpen-wittem.nl,,TRUE,,
cl-rdlr,CloudFormation,Deploy,arn:aws:acm:us-east-1:389841910643:certificate/afacba7c-4f55-46bf-bee8-7ab04ef72154,buildharriscountyso.com,,,prd-usw.cluster.citizenlab.eu,cl2-tenants-prd-usw.s3.amazonaws.com
cl-elburg,CloudFormation,Deploy,arn:aws:acm:us-east-1:389841910643:certificate/2dbea79f-9245-4570-8245-6ffd2a8535f0,elburg-spreekt.nl,,,,
cl-oakley,CloudFormation,Deploy,arn:aws:acm:us-east-1:389841910643:certificate/02f6cf14-76f3-4f26-9142-ef79652d3244,engage.oakleyca.gov,,,prd-usw.cluster.citizenlab.eu,cl2-tenants-prd-usw.s3.amazonaws.com
cl-allen,CloudFormation,Deploy,arn:aws:acm:us-east-1:389841910643:certificate/c512a599-03f8-4c70-bc32-8ff18ca52e1e,engage.cityofallen.org,,,prd-usw.cluster.citizenlab.eu,cl2-tenants-prd-usw.s3.amazonaws.com
cl-minmineria,CloudFormation,Deploy,arn:aws:acm:us-east-1:389841910643:certificate/5fbe910a-1e54-43b9-867a-12883b4d11d9,participa.minmineria.gob.cl,,,prd-sam.cluster.citizenlab.eu,cl2-tenants-prd-sam.s3.amazonaws.com
cl-seattleparksandrec3,CloudFormation,Deploy,arn:aws:acm:us-east-1:389841910643:certificate/37fcde16-0eba-424f-af5f-f2f2b044f46d,engage.seattleparksandrec.com,,,prd-usw.cluster.citizenlab.eu,cl2-tenants-prd-usw.s3.amazonaws.com
cl-fredensborg,CloudFormation,Deploy,arn:aws:acm:us-east-1:389841910643:certificate/85314532-e8c3-485d-8d86-2734e9379704,klimaforum.fredensborg.dk,,,,
cl-gelecekhatay,CloudFormation,Deploy,arn:aws:acm:us-east-1:389841910643:certificate/10b378c3-cbab-4646-8ae2-3232a50668ad,gelecekhatay.org,,,,
cl-bothell,CloudFormation,Deploy,arn:aws:acm:us-east-1:389841910643:certificate/539777cf-fe73-4055-aaec-2bef9c595061,engagebothell.com,,,prd-usw.cluster.citizenlab.eu,cl2-tenants-prd-usw.s3.amazonaws.com
cl-gelecekhatay3,CloudFormation,Deploy,arn:aws:acm:us-east-1:389841910643:certificate/57921365-de09-42e5-ba2a-087a3fffd67c,hatayplanlamamerkezi.com,,,,
cl-vinadelmar,CloudFormation,Deploy,arn:aws:acm:us-east-1:389841910643:certificate/a6571011-b6f0-4b8c-82f6-e1f69fe7d0ad,vinadecide.cl,,,prd-sam.cluster.citizenlab.eu,cl2-tenants-prd-sam.s3.amazonaws.com
cl-westoxfordshire,CloudFormation,Deploy,arn:aws:acm:us-east-1:389841910643:certificate/d0b4493a-1bb3-4140-92e9-24ff12a4650b,yourvoice.westoxon.gov.uk,,,prd-uk.cluster.citizenlab.eu,cl2-tenants-prd-uk.s3.amazonaws.com
cl-grandcubzaguais,CloudFormation,Deploy,arn:aws:acm:us-east-1:389841910643:certificate/47cd9388-b365-41ae-b5a2-d03e157ea671,participez.grand-cubzaguais.fr,,,,
cl-kobenhavn,CloudFormation,Deploy,arn:aws:acm:us-east-1:389841910643:certificate/14efc5a1-ca0e-4504-b5cb-e915f5cff9ab,kobenhavntaler.kk.dk,,,,
cl-wigan,CloudFormation,Deploy,arn:aws:acm:us-east-1:389841910643:certificate/ac549868-0378-4c0a-aabb-266bc3f17e19,participate.wigan.gov.uk,,,prd-uk.cluster.citizenlab.eu,cl2-tenants-prd-uk.s3.amazonaws.com
cl-hggt,CloudFormation,Deploy,arn:aws:acm:us-east-1:389841910643:certificate/fa10924f-21be-4cf6-baf8-03aeff8a2c99,engage.hggt.co.uk,,,prd-uk.cluster.citizenlab.eu,cl2-tenants-prd-uk.s3.amazonaws.com
cl-cakovec,CloudFormation,Deploy,arn:aws:acm:us-east-1:389841910643:certificate/b9dece1c-00f4-4dfd-9a54-7c072edc29fa,sudjeluj.cakovec.hr,,,,
cl-magdeburg,CloudFormation,Deploy,arn:aws:acm:us-east-1:389841910643:certificate/69e14a48-9333-45b5-9bd5-9101c2005694,otto-beteiligt.de,,,,
cl-pijnacker,CloudFormation,Deploy,arn:aws:acm:us-east-1:389841910643:certificate/e7975027-1140-4798-8e11-11dfc82bea3c,denkmee.pijnacker-nootdorp.nl,,,,
cl-bilzen,CloudFormation,Deploy,arn:aws:acm:us-east-1:389841910643:certificate/d7435063-9165-43be-9647-7d60deb4207d,projectpubliek.bilzen.be,,,,
cl-itinera,CloudFormation,Deploy,arn:aws:acm:us-east-1:389841910643:certificate/d8962ca1-16ad-48cd-8b84-96932c29e19a,braintrust.itinera.team,,,,
cl-falkirk,CloudFormation,Deploy,arn:aws:acm:us-east-1:389841910643:certificate/60990131-05f9-48ea-bd52-822313a18116,participateplus.falkirk.gov.uk,,,prd-uk.cluster.citizenlab.eu,cl2-tenants-prd-uk.s3.amazonaws.com
cl-goereeoverflakkee,CloudFormation,Deploy,arn:aws:acm:us-east-1:389841910643:certificate/fbc4e4ae-8bdf-4fec-a5b0-08a4709869f7,praatmee.goeree-overflakkee.nl,,,,
cl-veere,CloudFormation,Deploy,arn:aws:acm:us-east-1:389841910643:certificate/f982cbc1-80ee-4a3b-86c2-9a3693360a80,doemee.veere.nl,,TRUE,,