arn,domain_name,subject_alternative_names,status,type,renewal_eligibility,created_at,imported_at,not_after
arn:aws:acm:us-east-1:389841910643:certificate/a071564e-abb2-4bc2-ae59-a8e4dc6dce94,*.citizenlab.co,"*.citizenlab.co,*.stg.citizenlab.co,*.hq.citizenlab.co",EXPIRED,AMAZON_ISSUED,INELIGIBLE,2017-06-03 00:20:40 +0200,,2018-07-02 14:00:00 +0200
arn:aws:acm:us-east-1:389841910643:certificate/a495eb96-8a06-4ab4-9b29-ce5ce5a98b45,www.govchat.org.za,www.govchat.org.za,EXPIRED,AMAZON_ISSUED,INELIGIBLE,2018-02-08 11:30:44 +0100,,2019-03-10 13:00:00 +0100
arn:aws:acm:us-east-1:389841910643:certificate/7891a065-cc5a-45c5-8611-a65f466d81b7,*.citizenlab.co,"*.citizenlab.co,*.vox.vub.be,vox.vub.be",EXPIRED,AMAZON_ISSUED,INELIGIBLE,2018-02-19 17:40:30 +0100,,2019-03-19 13:00:00 +0100
arn:aws:acm:us-east-1:389841910643:certificate/6a972025-ea0e-4c29-b228-c3b9d0d7e6e8,www.schiedammersmakendestad.nl,"www.schiedammersmakendestad.nl,*.citizenlab.co",EXPIRED,AMAZON_ISSUED,INELIGIBLE,2018-03-23 15:05:48 +0100,,2019-04-24 14:00:00 +0200
arn:aws:acm:us-east-1:389841910643:certificate/948b1083-b603-4931-aea3-4b47f4e7992c,www.reconstruisonsverviers.be,"www.reconstruisonsverviers.be,*.www.reconstruisonsverviers.be",EXPIRED,AMAZON_ISSUED,INELIGIBLE,2018-04-26 17:18:32 +0200,,2019-05-26 14:00:00 +0200
arn:aws:acm:us-east-1:389841910643:certificate/03d55b16-743a-426a-abcf-eb88f84fdb69,onlinestadsgesprek.harderwijk.nl,"onlinestadsgesprek.harderwijk.nl,*.onlinestadsgesprek.harderwijk.nl",EXPIRED,AMAZON_ISSUED,INELIGIBLE,2018-10-05 17:29:49 +0200,,2019-11-08 13:00:00 +0100
arn:aws:acm:us-east-1:389841910643:certificate/a0d02692-31d9-43ef-b5ba-3d1df50d39e8,aalsmeer.forward.citizenlab.eu,aalsmeer.forward.citizenlab.eu,EXPIRED,AMAZON_ISSUED,INELIGIBLE,2019-03-07 17:19:03 +0100,,2020-04-07 14:00:00 +0200
arn:aws:acm:us-east-1:389841910643:certificate/3dd376fe-f649-441c-b394-a7ef7fa8d97f,mijnideevoorvlaamsbrabant.be,"mijnideevoorvlaamsbrabant.be,*.mijnideevoorvlaamsbrabant.be",EXPIRED,AMAZON_ISSUED,INELIGIBLE,2018-04-16 17:52:39 +0200,,2020-04-18 14:00:00 +0200
arn:aws:acm:us-east-1:389841910643:certificate/96282444-d351-4a7a-af1b-2593d1ff582e,welklimburgwiljij.be,"welklimburgwiljij.be,*.welklimburgwiljij.be",EXPIRED,AMAZON_ISSUED,INELIGIBLE,2018-04-26 11:52:47 +0200,,2020-04-29 14:00:00 +0200
arn:aws:acm:us-east-1:389841910643:certificate/452df8e6-26d7-440b-967e-253c6eb2404a,dizukunft.de,"dizukunft.de,*.dizukunft.de",EXPIRED,AMAZON_ISSUED,INELIGIBLE,2019-06-03 14:01:06 +0200,,2020-07-04 14:00:00 +0200
arn:aws:acm:us-east-1:389841910643:certificate/b6601046-946e-4211-abf1-72ee5119fa3e,bienenroute.brussels,"bienenroute.brussels,*.bienenroute.brussels",EXPIRED,AMAZON_ISSUED,INELIGIBLE,2018-10-18 17:32:51 +0200,,2020-10-20 14:00:00 +0200
arn:aws:acm:us-east-1:389841910643:certificate/3b365de7-5ff5-47c7-9956-f199700db63f,referendum.kortrijkspreekt.be,referendum.kortrijkspreekt.be,EXPIRED,AMAZON_ISSUED,INELIGIBLE,2019-10-02 21:37:44 +0200,,2020-11-02 13:00:00 +0100
arn:aws:acm:us-east-1:389841910643:certificate/8cf04928-d603-4666-8707-a87cf47f0f52,sammenom.hillerod.dk,,VALIDATION_TIMED_OUT,AMAZON_ISSUED,INELIGIBLE,2020-03-09 14:26:25 +0100,,
arn:aws:acm:us-east-1:389841910643:certificate/38acca6d-3b15-4712-bc5b-f9b14e345c47,deltag.furesoe.dk,deltag.furesoe.dk,EXPIRED,AMAZON_ISSUED,INELIGIBLE,2020-05-14 17:01:45 +0200,,2021-06-14 14:00:00 +0200
arn:aws:acm:us-east-1:389841910643:certificate/77f3e7bd-c577-43eb-9940-d77426c4208d,involve.winsford.gov.uk,"involve.winsford.gov.uk,*.involve.winsford.gov.uk",EXPIRED,AMAZON_ISSUED,INELIGIBLE,2020-06-23 17:14:26 +0200,,2021-07-23 14:00:00 +0200
arn:aws:acm:us-east-1:389841910643:certificate/48a8920f-114a-43dc-9373-34dad1b0caa4,pakaan.herentals.be,"pakaan.herentals.be,*.pakaan.herentals.be",EXPIRED,AMAZON_ISSUED,INELIGIBLE,2020-09-18 17:46:18 +0200,,2021-10-18 14:00:00 +0200
arn:aws:acm:us-east-1:389841910643:certificate/19280f84-790e-420d-80c7-f89b289ee9d9,projetmontpellier.fr,"projetmontpellier.fr,*.projetmontpellier.fr",EXPIRED,AMAZON_ISSUED,INELIGIBLE,2019-11-13 14:05:42 +0100,,2021-11-15 00:59:59 +0100
arn:aws:acm:us-east-1:389841910643:certificate/89fb4249-62bd-4084-9a75-d107eec04181,ideas.smartertogether.ca,ideas.smartertogether.ca,EXPIRED,AMAZON_ISSUED,INELIGIBLE,2018-02-02 12:57:04 +0100,,2021-12-07 00:59:59 +0100
arn:aws:acm:us-east-1:389841910643:certificate/a96af114-5e87-4fdb-aa2c-3e0db63a2b2c,consultaciudadanalampa.cl,"consultaciudadanalampa.cl,*.consultaciudadanalampa.cl",EXPIRED,AMAZON_ISSUED,INELIGIBLE,2019-12-13 10:47:24 +0100,,2021-12-15 00:59:59 +0100
arn:aws:acm:us-east-1:389841910643:certificate/c27b48d7-593a-4c77-b19a-d724a7613a3a,udenaanhetwoord.nl,"udenaanhetwoord.nl,*.udenaanhetwoord.nl",EXPIRED,AMAZON_ISSUED,INELIGIBLE,2020-12-15 18:37:56 +0100,,2022-01-14 00:59:59 +0100
arn:aws:acm:us-east-1:389841910643:certificate/ab877c9a-aee6-47c6-836e-0576d42e4784,demain-mont-saint-guibert.be,"demain-mont-saint-guibert.be,*.citizenlab.co,*.demain-mont-saint-guibert.be",EXPIRED,AMAZON_ISSUED,INELIGIBLE,2018-03-13 16:25:15 +0100,,2022-01-16 00:59:59 +0100
arn:aws:acm:us-east-1:389841910643:certificate/ec30128e-6cc2-42d2-9817-a97ce5c69497,kinrooimeemaken.be,"kinrooimeemaken.be,*.kinrooimeemaken.be",EXPIRED,AMAZON_ISSUED,INELIGIBLE,2019-02-25 15:21:34 +0100,,2022-01-28 00:59:59 +0100
arn:aws:acm:us-east-1:389841910643:certificate/705eb840-79cd-4993-b04c-0c7145796fc4,youthawards.wwf.be,"youthawards.wwf.be,*.youthawards.wwf.be",EXPIRED,AMAZON_ISSUED,INELIGIBLE,2021-01-20 16:07:42 +0100,,2022-02-19 00:59:59 +0100
arn:aws:acm:us-east-1:389841910643:certificate/f7d451e3-8472-4b30-9118-6f4514e847c6,hablemosde.cultura.gob.cl,hablemosde.cultura.gob.cl,EXPIRED,AMAZON_ISSUED,INELIGIBLE,2021-02-15 10:50:10 +0100,,2022-03-19 00:59:59 +0100
arn:aws:acm:us-east-1:389841910643:certificate/7e87216a-2825-4a27-848b-d718a64481d9,speakup2019.be,"speakup2019.be,*.speakup2019.be",EXPIRED,AMAZON_ISSUED,INELIGIBLE,2019-04-26 14:53:28 +0200,,2022-03-30 01:59:59 +0200
arn:aws:acm:us-east-1:389841910643:certificate/8ee12f5b-4ad5-4db3-8f95-75adac3fbe19,online.assemblee.brussels,,FAILED,AMAZON_ISSUED,INELIGIBLE,2021-04-13 15:26:26 +0200,,
arn:aws:acm:us-east-1:389841910643:certificate/c4af5ec4-e800-4b13-9f7c-4d606796bf4a,participation.ville-bois-guillaume.fr,"participation.ville-bois-guillaume.fr,*.participation.ville-bois-guillaume.fr",EXPIRED,AMAZON_ISSUED,INELIGIBLE,2021-04-14 11:28:16 +0200,,2022-05-14 01:59:59 +0200
arn:aws:acm:us-east-1:389841910643:certificate/7cc7bd81-0b3e-4cd2-b4a7-c6bcc933863e,policylab.org.uk,"policylab.org.uk,*.policylab.org.uk",EXPIRED,AMAZON_ISSUED,INELIGIBLE,2020-06-16 15:27:27 +0200,,2022-06-17 01:59:59 +0200
arn:aws:acm:us-east-1:389841910643:certificate/f35339cd-3364-44ec-940d-110c6f60fea3,plan-velo.charenton.fr,"plan-velo.charenton.fr,*.plan-velo.charenton.fr",EXPIRED,AMAZON_ISSUED,INELIGIBLE,2021-06-18 09:55:43 +0200,,2022-07-18 01:59:59 +0200
arn:aws:acm:us-east-1:389841910643:certificate/af29c8c1-5959-49ad-8733-b408a66c27c4,praatmee.schoten.be,"praatmee.schoten.be,*.praatmee.schoten.be",EXPIRED,AMAZON_ISSUED,INELIGIBLE,2021-06-18 11:53:41 +0200,,2022-07-18 01:59:59 +0200
arn:aws:acm:us-east-1:389841910643:certificate/60c82007-b103-47c9-8d6d-90f13b3b05c9,all-for-zero.be,"all-for-zero.be,*.all-for-zero.be",EXPIRED,AMAZON_ISSUED,INELIGIBLE,2021-06-30 16:14:52 +0200,,2022-07-30 01:59:59 +0200
arn:aws:acm:us-east-1:389841910643:certificate/f37b79ab-e2c4-4cd2-a96c-d735c696999a,meedoen.losser.nl,meedoen.losser.nl,EXPIRED,AMAZON_ISSUED,INELIGIBLE,2021-07-16 12:09:35 +0200,,2022-08-15 01:59:59 +0200
arn:aws:acm:us-east-1:389841910643:certificate/91018897-c7ca-48a8-a646-81df00f3481e,inclusiondigitaleinclusie.be,"inclusiondigitaleinclusie.be,*.inclusiondigitaleinclusie.be",EXPIRED,AMAZON_ISSUED,INELIGIBLE,2018-10-18 16:42:49 +0200,,2022-08-24 01:59:59 +0200
arn:aws:acm:us-east-1:389841910643:certificate/51a295fa-5843-410b-ae15-4cae20e18583,participatie.laarne.be,"participatie.laarne.be,*.participatie.laarne.be",EXPIRED,AMAZON_ISSUED,INELIGIBLE,2018-10-19 13:26:21 +0200,,2022-08-25 01:59:59 +0200
arn:aws:acm:us-east-1:389841910643:certificate/ddb346af-7f32-4a30-a444-d87a6650bafb,meedoen.losser.nl,"meedoen.losser.nl,www.meedoen.losser.nl",EXPIRED,IMPORTED,INELIGIBLE,2021-08-09 18:26:27 +0200,2021-08-09 18:26:27 +0200,2022-09-05 01:59:59 +0200
arn:aws:acm:us-east-1:389841910643:certificate/ac5c15ba-dc02-45ac-90ae-c15be7ecdaa7,innovationshauptplatz.linz.at,"innovationshauptplatz.linz.at,*.innovationshauptplatz.linz.at",EXPIRED,AMAZON_ISSUED,INELIGIBLE,2019-10-07 17:06:12 +0200,,2022-09-12 01:59:59 +0200
arn:aws:acm:us-east-1:389841910643:certificate/bbc67b0a-01d6-419b-9c02-4e4fe3632bbc,soroe.dialog.dk,,FAILED,AMAZON_ISSUED,INELIGIBLE,2021-09-08 11:06:00 +0200,,
arn:aws:acm:us-east-1:389841910643:certificate/3feef3ed-f0c2-4a36-8aed-835aba0d2dd2,derechoshumanoslocales.cl,"derechoshumanoslocales.cl,*.derechoshumanoslocales.cl",EXPIRED,AMAZON_ISSUED,INELIGIBLE,2020-10-12 12:42:18 +0200,,2022-10-13 01:59:59 +0200
arn:aws:acm:us-east-1:389841910643:certificate/51da92d4-465f-4396-ae69-cd1f75ed3417,platform.culemborg.nl,"platform.culemborg.nl,www.platform.culemborg.nl",EXPIRED,IMPORTED,INELIGIBLE,2021-09-15 10:23:41 +0200,2021-09-15 10:23:41 +0200,2022-09-02 01:59:59 +0200
arn:aws:acm:us-east-1:389841910643:certificate/69bb4e4f-e520-4cd8-880b-f684771329bb,deltag.voresmaal.dk,"deltag.voresmaal.dk,*.deltag.voresmaal.dk",EXPIRED,AMAZON_ISSUED,INELIGIBLE,2019-11-21 10:35:23 +0100,,2022-10-24 01:59:59 +0200
arn:aws:acm:us-east-1:389841910643:certificate/55454780-3556-46e7-b1a3-3a79798e9fe6,consulta2021.talcaparticipa.cl,"consulta2021.talcaparticipa.cl,*.consulta2021.talcaparticipa.cl",EXPIRED,AMAZON_ISSUED,INELIGIBLE,2021-10-04 17:22:31 +0200,,2022-11-03 00:59:59 +0100
arn:aws:acm:us-east-1:389841910643:certificate/438e1f9b-a59c-44a9-8689-9b80eccb9225,*.citizenlab.co,"*.citizenlab.co,*.bodobylab.no",EXPIRED,AMAZON_ISSUED,INELIGIBLE,2018-04-04 10:38:31 +0200,,2023-01-04 00:59:59 +0100
arn:aws:acm:us-east-1:389841910643:certificate/94b6ca06-5155-453e-9783-8ff4e17bc244,www.zukunft-pfaffenhausen.de,"www.zukunft-pfaffenhausen.de,pfaffenhausen.citizenlab.co",EXPIRED,AMAZON_ISSUED,INELIGIBLE,2018-02-20 09:46:22 +0100,,2023-01-05 00:59:59 +0100
arn:aws:acm:us-east-1:389841910643:certificate/4873d666-5bc0-4451-af58-05555985d780,leuvenmaakhetmee.be,"leuvenmaakhetmee.be,*.leuvenmaakhetmee.be",EXPIRED,AMAZON_ISSUED,INELIGIBLE,2019-03-26 13:34:53 +0100,,2023-01-25 00:59:59 +0100
arn:aws:acm:us-east-1:389841910643:certificate/d89f8fad-1f74-4235-abcf-c2cf1ebc3486,jesuiseucolo.org,jesuiseucolo.org,EXPIRED,AMAZON_ISSUED,INELIGIBLE,2022-01-18 18:18:38 +0100,,2023-02-18 00:59:59 +0100
arn:aws:acm:us-east-1:389841910643:certificate/52b2f6de-3ded-4187-bc02-445541bbdf5b,mobilli.wallonie.be,,FAILED,AMAZON_ISSUED,INELIGIBLE,2022-01-20 17:32:25 +0100,,
arn:aws:acm:us-east-1:389841910643:certificate/b28f8193-380d-4927-9cb7-6472ad7c7855,dialogportalen.odense.dk,"dialogportalen.odense.dk,*.dialogportalen.odense.dk",EXPIRED,AMAZON_ISSUED,INELIGIBLE,2021-03-04 09:13:18 +0100,,2023-03-04 00:59:59 +0100
arn:aws:acm:us-east-1:389841910643:certificate/07e76cdd-7faa-4ba6-a3d2-e9c602ae7109,samen.rijswijk.nl,,FAILED,AMAZON_ISSUED,INELIGIBLE,2022-03-11 15:15:56 +0100,,
arn:aws:acm:us-east-1:389841910643:certificate/adfc20de-e572-48ec-88a6-a1585d83c3ec,implication.mairie-lesmureaux.fr,,FAILED,AMAZON_ISSUED,INELIGIBLE,2022-03-31 18:39:42 +0200,,
arn:aws:acm:us-east-1:389841910643:certificate/7f26bd23-cc8b-4b8e-8402-6289a3894a27,citizenlab.seattle.gov,citizenlab.seattle.gov,EXPIRED,IMPORTED,INELIGIBLE,2022-04-20 17:04:31 +0200,2022-04-20 17:04:31 +0200,2023-04-07 22:58:42 +0200
arn:aws:acm:us-east-1:389841910643:certificate/773b6d97-e96d-4383-bef6-33e4b7416e7b,denkmee.utrecht.nl,denkmee.utrecht.nl,EXPIRED,IMPORTED,INELIGIBLE,2022-08-05 12:13:56 +0200,2022-08-05 12:13:56 +0200,2023-08-22 17:31:18 +0200
arn:aws:acm:us-east-1:389841910643:certificate/38863476-11ed-4637-8f5b-b5b53e7a0a5c,jaibaparticipa.com.br,jaibaparticipa.com.br,FAILED,AMAZON_ISSUED,INELIGIBLE,2022-08-09 11:32:09 +0200,,
arn:aws:acm:us-east-1:389841910643:certificate/22904c31-0772-4c1d-b70f-82173016f64e,meedoen.losser.nl,"meedoen.losser.nl,www.meedoen.losser.nl",EXPIRED,IMPORTED,INELIGIBLE,2022-08-25 11:37:41 +0200,2022-08-25 11:37:41 +0200,2023-08-05 01:59:59 +0200
arn:aws:acm:us-east-1:389841910643:certificate/ba96a7c6-4039-45bd-a47c-814680a7aaa5,platform.culemborg.nl,"platform.culemborg.nl,www.platform.culemborg.nl",EXPIRED,IMPORTED,INELIGIBLE,2022-08-31 14:04:45 +0200,2022-08-31 14:04:45 +0200,2023-10-02 01:59:59 +0200
arn:aws:acm:us-east-1:389841910643:certificate/13ab67af-d263-4516-a7df-b8a74291c36d,denkmee.amstelveen.nl,denkmee.amstelveen.nl,EXPIRED,IMPORTED,INELIGIBLE,2019-08-21 14:52:13 +0200,2022-09-10 00:00:59 +0200,2023-07-20 01:59:59 +0200
arn:aws:acm:us-east-1:389841910643:certificate/be23ee86-204e-4c38-b9be-1f013511b768,participa.mpudahuel.cl,participa.mpudahuel.cl,EXPIRED,AMAZON_ISSUED,INELIGIBLE,2022-08-08 17:54:01 +0200,,2023-09-07 01:59:59 +0200
arn:aws:acm:us-east-1:389841910643:certificate/fda3dd1c-fb1c-4b93-a49d-55a617e1ee82,stadtgestalten.duesseldorf-marketing.de,stadtgestalten.duesseldorf-marketing.de,EXPIRED,AMAZON_ISSUED,INELIGIBLE,2022-08-10 17:03:04 +0200,,2023-09-09 01:59:59 +0200
arn:aws:acm:us-east-1:389841910643:certificate/a49e3441-fa5c-4903-9e9a-66efb5e88e63,participatie.aalsmeer.nl,participatie.aalsmeer.nl,ISSUED,IMPORTED,INELIGIBLE,2019-03-13 17:41:30 +0100,2022-12-23 11:15:45 +0100,2024-01-19 00:59:59 +0100
arn:aws:acm:us-east-1:389841910643:certificate/f379d999-55cc-4114-b338-785a59c24143,onwardchickasha.org,"onwardchickasha.org,*.onwardchickasha.org",ISSUED,AMAZON_ISSUED,ELIGIBLE,2023-01-17 10:13:29 +0100,,2024-02-16 00:59:59 +0100
arn:aws:acm:us-east-1:389841910643:certificate/8577b90c-7f84-4e07-925d-7b8ce8bbb247,engage.hellamtownship.com,"engage.hellamtownship.com,*.engage.hellamtownship.com",ISSUED,AMAZON_ISSUED,ELIGIBLE,2023-01-17 10:13:56 +0100,,2024-02-16 00:59:59 +0100
arn:aws:acm:us-east-1:389841910643:certificate/c1ee67b7-c30f-4bda-84c7-97ee1d936582,doemee.beverwijk.nl,"doemee.beverwijk.nl,*.doemee.beverwijk.nl",ISSUED,AMAZON_ISSUED,ELIGIBLE,2023-01-17 10:14:19 +0100,,2024-02-16 00:59:59 +0100
arn:aws:acm:us-east-1:389841910643:certificate/1184e538-259b-4b18-80f2-e7585fcae651,participa.lareina.cl,"participa.lareina.cl,*.participa.lareina.cl",ISSUED,AMAZON_ISSUED,ELIGIBLE,2023-01-17 10:14:42 +0100,,2024-02-16 00:59:59 +0100
arn:aws:acm:us-east-1:389841910643:certificate/57333f3d-4931-43e2-a606-3037d57aeb5c,denkmee.beverwijk.nl,"denkmee.beverwijk.nl,*.denkmee.beverwijk.nl",ISSUED,AMAZON_ISSUED,ELIGIBLE,2023-01-18 13:07:12 +0100,,2024-02-17 00:59:59 +0100
arn:aws:acm:us-east-1:389841910643:certificate/120cdf6e-6e6f-4e02-a820-bf70be524098,borgerforum.regionh.dk,"borgerforum.regionh.dk,*.borgerforum.regionh.dk",ISSUED,AMAZON_ISSUED,ELIGIBLE,2023-01-19 15:27:33 +0100,,2024-02-18 00:59:59 +0100
arn:aws:acm:us-east-1:389841910643:certificate/66a68d20-5998-48ae-8dc2-aa3dbb296627,doemee-oirschot.nl,"doemee-oirschot.nl,*.doemee-oirschot.nl",ISSUED,AMAZON_ISSUED,ELIGIBLE,2021-03-22 20:53:40 +0100,,2024-02-20 00:59:59 +0100
arn:aws:acm:us-east-1:389841910643:certificate/96eb4ec5-adba-4fe6-a534-3c9a39903a04,nuestravozimporta.cl,"nuestravozimporta.cl,*.nuestravozimporta.cl",ISSUED,AMAZON_ISSUED,ELIGIBLE,2021-03-22 15:00:45 +0100,,2024-02-20 00:59:59 +0100
arn:aws:acm:us-east-1:389841910643:certificate/8085e97d-4f17-4488-9d5f-e90150d51078,denkmee.dendermonde.be,"denkmee.dendermonde.be,*.denkmee.dendermonde.be",ISSUED,AMAZON_ISSUED,ELIGIBLE,2020-04-21 11:13:14 +0200,,2024-02-21 00:59:59 +0100
arn:aws:acm:us-east-1:389841910643:certificate/2ba9f116-6e7d-4c10-a10f-4af6320bf4ba,jeparticipe.rungis.fr,"jeparticipe.rungis.fr,*.jeparticipe.rungis.fr",ISSUED,AMAZON_ISSUED,ELIGIBLE,2021-03-24 18:53:56 +0100,,2024-02-22 00:59:59 +0100
arn:aws:acm:us-east-1:389841910643:certificate/b360f852-e831-48c1-90e9-31b48ecc0a92,jaimerueiljeparticipe.fr,"jaimerueiljeparticipe.fr,*.jaimerueiljeparticipe.fr",ISSUED,AMAZON_ISSUED,ELIGIBLE,2018-06-18 11:26:38 +0200,,2024-02-22 00:59:59 +0100
arn:aws:acm:us-east-1:389841910643:certificate/d79304d8-368e-4986-8b70-d440f0e40f6d,participatie.kruisem.be,"participatie.kruisem.be,*.participatie.kruisem.be",ISSUED,AMAZON_ISSUED,ELIGIBLE,2021-03-24 18:53:07 +0100,,2024-02-22 00:59:59 +0100
arn:aws:acm:us-east-1:389841910643:certificate/70d012e0-62ed-453e-a07b-b2f264d2b3cd,forum.urbansecurity.be,"forum.urbansecurity.be,*.forum.urbansecurity.be",ISSUED,AMAZON_ISSUED,ELIGIBLE,2020-04-23 19:02:56 +0200,,2024-02-23 00:59:59 +0100
arn:aws:acm:us-east-1:389841910643:certificate/92e7b6d6-7fc0-45fd-b7b7-5c896d51be7f,consultation.troyes.fr,"consultation.troyes.fr,*.consultation.troyes.fr",ISSUED,AMAZON_ISSUED,ELIGIBLE,2022-02-23 18:19:45 +0100,,2024-02-24 00:59:59 +0100
arn:aws:acm:us-east-1:389841910643:certificate/6b424fb4-3a39-4561-a531-08d5a7b4ef21,voluitsamen.kortenberg.be,voluitsamen.kortenberg.be,ISSUED,AMAZON_ISSUED,ELIGIBLE,2021-03-24 17:24:13 +0100,,2024-02-24 00:59:59 +0100
arn:aws:acm:us-east-1:389841910643:certificate/8ec00952-82bd-43a7-ab17-82ed7814af84,8940spreekt.be,"8940spreekt.be,*.8940spreekt.be",ISSUED,AMAZON_ISSUED,ELIGIBLE,2022-02-24 10:39:39 +0100,,2024-02-25 00:59:59 +0100
arn:aws:acm:us-east-1:389841910643:certificate/acaa7cfd-f98e-434d-ae0a-c8da22e41cba,mach-mit.freiraum-fichtelgebirge.de,"mach-mit.freiraum-fichtelgebirge.de,*.mach-mit.freiraum-fichtelgebirge.de",ISSUED,AMAZON_ISSUED,ELIGIBLE,2020-04-27 15:24:12 +0200,,2024-02-27 00:59:59 +0100
arn:aws:acm:us-east-1:389841910643:certificate/fd7fb934-e21e-4648-91c8-61d012c80365,wuustwezelwenst.be,"wuustwezelwenst.be,*.wuustwezelwenst.be",ISSUED,AMAZON_ISSUED,ELIGIBLE,2019-05-27 13:42:18 +0200,,2024-02-29 00:59:59 +0100
arn:aws:acm:us-east-1:389841910643:certificate/a6ddea7a-5dec-4fe8-a913-79142dcb79aa,imaginons-annemasse.fr,"imaginons-annemasse.fr,*.imaginons-annemasse.fr",ISSUED,AMAZON_ISSUED,ELIGIBLE,2022-03-01 10:11:05 +0100,,2024-03-01 00:59:59 +0100
arn:aws:acm:us-east-1:389841910643:certificate/46427cf4-4c7d-46a3-bc89-6b0bd4e8a549,participation.frw.be,"participation.frw.be,*.participation.frw.be",ISSUED,AMAZON_ISSUED,ELIGIBLE,2018-06-26 15:31:18 +0200,,2024-03-01 00:59:59 +0100
arn:aws:acm:us-east-1:389841910643:certificate/5662ea9b-0675-4af2-89ff-e1cc9c005787,consultation.troyes-champagne-metropole.fr,"consultation.troyes-champagne-metropole.fr,*.consultation.troyes-champagne-metropole.fr",ISSUED,AMAZON_ISSUED,ELIGIBLE,2022-03-04 13:19:50 +0100,,2024-03-04 00:59:59 +0100
arn:aws:acm:us-east-1:389841910643:certificate/58c9398d-3943-48c7-af95-e0b3fe4f6ec6,stadsgesprekken.almere.nl,"stadsgesprekken.almere.nl,*.stadsgesprekken.almere.nl",ISSUED,AMAZON_ISSUED,ELIGIBLE,2020-05-04 11:37:21 +0200,,2024-03-06 00:59:59 +0100
arn:aws:acm:us-east-1:389841910643:certificate/67d2f3d6-e4ce-4069-bf83-93a32355f5c4,inspraak.oudenaarde.be,"inspraak.oudenaarde.be,*.inspraak.oudenaarde.be",ISSUED,AMAZON_ISSUED,ELIGIBLE,2019-06-03 17:25:26 +0200,,2024-03-07 00:59:59 +0100
arn:aws:acm:us-east-1:389841910643:certificate/6f749409-9bb9-4ba0-9946-737da0d861fd,rebuildtherec.org,"rebuildtherec.org,*.rebuildtherec.org",ISSUED,AMAZON_ISSUED,ELIGIBLE,2023-02-06 16:42:34 +0100,,2024-03-07 00:59:59 +0100
arn:aws:acm:us-east-1:389841910643:certificate/196b079a-8e95-4300-8ecf-df2d68ed570d,wapeisje.be,"wapeisje.be,*.wapeisje.be",ISSUED,AMAZON_ISSUED,ELIGIBLE,2018-07-02 15:30:58 +0200,,2024-03-08 00:59:59 +0100
arn:aws:acm:us-east-1:389841910643:certificate/3fbc1499-1f34-425d-8520-712ef41b8d3b,samen.stekene.be,"samen.stekene.be,*.samen.stekene.be",ISSUED,AMAZON_ISSUED,ELIGIBLE,2022-03-09 16:08:24 +0100,,2024-03-09 00:59:59 +0100
arn:aws:acm:us-east-1:389841910643:certificate/3d2da8f4-f85c-422f-b189-643213482cc5,samen.noordwijk.nl,samen.noordwijk.nl,ISSUED,AMAZON_ISSUED,ELIGIBLE,2020-05-07 14:57:53 +0200,,2024-03-09 00:59:59 +0100
arn:aws:acm:us-east-1:389841910643:certificate/8bb206b5-c30e-4795-a504-155eed4b3e25,kommuneqarfiga.sermersooq.gl,"kommuneqarfiga.sermersooq.gl,*.kommuneqarfiga.sermersooq.gl",ISSUED,AMAZON_ISSUED,ELIGIBLE,2020-05-07 18:28:14 +0200,,2024-03-09 00:59:59 +0100
arn:aws:acm:us-east-1:389841910643:certificate/94d2faf9-4b96-47c4-8d87-715e0ef1fda0,webuild.bethlehem-pa.gov,"webuild.bethlehem-pa.gov,*.webuild.bethlehem-pa.gov",ISSUED,AMAZON_ISSUED,ELIGIBLE,2022-03-11 10:26:07 +0100,,2024-03-11 00:59:59 +0100
arn:aws:acm:us-east-1:389841910643:certificate/cdf010f3-5b2a-4217-ad38-11991ebb8249,deleraar.vlor.be,"deleraar.vlor.be,*.deleraar.vlor.be",ISSUED,AMAZON_ISSUED,ELIGIBLE,2021-04-12 19:39:46 +0200,,2024-03-12 00:59:59 +0100
arn:aws:acm:us-east-1:389841910643:certificate/4b51ee89-af40-46a0-8298-2269b21b9c41,mitmachen.coburg.de,"mitmachen.coburg.de,*.mitmachen.coburg.de",ISSUED,AMAZON_ISSUED,ELIGIBLE,2022-03-16 15:49:00 +0100,,2024-03-16 00:59:59 +0100
arn:aws:acm:us-east-1:389841910643:certificate/292e2c83-c2e1-4517-a14f-d10d29a5c79c,communitystream.co.uk,"communitystream.co.uk,*.communitystream.co.uk",ISSUED,AMAZON_ISSUED,ELIGIBLE,2020-05-14 17:41:57 +0200,,2024-03-16 00:59:59 +0100
arn:aws:acm:us-east-1:389841910643:certificate/636575d8-0365-427d-804d-55bdd57ed0ed,mijn.ninove.be,"mijn.ninove.be,*.mijn.ninove.be",ISSUED,AMAZON_ISSUED,ELIGIBLE,2019-06-13 16:05:46 +0200,,2024-03-17 00:59:59 +0100
arn:aws:acm:us-east-1:389841910643:certificate/4cbda4b8-ef01-45c1-ac0e-abb67d03dbc5,gemeinsam.eins.de,"gemeinsam.eins.de,*.gemeinsam.eins.de",ISSUED,AMAZON_ISSUED,ELIGIBLE,2023-02-16 16:20:39 +0100,,2024-03-17 00:59:59 +0100
arn:aws:acm:us-east-1:389841910643:certificate/e1749933-d519-48e8-ae5b-942dcd924688,straatvandetoekomst.spaarnelanden.nl,"straatvandetoekomst.spaarnelanden.nl,*.straatvandetoekomst.spaarnelanden.nl",ISSUED,AMAZON_ISSUED,ELIGIBLE,2023-02-16 16:21:34 +0100,,2024-03-17 00:59:59 +0100
arn:aws:acm:us-east-1:389841910643:certificate/bd0615ef-18d3-49c2-b544-00a6a7d28a72,*.jeparticipe.bourgoinjallieu.fr,"*.jeparticipe.bourgoinjallieu.fr,jeparticipe.bourgoinjallieu.fr",ISSUED,AMAZON_ISSUED,ELIGIBLE,2021-03-08 19:31:43 +0100,,2024-02-06 00:59:59 +0100
arn:aws:acm:us-east-1:389841910643:certificate/7fa2f57d-1656-4ecb-b75d-17a6e4110e6f,engageonenorthsidepgh.org,"engageonenorthsidepgh.org,*.engageonenorthsidepgh.org",ISSUED,AMAZON_ISSUED,ELIGIBLE,2023-02-17 16:55:23 +0100,,2024-03-18 00:59:59 +0100
arn:aws:acm:us-east-1:389841910643:certificate/66cc91ca-68a1-4703-b041-a8e64c4472d6,wijzijn.kuurne.be,wijzijn.kuurne.be,ISSUED,AMAZON_ISSUED,ELIGIBLE,2021-04-20 17:14:34 +0200,,2024-03-20 00:59:59 +0100
arn:aws:acm:us-east-1:389841910643:certificate/63e2d22e-3882-4e19-ad6e-8953e09a7dc0,aandeslag.gemeentealtena.nl,aandeslag.gemeentealtena.nl,ISSUED,AMAZON_ISSUED,ELIGIBLE,2020-05-19 10:34:00 +0200,,2024-03-20 00:59:59 +0100
arn:aws:acm:us-east-1:389841910643:certificate/e9bdd1d0-103b-4ec9-8d14-00b19409ff79,participanoneutrales.cl,"participanoneutrales.cl,*.participanoneutrales.cl",EXPIRED,AMAZON_ISSUED,INELIGIBLE,2020-10-29 14:15:19 +0100,,2023-09-27 01:59:59 +0200
arn:aws:acm:us-east-1:389841910643:certificate/1b9a2aaa-9ac4-4e5f-9edb-c71704bb2252,stadtgestalten.duesseldorf-marketing.de,"stadtgestalten.duesseldorf-marketing.de,*.stadtgestalten.duesseldorf-marketing.de",EXPIRED,AMAZON_ISSUED,INELIGIBLE,2022-08-03 16:35:30 +0200,,2023-09-02 01:59:59 +0200
arn:aws:acm:us-east-1:389841910643:certificate/40b183d1-a6d2-4b46-9622-ab66d0384535,tourismusstrategie-brandenburg.de,"tourismusstrategie-brandenburg.de,*.tourismusstrategie-brandenburg.de",EXPIRED,AMAZON_ISSUED,INELIGIBLE,2022-06-07 12:00:49 +0200,,2023-07-09 01:59:59 +0200
arn:aws:acm:us-east-1:389841910643:certificate/33fb5a90-84ce-4184-ad36-2cfa277158bb,doemee.middelburgers.nl,doemee.middelburgers.nl,EXPIRED,AMAZON_ISSUED,INELIGIBLE,2020-12-22 11:25:43 +0100,,2023-11-21 00:59:59 +0100
arn:aws:acm:us-east-1:389841910643:certificate/1bd23b19-e2b0-46a4-90a3-36f2e6c2927a,engage.cityoflancasterpa.com,"engage.cityoflancasterpa.com,*.engage.cityoflancasterpa.com",EXPIRED,AMAZON_ISSUED,INELIGIBLE,2020-09-28 14:45:30 +0200,,2023-08-30 01:59:59 +0200
arn:aws:acm:us-east-1:389841910643:certificate/587aa6f7-25bf-41d4-9dcf-cecc903b4b35,denkmee.schouwen-duiveland.nl,"denkmee.schouwen-duiveland.nl,*.denkmee.schouwen-duiveland.nl",ISSUED,AMAZON_ISSUED,ELIGIBLE,2021-03-08 19:23:48 +0100,,2024-02-06 00:59:59 +0100
arn:aws:acm:us-east-1:389841910643:certificate/9cb93de7-6529-4bfd-9488-af912e3cb3e7,meridianoneconsultation.co.uk,"meridianoneconsultation.co.uk,*.meridianoneconsultation.co.uk",EXPIRED,AMAZON_ISSUED,INELIGIBLE,2020-08-21 17:13:01 +0200,,2023-07-23 01:59:59 +0200
arn:aws:acm:us-east-1:389841910643:certificate/1fe053ba-2564-443e-8bad-b879c55b6238,dialog.assens.dk,"dialog.assens.dk,*.dialog.assens.dk",ISSUED,AMAZON_ISSUED,ELIGIBLE,2021-03-10 19:08:00 +0100,,2024-02-08 00:59:59 +0100
arn:aws:acm:us-east-1:389841910643:certificate/24b2ebb7-cdf9-4a6a-bbdd-53984472f5e9,ideevoor.hasselt.be,"ideevoor.hasselt.be,*.ideevoor.hasselt.be",ISSUED,AMAZON_ISSUED,ELIGIBLE,2019-06-19 16:10:13 +0200,,2024-03-23 00:59:59 +0100
arn:aws:acm:us-east-1:389841910643:certificate/9bf32a69-e058-44f1-a8f9-b45631530029,borgerdialog.nyborg.dk,"borgerdialog.nyborg.dk,*.borgerdialog.nyborg.dk",ISSUED,AMAZON_ISSUED,ELIGIBLE,2022-03-24 16:04:42 +0100,,2024-03-24 00:59:59 +0100
arn:aws:acm:us-east-1:389841910643:certificate/d4ba1f0b-290f-493a-8c59-d0869ad93266,idee-wo.be,"idee-wo.be,*.idee-wo.be",EXPIRED,AMAZON_ISSUED,INELIGIBLE,2018-12-04 13:33:12 +0100,,2023-09-10 01:59:59 +0200
arn:aws:acm:us-east-1:389841910643:certificate/2c272260-732b-4fa7-8482-55cf2ecdd95c,monquartierinnove.fr,"monquartierinnove.fr,*.monquartierinnove.fr",ISSUED,AMAZON_ISSUED,ELIGIBLE,2019-05-09 16:36:22 +0200,,2024-02-11 00:59:59 +0100
arn:aws:acm:us-east-1:389841910643:certificate/36f1a757-0ca2-4015-a635-22a4034fd5ef,newplanforimmigration.com,"newplanforimmigration.com,*.newplanforimmigration.com",ISSUED,AMAZON_ISSUED,ELIGIBLE,2021-03-12 18:51:01 +0100,,2024-02-10 00:59:59 +0100
arn:aws:acm:us-east-1:389841910643:certificate/03bc18f3-c77b-4813-a0fd-ea1905270204,hilversum2040.nl,"hilversum2040.nl,*.hilversum2040.nl",EXPIRED,AMAZON_ISSUED,INELIGIBLE,2021-06-01 09:35:20 +0200,,2023-06-01 01:59:59 +0200
arn:aws:acm:us-east-1:389841910643:certificate/60dfcd86-e043-48c3-92e1-b1290cef45fe,mortselinbeweging.be,"mortselinbeweging.be,*.mortselinbeweging.be",ISSUED,AMAZON_ISSUED,ELIGIBLE,2018-05-30 11:04:57 +0200,,2024-02-04 00:59:59 +0100
arn:aws:acm:us-east-1:389841910643:certificate/735a3dd1-3066-463a-9ec1-dc6c98b46932,forum.wichita.gov,forum.wichita.gov,EXPIRED,AMAZON_ISSUED,INELIGIBLE,2021-09-14 15:51:40 +0200,,2023-09-17 01:59:59 +0200
arn:aws:acm:us-east-1:389841910643:certificate/e125ea1f-102e-47bd-811f-fa74e5b0f415,plan.providenceri.gov,"plan.providenceri.gov,*.plan.providenceri.gov",ISSUED,AMAZON_ISSUED,INELIGIBLE,2023-02-24 12:11:12 +0100,,2024-03-25 00:59:59 +0100
arn:aws:acm:us-east-1:389841910643:certificate/8c60abd6-5a95-4e00-a20b-61e2f171415f,borgerlab.vejle.dk,"borgerlab.vejle.dk,*.borgerlab.vejle.dk",ISSUED,AMAZON_ISSUED,ELIGIBLE,2023-02-24 12:11:33 +0100,,2024-03-25 00:59:59 +0100
arn:aws:acm:us-east-1:389841910643:certificate/8c97bd49-0c02-43b7-80f2-ed7910b84f8d,plan.providenceri.gov,"plan.providenceri.gov,*.plan.providenceri.gov",ISSUED,AMAZON_ISSUED,ELIGIBLE,2023-02-24 12:13:24 +0100,,2024-03-25 00:59:59 +0100
arn:aws:acm:us-east-1:389841910643:certificate/5c7fee0e-7734-4e9e-8ba0-b329d441e318,denkmee-hoogstraten.be,"denkmee-hoogstraten.be,*.denkmee-hoogstraten.be",EXPIRED,AMAZON_ISSUED,INELIGIBLE,2019-05-09 09:36:48 +0200,,2023-03-13 00:59:59 +0100
arn:aws:acm:us-east-1:389841910643:certificate/ef5625dc-daa8-43e7-a2f9-6bdbe9c966bb,denkmee.bodegraven-reeuwijk.nl,denkmee.bodegraven-reeuwijk.nl,ISSUED,AMAZON_ISSUED,ELIGIBLE,2021-04-28 11:15:04 +0200,,2024-03-27 00:59:59 +0100
arn:aws:acm:us-east-1:389841910643:certificate/cf2b77b4-790f-4e44-90c4-ce53de80c8c3,samen.dongen.nl,"samen.dongen.nl,*.samen.dongen.nl",ISSUED,AMAZON_ISSUED,ELIGIBLE,2020-05-25 18:01:32 +0200,,2024-03-27 00:59:59 +0100
arn:aws:acm:us-east-1:389841910643:certificate/1beee9a6-bb7d-4967-9c15-c12e06b99624,stemvan.wageningen.nl,"stemvan.wageningen.nl,*.stemvan.wageningen.nl",ISSUED,AMAZON_ISSUED,ELIGIBLE,2020-05-26 14:03:04 +0200,,2024-03-28 00:59:59 +0100
arn:aws:acm:us-east-1:389841910643:certificate/f4a08da8-73b6-459e-be51-be88b4bf1cfb,denkmee.katwijk.nl,denkmee.katwijk.nl,EXPIRED,AMAZON_ISSUED,INELIGIBLE,2021-06-08 16:25:29 +0200,,2023-06-09 01:59:59 +0200
arn:aws:acm:us-east-1:389841910643:certificate/e1e4b65b-e299-4f5b-9a5f-0d74904c8b18,jeparticipe.saint-flour.net,"jeparticipe.saint-flour.net,*.jeparticipe.saint-flour.net",ISSUED,AMAZON_ISSUED,ELIGIBLE,2022-02-10 13:10:12 +0100,,2024-02-11 00:59:59 +0100
arn:aws:acm:us-east-1:389841910643:certificate/b9fbd4ee-0fa4-429a-aea3-75f76ae50abc,heumenpraatmee.nl,"heumenpraatmee.nl,*.heumenpraatmee.nl",EXPIRED,AMAZON_ISSUED,INELIGIBLE,2019-11-07 10:26:27 +0100,,2023-09-11 01:59:59 +0200
arn:aws:acm:us-east-1:389841910643:certificate/9efcaf5e-4239-4298-bed5-d84cd001d719,idee.haaltert.be,idee.haaltert.be,EXPIRED,AMAZON_ISSUED,INELIGIBLE,2021-09-24 14:37:36 +0200,,2023-09-27 01:59:59 +0200
arn:aws:acm:us-east-1:389841910643:certificate/3e756bb8-b021-45f9-a0f6-84a14ddeb12d,ichtegeminspireert.be,"ichtegeminspireert.be,*.ichtegeminspireert.be",ISSUED,AMAZON_ISSUED,ELIGIBLE,2019-06-21 09:54:55 +0200,,2024-03-29 00:59:59 +0100
arn:aws:acm:us-east-1:389841910643:certificate/eaf46b54-8bd4-411a-a407-e6c06cfcbb14,getinvolved.dorsetcouncil.gov.uk,"getinvolved.dorsetcouncil.gov.uk,*.getinvolved.dorsetcouncil.gov.uk",ISSUED,AMAZON_ISSUED,ELIGIBLE,2022-02-02 15:21:15 +0100,,2024-02-03 00:59:59 +0100
arn:aws:acm:us-east-1:389841910643:certificate/9ea17d16-8fc3-408c-a237-c64cecc4679a,team.one.brussels,"team.one.brussels,*.team.one.brussels",ISSUED,AMAZON_ISSUED,ELIGIBLE,2021-03-18 19:08:58 +0100,,2024-02-16 00:59:59 +0100
arn:aws:acm:us-east-1:389841910643:certificate/e4648ceb-b9f1-436f-b47b-a22ed2227f40,idee.namensnederland.nl,"idee.namensnederland.nl,*.idee.namensnederland.nl",EXPIRED,AMAZON_ISSUED,INELIGIBLE,2020-04-28 17:43:05 +0200,,2023-03-30 01:59:59 +0200
arn:aws:acm:us-east-1:389841910643:certificate/1c0fb4b8-2c9b-44f6-af8c-84a5a7a1d39b,mijngedacht.steenokkerzeel.be,"mijngedacht.steenokkerzeel.be,*.mijngedacht.steenokkerzeel.be",ISSUED,AMAZON_ISSUED,ELIGIBLE,2018-06-01 11:08:09 +0200,,2024-02-05 00:59:59 +0100
arn:aws:acm:us-east-1:389841910643:certificate/24a7eac1-94ac-4afa-9ceb-7e80541038ee,cheltenhamzero.org,cheltenhamzero.org,EXPIRED,AMAZON_ISSUED,INELIGIBLE,2021-10-20 16:01:18 +0200,,2023-10-20 01:59:59 +0200
arn:aws:acm:us-east-1:389841910643:certificate/2a4bc67f-2c38-452a-9e5c-9653f90d22e1,speakupafrika.net,"speakupafrika.net,*.speakupafrika.net",EXPIRED,AMAZON_ISSUED,INELIGIBLE,2022-03-11 16:19:14 +0100,,2023-04-10 01:59:59 +0200
arn:aws:acm:us-east-1:389841910643:certificate/936ff8f7-1ac3-488f-ba5e-b19d61308c0e,ingesprek.denhelder.nl,"ingesprek.denhelder.nl,*.ingesprek.denhelder.nl",ISSUED,AMAZON_ISSUED,ELIGIBLE,2021-03-12 18:52:29 +0100,,2024-02-10 00:59:59 +0100
arn:aws:acm:us-east-1:389841910643:certificate/796439d9-0d4e-48d8-aa8a-7a0c0d12b4b2,jeparticipe.malaunay.fr,"jeparticipe.malaunay.fr,*.jeparticipe.malaunay.fr",ISSUED,AMAZON_ISSUED,ELIGIBLE,2022-02-10 12:40:22 +0100,,2024-02-11 00:59:59 +0100
arn:aws:acm:us-east-1:389841910643:certificate/e46582bf-1b40-42b7-9fab-a5adffd93cdf,hecht.haacht.be,"hecht.haacht.be,*.hecht.haacht.be",EXPIRED,AMAZON_ISSUED,INELIGIBLE,2019-11-22 13:55:17 +0100,,2023-09-25 01:59:59 +0200
arn:aws:acm:us-east-1:389841910643:certificate/bfac7060-1b3e-4e24-95ce-bd2eacea4cfe,tppcoronel.cl,"tppcoronel.cl,*.tppcoronel.cl",EXPIRED,AMAZON_ISSUED,INELIGIBLE,2020-10-26 17:19:47 +0100,,2023-09-24 01:59:59 +0200
arn:aws:acm:us-east-1:389841910643:certificate/cf2c8f79-78c4-446e-8fce-d647e85e0287,shapingthamesmeadnow.org.uk,"shapingthamesmeadnow.org.uk,*.shapingthamesmeadnow.org.uk",ISSUED,AMAZON_ISSUED,ELIGIBLE,2021-03-09 17:29:32 +0100,,2024-02-06 00:59:59 +0100
arn:aws:acm:us-east-1:389841910643:certificate/46d72440-0632-4383-94ae-232fa3f4b885,samen.stedebroec.nl,"samen.stedebroec.nl,*.samen.stedebroec.nl",ISSUED,AMAZON_ISSUED,ELIGIBLE,2021-05-04 17:27:34 +0200,,2024-04-03 01:59:59 +0200
arn:aws:acm:us-east-1:389841910643:certificate/cba4f73b-12a3-498f-b0f3-79e9bead1c5a,samen.enkhuizen.nl,"samen.enkhuizen.nl,*.samen.enkhuizen.nl",ISSUED,AMAZON_ISSUED,ELIGIBLE,2021-05-04 17:26:25 +0200,,2024-04-03 01:59:59 +0200
arn:aws:acm:us-east-1:389841910643:certificate/4a976fb7-d62d-4d4d-85a3-58cab9d3efa1,goedgezegd.deinze.be,"goedgezegd.deinze.be,*.goedgezegd.deinze.be",ISSUED,AMAZON_ISSUED,ELIGIBLE,2020-06-02 16:47:23 +0200,,2024-04-03 01:59:59 +0200
arn:aws:acm:us-east-1:389841910643:certificate/1a5712c7-1888-4aa2-9bbe-1169c191d576,samen.drechterland.nl,"samen.drechterland.nl,*.samen.drechterland.nl",ISSUED,AMAZON_ISSUED,ELIGIBLE,2021-05-04 17:25:16 +0200,,2024-04-03 01:59:59 +0200
arn:aws:acm:us-east-1:389841910643:certificate/b07114a4-478d-444c-bce3-723c07a89540,samen.berlaar.be,"samen.berlaar.be,*.samen.berlaar.be",ISSUED,AMAZON_ISSUED,ELIGIBLE,2021-05-04 17:28:34 +0200,,2024-04-03 01:59:59 +0200
arn:aws:acm:us-east-1:389841910643:certificate/ce14c5ae-c03f-47de-8b69-8e67a19ffdfb,jeparticipe.deville-les-rouen.fr,"jeparticipe.deville-les-rouen.fr,*.jeparticipe.deville-les-rouen.fr",ISSUED,AMAZON_ISSUED,ELIGIBLE,2022-04-06 17:36:21 +0200,,2024-04-06 01:59:59 +0200
arn:aws:acm:us-east-1:389841910643:certificate/5444c7b5-2863-4172-a461-0f9d0d65ba51,epic.citizenlab.co,"epic.citizenlab.co,*.epic.citizenlab.co",ISSUED,AMAZON_ISSUED,ELIGIBLE,2021-05-06 16:55:53 +0200,,2024-04-05 01:59:59 +0200
arn:aws:acm:us-east-1:389841910643:certificate/74a87c98-a1a7-4ede-b567-d3635cdd76e2,newhamco-create.co.uk,"newhamco-create.co.uk,*.newhamco-create.co.uk",ISSUED,AMAZON_ISSUED,ELIGIBLE,2020-06-04 18:02:26 +0200,,2024-04-05 01:59:59 +0200
arn:aws:acm:us-east-1:389841910643:certificate/7f1927d4-0233-439c-a106-ef33c52273bd,dialogportalen.odense.dk,"dialogportalen.odense.dk,www.dialogportalen.odense.dk",ISSUED,AMAZON_ISSUED,ELIGIBLE,2023-03-07 09:53:52 +0100,,2024-04-05 01:59:59 +0200
arn:aws:acm:us-east-1:389841910643:certificate/e2293034-8277-491e-a476-69de4a281279,samen.rijswijk.nl,"samen.rijswijk.nl,www.samen.rijswijk.nl",ISSUED,IMPORTED,INELIGIBLE,2023-03-07 14:50:22 +0100,2023-03-07 14:50:22 +0100,2024-03-22 00:59:59 +0100
arn:aws:acm:us-east-1:389841910643:certificate/19cceac4-9ddc-4493-8f21-ddf21f47cf4d,mitgestalten.wien.gv.at,"mitgestalten.wien.gv.at,www.mitgestalten.wien.gv.at",ISSUED,IMPORTED,INELIGIBLE,2023-03-07 15:43:03 +0100,2023-03-07 15:43:03 +0100,2024-02-15 00:59:59 +0100
arn:aws:acm:us-east-1:389841910643:certificate/f74d62fe-f5f7-4578-b897-450f8488ff76,participation.concordia.ca,participation.concordia.ca,ISSUED,AMAZON_ISSUED,ELIGIBLE,2021-05-07 10:06:31 +0200,,2024-04-06 01:59:59 +0200
arn:aws:acm:us-east-1:389841910643:certificate/da9e13bc-a75e-4ef3-af56-1fa47f435f32,twojwasilkow.pl,"twojwasilkow.pl,*.twojwasilkow.pl",ISSUED,AMAZON_ISSUED,ELIGIBLE,2022-04-08 16:22:37 +0200,,2024-04-07 01:59:59 +0200
arn:aws:acm:us-east-1:389841910643:certificate/6325a31c-b5bc-48e4-b910-ecd47122437c,participa.muniarica.cl,"participa.muniarica.cl,*.participa.muniarica.cl",ISSUED,AMAZON_ISSUED,INELIGIBLE,2023-03-09 14:16:05 +0100,,2024-04-07 01:59:59 +0200
arn:aws:acm:us-east-1:389841910643:certificate/e7ca331c-1fd9-49f3-8f7c-b2698cf57320,my.cityofplattsburgh-ny.gov,"my.cityofplattsburgh-ny.gov,*.my.cityofplattsburgh-ny.gov",ISSUED,AMAZON_ISSUED,ELIGIBLE,2023-03-09 14:16:25 +0100,,2024-04-07 01:59:59 +0200
arn:aws:acm:us-east-1:389841910643:certificate/ea15629c-8738-47d4-b1db-f3cd50153902,participa.muniarica.cl,"participa.muniarica.cl,*.participa.muniarica.cl",ISSUED,AMAZON_ISSUED,ELIGIBLE,2023-03-09 14:16:50 +0100,,2024-04-07 01:59:59 +0200
arn:aws:acm:us-east-1:389841910643:certificate/2745967d-e205-44e2-bf68-d636fcf47fb7,mitgestalten.wetzlar.de,"mitgestalten.wetzlar.de,*.mitgestalten.wetzlar.de",ISSUED,AMAZON_ISSUED,ELIGIBLE,2023-03-09 14:18:06 +0100,,2024-04-07 01:59:59 +0200
arn:aws:acm:us-east-1:389841910643:certificate/6b015310-9338-43fa-877f-0edf06b75a23,*.auth.citizenlab.eu,*.auth.citizenlab.eu,ISSUED,AMAZON_ISSUED,ELIGIBLE,2019-07-07 16:34:16 +0200,,2024-04-10 01:59:59 +0200
arn:aws:acm:us-east-1:389841910643:certificate/cb147717-e91b-408d-b4d1-c9d2bce1fc89,creamos.injuv.cl,creamos.injuv.cl,ISSUED,AMAZON_ISSUED,ELIGIBLE,2019-07-08 16:43:59 +0200,,2024-04-11 01:59:59 +0200
arn:aws:acm:us-east-1:389841910643:certificate/d6263161-71ac-4481-8c10-d81bb072fa17,denkeensh.herzele.be,"denkeensh.herzele.be,*.denkeensh.herzele.be",ISSUED,AMAZON_ISSUED,ELIGIBLE,2019-07-08 16:26:45 +0200,,2024-04-11 01:59:59 +0200
arn:aws:acm:us-east-1:389841910643:certificate/36510ae6-fada-4db4-8d04-573130aea96f,denkmee.lokeren.be,"denkmee.lokeren.be,*.denkmee.lokeren.be",ISSUED,AMAZON_ISSUED,ELIGIBLE,2019-07-08 13:53:00 +0200,,2024-04-10 01:59:59 +0200
arn:aws:acm:us-east-1:389841910643:certificate/5401b2ed-13b8-45be-815e-4c2c8c407405,viskaber.nyborg.dk,"viskaber.nyborg.dk,*.viskaber.nyborg.dk",ISSUED,AMAZON_ISSUED,ELIGIBLE,2022-04-13 16:36:20 +0200,,2024-04-13 01:59:59 +0200
arn:aws:acm:us-east-1:389841910643:certificate/36726073-7e73-4bcd-8170-fbb59de2c76c,solsiden.solrod.dk,"solsiden.solrod.dk,*.solsiden.solrod.dk",ISSUED,AMAZON_ISSUED,ELIGIBLE,2023-03-16 17:15:41 +0100,,2024-04-14 01:59:59 +0200
arn:aws:acm:us-east-1:389841910643:certificate/936a82bf-bdaf-4d65-b53a-2cc3db69e765,participa.acciona-energia.com,participa.acciona-energia.com,ISSUED,AMAZON_ISSUED,ELIGIBLE,2023-03-16 17:16:56 +0100,,2024-04-14 01:59:59 +0200
arn:aws:acm:us-east-1:389841910643:certificate/c05fe897-9a6e-4b83-a1e7-67ddeb5a8cdf,doemee.gulpen-wittem.nl,doemee.gulpen-wittem.nl,ISSUED,AMAZON_ISSUED,ELIGIBLE,2023-03-17 19:51:07 +0100,,2024-04-17 01:59:59 +0200
arn:aws:acm:us-east-1:389841910643:certificate/5bdae7e4-4c94-4042-9166-741214f3996f,maashorstaanhetwoord.nl,"maashorstaanhetwoord.nl,*.maashorstaanhetwoord.nl",ISSUED,AMAZON_ISSUED,ELIGIBLE,2021-05-19 09:58:10 +0200,,2024-04-17 01:59:59 +0200
arn:aws:acm:us-east-1:389841910643:certificate/eec194a1-ac50-4794-ac41-b37015000792,support.citizenlab.co,support.citizenlab.co,ISSUED,AMAZON_ISSUED,ELIGIBLE,2020-06-17 17:14:24 +0200,,2024-04-17 01:59:59 +0200
arn:aws:acm:us-east-1:389841910643:certificate/8d17503c-9e00-4453-bf8e-d37d04e1e8bc,participer.cmm.qc.ca,"participer.cmm.qc.ca,*.participer.cmm.qc.ca",ISSUED,AMAZON_ISSUED,ELIGIBLE,2022-04-20 13:38:32 +0200,,2024-04-20 01:59:59 +0200
arn:aws:acm:us-east-1:389841910643:certificate/a888fe33-b68b-490e-9e54-df62b42b1161,engage.durango.org,engage.durango.org,ISSUED,AMAZON_ISSUED,ELIGIBLE,2022-04-20 11:57:09 +0200,,2024-04-20 01:59:59 +0200
arn:aws:acm:us-east-1:389841910643:certificate/d06235f8-f6d2-4f20-87fc-c2155a9139c3,mijn.maldegem.be,"mijn.maldegem.be,*.mijn.maldegem.be",ISSUED,AMAZON_ISSUED,ELIGIBLE,2022-04-20 13:38:11 +0200,,2024-04-20 01:59:59 +0200
arn:aws:acm:us-east-1:389841910643:certificate/9951c018-c565-4829-8888-50310406a4c6,samenbergendal.nl,"samenbergendal.nl,*.samenbergendal.nl",ISSUED,AMAZON_ISSUED,ELIGIBLE,2021-05-25 14:55:21 +0200,,2024-04-24 01:59:59 +0200
arn:aws:acm:us-east-1:389841910643:certificate/b9aea4f7-053a-47d0-8fc7-4fbbc02f0346,mobiliteitsvisie2040.vlaanderen.be,"mobiliteitsvisie2040.vlaanderen.be,*.mobiliteitsvisie2040.vlaanderen.be",ISSUED,AMAZON_ISSUED,ELIGIBLE,2020-06-23 17:13:35 +0200,,2024-04-23 01:59:59 +0200
arn:aws:acm:us-east-1:389841910643:certificate/7af7b79f-bc1f-48df-ac7a-da7def7da7d6,mitkbhpoliti.dk,"mitkbhpoliti.dk,*.mitkbhpoliti.dk",ISSUED,AMAZON_ISSUED,ELIGIBLE,2021-05-26 19:49:07 +0200,,2024-04-25 01:59:59 +0200
arn:aws:acm:us-east-1:389841910643:certificate/0a941f44-de4c-46b8-bcc7-4afcafeb57ce,mijnmening.beveren.be,"mijnmening.beveren.be,*.mijnmening.beveren.be",ISSUED,AMAZON_ISSUED,ELIGIBLE,2020-06-24 17:30:37 +0200,,2024-04-25 01:59:59 +0200
arn:aws:acm:us-east-1:389841910643:certificate/b9887c5f-a31f-4d48-bcab-d08c63aa929f,participationcitoyenne.vitry94.fr,"participationcitoyenne.vitry94.fr,*.participationcitoyenne.vitry94.fr",ISSUED,AMAZON_ISSUED,ELIGIBLE,2021-05-26 19:51:05 +0200,,2024-04-25 01:59:59 +0200
arn:aws:acm:us-east-1:389841910643:certificate/48545de3-2870-4af7-85c2-bf7408513642,inspraak.wevelgem.be,"inspraak.wevelgem.be,*.inspraak.wevelgem.be",ISSUED,AMAZON_ISSUED,ELIGIBLE,2020-06-23 15:19:32 +0200,,2024-04-26 01:59:59 +0200
arn:aws:acm:us-east-1:389841910643:certificate/0ad8f5b2-b286-4363-a58f-78fd5b6f9857,participatie.leuven.be,"participatie.leuven.be,*.participatie.leuven.be",ISSUED,AMAZON_ISSUED,ELIGIBLE,2022-04-29 18:07:33 +0200,,2024-04-29 01:59:59 +0200
arn:aws:acm:us-east-1:389841910643:certificate/5ca9a571-f780-40c4-a7e6-c2a4a7d6f630,mitdenken.smart-rhein-neckar.de,"mitdenken.smart-rhein-neckar.de,*.mitdenken.smart-rhein-neckar.de",ISSUED,AMAZON_ISSUED,ELIGIBLE,2022-04-29 17:14:50 +0200,,2024-04-29 01:59:59 +0200
arn:aws:acm:us-east-1:389841910643:certificate/80aa71d4-3fef-412b-a1f1-3cc0b1c406ba,engage.oneseattleplan.com,"engage.oneseattleplan.com,*.engage.oneseattleplan.com",ISSUED,AMAZON_ISSUED,ELIGIBLE,2022-05-03 17:41:57 +0200,,2024-05-02 01:59:59 +0200
arn:aws:acm:us-east-1:389841910643:certificate/afacba7c-4f55-46bf-bee8-7ab04ef72154,buildharriscountyso.com,"buildharriscountyso.com,*.buildharriscountyso.com",ISSUED,AMAZON_ISSUED,ELIGIBLE,2023-04-03 21:06:41 +0200,,2024-05-02 01:59:59 +0200
arn:aws:acm:us-east-1:389841910643:certificate/2dbea79f-9245-4570-8245-6ffd2a8535f0,elburg-spreekt.nl,"elburg-spreekt.nl,*.elburg-spreekt.nl",ISSUED,AMAZON_ISSUED,ELIGIBLE,2023-04-03 21:07:02 +0200,,2024-05-02 01:59:59 +0200
arn:aws:acm:us-east-1:389841910643:certificate/0b4d2c7c-9375-44c5-a003-a3b0d302fee6,*.citizenlab.cl,"*.citizenlab.cl,*.citizenlab.co,*.demo.citizenlab.co",ISSUED,AMAZON_ISSUED,ELIGIBLE,2020-07-01 13:49:39 +0200,,2024-05-03 01:59:59 +0200
arn:aws:acm:us-east-1:389841910643:certificate/a0191126-7515-44b7-b99a-ea8116cf1831,labo.newb.coop,labo.newb.coop,ISSUED,AMAZON_ISSUED,ELIGIBLE,2021-06-03 12:16:03 +0200,,2024-05-03 01:59:59 +0200
arn:aws:acm:us-east-1:389841910643:certificate/4bc9551a-456f-4500-9e5c-53ba45bf5fc7,www.madrastna.ma,www.madrastna.ma,ISSUED,AMAZON_ISSUED,ELIGIBLE,2022-05-05 19:29:50 +0200,,2024-05-05 01:59:59 +0200
arn:aws:acm:us-east-1:389841910643:certificate/1c8ec0ef-7c4f-445c-8de6-61d56556805e,participa.minmineria.cl,participa.minmineria.cl,ISSUED,AMAZON_ISSUED,INELIGIBLE,2023-04-05 16:20:40 +0200,,2024-05-04 01:59:59 +0200
arn:aws:acm:us-east-1:389841910643:certificate/02f6cf14-76f3-4f26-9142-ef79652d3244,engage.oakleyca.gov,"engage.oakleyca.gov,*.engage.oakleyca.gov",ISSUED,AMAZON_ISSUED,ELIGIBLE,2023-04-05 16:21:32 +0200,,2024-05-04 01:59:59 +0200
arn:aws:acm:us-east-1:389841910643:certificate/c512a599-03f8-4c70-bc32-8ff18ca52e1e,engage.cityofallen.org,"engage.cityofallen.org,*.engage.cityofallen.org",ISSUED,AMAZON_ISSUED,ELIGIBLE,2023-04-05 16:22:06 +0200,,2024-05-04 01:59:59 +0200
arn:aws:acm:us-east-1:389841910643:certificate/3d23b950-e164-4111-9d90-0bf0bc8cb72a,alnainvolverer.no,"alnainvolverer.no,*.alnainvolverer.no",ISSUED,AMAZON_ISSUED,ELIGIBLE,2020-07-03 14:18:12 +0200,,2024-05-05 01:59:59 +0200
arn:aws:acm:us-east-1:389841910643:certificate/434881c1-9eb0-4559-8d9f-4dab9dac6b5e,sammenom.guldborgsund.dk,"sammenom.guldborgsund.dk,*.sammenom.guldborgsund.dk",ISSUED,AMAZON_ISSUED,ELIGIBLE,2022-05-06 17:30:49 +0200,,2024-05-06 01:59:59 +0200
arn:aws:acm:us-east-1:389841910643:certificate/ca178772-e9ce-401d-8025-0515de2730db,doemee.valkenburg.nl,"doemee.valkenburg.nl,*.doemee.valkenburg.nl",ISSUED,AMAZON_ISSUED,ELIGIBLE,2023-04-06 15:26:02 +0200,,2024-05-05 01:59:59 +0200
arn:aws:acm:us-east-1:389841910643:certificate/37fcde16-0eba-424f-af5f-f2f2b044f46d,engage.seattleparksandrec.com,"engage.seattleparksandrec.com,*.engage.seattleparksandrec.com",ISSUED,AMAZON_ISSUED,ELIGIBLE,2023-04-06 16:04:13 +0200,,2024-05-05 01:59:59 +0200
arn:aws:acm:us-east-1:389841910643:certificate/c627b414-814c-4bda-b7be-4a3fe4b27bf3,forum.gov.bm,"forum.gov.bm,*.forum.gov.bm",ISSUED,AMAZON_ISSUED,ELIGIBLE,2018-08-29 17:56:36 +0200,,2024-05-06 01:59:59 +0200
arn:aws:acm:us-east-1:389841910643:certificate/d52bb8c5-2be4-4d8b-99ff-f1a85ca910db,penalolenmascerca.cl,"penalolenmascerca.cl,*.penalolenmascerca.cl",ISSUED,AMAZON_ISSUED,ELIGIBLE,2019-08-02 11:01:10 +0200,,2024-05-07 01:59:59 +0200
arn:aws:acm:us-east-1:389841910643:certificate/b5f69ef5-7ee9-4ce8-8ef9-66d1f27228be,engage.restorationandrenewal.uk,"engage.restorationandrenewal.uk,*.engage.restorationandrenewal.uk",ISSUED,AMAZON_ISSUED,ELIGIBLE,2021-06-07 12:00:05 +0200,,2024-05-07 01:59:59 +0200
arn:aws:acm:us-east-1:389841910643:certificate/6b4bfda9-4dea-48c8-a358-7a1bd9026c01,samen.menen.be,samen.menen.be,ISSUED,AMAZON_ISSUED,ELIGIBLE,2020-07-03 15:10:17 +0200,,2024-05-08 01:59:59 +0200
arn:aws:acm:us-east-1:389841910643:certificate/aabc5647-ea4a-4b77-ae82-b24fed596423,viskaber.roskilde.dk,"viskaber.roskilde.dk,*.viskaber.roskilde.dk",ISSUED,AMAZON_ISSUED,ELIGIBLE,2021-06-08 18:27:20 +0200,,2024-05-08 01:59:59 +0200
arn:aws:acm:us-east-1:389841910643:certificate/92df18d2-2942-45e5-a2cf-2eb36c03a70f,baeredygtigtforbrug.borgersamling.dk,"baeredygtigtforbrug.borgersamling.dk,*.baeredygtigtforbrug.borgersamling.dk",ISSUED,AMAZON_ISSUED,ELIGIBLE,2022-05-11 16:17:43 +0200,,2024-05-11 01:59:59 +0200
arn:aws:acm:us-east-1:389841910643:certificate/85314532-e8c3-485d-8d86-2734e9379704,klimaforum.fredensborg.dk,"klimaforum.fredensborg.dk,*.klimaforum.fredensborg.dk",ISSUED,AMAZON_ISSUED,ELIGIBLE,2023-04-13 11:00:40 +0200,,2024-05-12 01:59:59 +0200
arn:aws:acm:us-east-1:389841910643:certificate/10b378c3-cbab-4646-8ae2-3232a50668ad,gelecekhatay.org,"gelecekhatay.org,*.gelecekhatay.org",ISSUED,AMAZON_ISSUED,ELIGIBLE,2023-04-13 11:02:18 +0200,,2024-05-12 01:59:59 +0200
arn:aws:acm:us-east-1:389841910643:certificate/5851661f-4263-4ef0-a11e-7f18d0d68e3b,praatmee.ofw.nl,praatmee.ofw.nl,ISSUED,AMAZON_ISSUED,ELIGIBLE,2021-06-14 12:08:40 +0200,,2024-05-14 01:59:59 +0200
arn:aws:acm:us-east-1:389841910643:certificate/67fecdc2-a60d-4032-ade2-6375299cddcc,dialog.bad-duerkheim.de,"dialog.bad-duerkheim.de,*.dialog.bad-duerkheim.de",ISSUED,AMAZON_ISSUED,ELIGIBLE,2022-05-17 16:18:04 +0200,,2024-05-17 01:59:59 +0200
arn:aws:acm:us-east-1:389841910643:certificate/be98ae7c-910e-4018-a58b-ae87ccf70198,denkmee.schoten.be,"denkmee.schoten.be,*.denkmee.schoten.be",ISSUED,AMAZON_ISSUED,ELIGIBLE,2021-06-18 09:45:36 +0200,,2024-05-18 01:59:59 +0200
arn:aws:acm:us-east-1:389841910643:certificate/309bb1f9-f41e-4a93-8b02-955d978390bd,doemee.oosterhout.nl,"doemee.oosterhout.nl,*.doemee.oosterhout.nl",ISSUED,AMAZON_ISSUED,ELIGIBLE,2021-06-18 10:55:58 +0200,,2024-05-18 01:59:59 +0200
arn:aws:acm:us-east-1:389841910643:certificate/2abd982d-c6b2-47af-a332-10d3d32ce9a6,sammenom.frederikshavn.dk,"sammenom.frederikshavn.dk,*.sammenom.frederikshavn.dk",ISSUED,AMAZON_ISSUED,ELIGIBLE,2021-06-18 10:07:41 +0200,,2024-05-18 01:59:59 +0200
arn:aws:acm:us-east-1:389841910643:certificate/d52979b0-44a2-4967-bbc2-5ea47fa09661,deltag.hvidovre.dk,"deltag.hvidovre.dk,*.deltag.hvidovre.dk",ISSUED,AMAZON_ISSUED,ELIGIBLE,2022-05-20 13:48:57 +0200,,2024-05-20 01:59:59 +0200
arn:aws:acm:us-east-1:389841910643:certificate/3c432140-691a-4825-b8bf-eaffb8c1f1cb,engage.valleyregionaltransit.org,"engage.valleyregionaltransit.org,*.engage.valleyregionaltransit.org",ISSUED,AMAZON_ISSUED,ELIGIBLE,2021-06-22 10:42:16 +0200,,2024-05-22 01:59:59 +0200
arn:aws:acm:us-east-1:389841910643:certificate/45c48c8d-79c4-44ad-a984-704945cdf94f,temsespreekt.be,"temsespreekt.be,*.temsespreekt.be",ISSUED,AMAZON_ISSUED,ELIGIBLE,2021-06-22 10:41:26 +0200,,2024-05-22 01:59:59 +0200
arn:aws:acm:us-east-1:389841910643:certificate/539777cf-fe73-4055-aaec-2bef9c595061,engagebothell.com,"engagebothell.com,*.engagebothell.com",ISSUED,AMAZON_ISSUED,ELIGIBLE,2023-04-25 11:14:32 +0200,,2024-05-24 01:59:59 +0200
arn:aws:acm:us-east-1:389841910643:certificate/540fa299-cfb9-41ac-955f-f441ae1c2ca7,geefsmaak.boom.be,geefsmaak.boom.be,ISSUED,AMAZON_ISSUED,ELIGIBLE,2021-06-23 15:50:24 +0200,,2024-05-25 01:59:59 +0200
arn:aws:acm:us-east-1:389841910643:certificate/9df11659-1aa0-48f7-aeca-c9885d6df956,our.biddefordmaine.org,our.biddefordmaine.org,ISSUED,AMAZON_ISSUED,ELIGIBLE,2022-05-27 13:01:01 +0200,,2024-05-27 01:59:59 +0200
arn:aws:acm:us-east-1:389841910643:certificate/3985c3d7-42a7-44a6-bca3-bafcf481b97e,hallo.harelbeke.be,"hallo.harelbeke.be,*.hallo.harelbeke.be",ISSUED,AMAZON_ISSUED,ELIGIBLE,2019-08-21 15:53:28 +0200,,2024-05-26 01:59:59 +0200
arn:aws:acm:us-east-1:389841910643:certificate/b6ce2e99-4522-4ed3-a4a6-f128f21cc004,gestalte.taunusstein.de,"gestalte.taunusstein.de,*.gestalte.taunusstein.de",ISSUED,AMAZON_ISSUED,ELIGIBLE,2021-06-30 16:14:14 +0200,,2024-05-30 01:59:59 +0200
arn:aws:acm:us-east-1:389841910643:certificate/d9db0e1f-f1d9-4229-8452-bdbc5f1d9d54,participer.grandparissud.fr,"participer.grandparissud.fr,*.participer.grandparissud.fr",ISSUED,AMAZON_ISSUED,ELIGIBLE,2018-09-24 15:44:35 +0200,,2024-05-31 01:59:59 +0200
arn:aws:acm:us-east-1:389841910643:certificate/79515854-8b18-4fae-8992-f6c2a60fa378,haveyoursay.brent.gov.uk,"haveyoursay.brent.gov.uk,*.haveyoursay.brent.gov.uk",ISSUED,AMAZON_ISSUED,ELIGIBLE,2021-07-02 11:59:21 +0200,,2024-06-01 01:59:59 +0200
arn:aws:acm:us-east-1:389841910643:certificate/bd2a80a5-90ae-4ab9-a4cf-d28be97c5723,lavoixsolidaire.fehap.fr,"lavoixsolidaire.fehap.fr,*.lavoixsolidaire.fehap.fr",ISSUED,AMAZON_ISSUED,ELIGIBLE,2021-07-02 12:00:04 +0200,,2024-06-01 01:59:59 +0200
arn:aws:acm:us-east-1:389841910643:certificate/57921365-de09-42e5-ba2a-087a3fffd67c,hatayplanlamamerkezi.com,"hatayplanlamamerkezi.com,*.hatayplanlamamerkezi.com",ISSUED,AMAZON_ISSUED,ELIGIBLE,2023-05-04 10:32:06 +0200,,2024-06-02 01:59:59 +0200
arn:aws:acm:us-east-1:389841910643:certificate/d4862b5c-c860-4ac0-9298-42bf3dbaf380,*.citizenlab.co,"*.citizenlab.co,*.hq.citizenlab.co,*.template.citizenlab.co,*.demo.citizenlab.co,*.stg.citizenlab.co,*.citizenlab.uk",ISSUED,AMAZON_ISSUED,ELIGIBLE,2021-05-06 18:22:56 +0200,,2024-06-04 01:59:59 +0200
arn:aws:acm:us-east-1:389841910643:certificate/20c41066-448a-4341-98fd-d706dd89823e,maakjebuurtmee.rotselaar.be,maakjebuurtmee.rotselaar.be,ISSUED,AMAZON_ISSUED,ELIGIBLE,2019-09-04 18:44:16 +0200,,2024-06-08 01:59:59 +0200
arn:aws:acm:us-east-1:389841910643:certificate/a1b73529-3499-48c8-825d-f95776adeaef,samenwerkenaan.oldebroek.nl,"samenwerkenaan.oldebroek.nl,*.samenwerkenaan.oldebroek.nl",ISSUED,AMAZON_ISSUED,ELIGIBLE,2021-07-13 18:31:12 +0200,,2024-06-12 01:59:59 +0200
arn:aws:acm:us-east-1:389841910643:certificate/7b34a637-4349-449e-bcce-3caa39b46586,consultation.esterelcotedazur-agglo.fr,"consultation.esterelcotedazur-agglo.fr,*.consultation.esterelcotedazur-agglo.fr",ISSUED,AMAZON_ISSUED,ELIGIBLE,2022-06-14 09:52:30 +0200,,2024-06-14 01:59:59 +0200
arn:aws:acm:us-east-1:389841910643:certificate/a6571011-b6f0-4b8c-82f6-e1f69fe7d0ad,vinadecide.cl,"vinadecide.cl,*.vinadecide.cl",ISSUED,AMAZON_ISSUED,ELIGIBLE,2023-05-15 17:20:13 +0200,,2024-06-13 01:59:59 +0200
arn:aws:acm:us-east-1:389841910643:certificate/4173c0b2-9b24-4760-b435-b36cab9dc2be,samen.medemblik.nl,"samen.medemblik.nl,*.samen.medemblik.nl",ISSUED,AMAZON_ISSUED,ELIGIBLE,2019-09-11 10:28:33 +0200,,2024-06-14 01:59:59 +0200
arn:aws:acm:us-east-1:389841910643:certificate/5de26756-de34-4ed1-9ca5-9b01456ec7bc,jeparticipe.ville-massy.fr,"jeparticipe.ville-massy.fr,*.jeparticipe.ville-massy.fr",ISSUED,AMAZON_ISSUED,ELIGIBLE,2021-07-16 11:38:10 +0200,,2024-06-15 01:59:59 +0200
arn:aws:acm:us-east-1:389841910643:certificate/b56d2ed7-1532-4180-9ec8-2869aca6a209,houtenpraatmee.nl,"houtenpraatmee.nl,*.houtenpraatmee.nl",ISSUED,AMAZON_ISSUED,ELIGIBLE,2021-07-16 11:37:12 +0200,,2024-06-15 01:59:59 +0200
arn:aws:acm:us-east-1:389841910643:certificate/2b7c6358-6b39-4b46-9d8a-93b5608f7d90,jeparticipe.soumagne.be,"jeparticipe.soumagne.be,*.jeparticipe.soumagne.be",ISSUED,AMAZON_ISSUED,ELIGIBLE,2022-06-17 15:32:11 +0200,,2024-06-17 01:59:59 +0200
arn:aws:acm:us-east-1:389841910643:certificate/720b5282-aa8b-49cb-99fa-afdd4970e0be,deltag.furesoe.dk,deltag.furesoe.dk,ISSUED,AMAZON_ISSUED,ELIGIBLE,2020-08-21 16:23:31 +0200,,2024-06-22 01:59:59 +0200
arn:aws:acm:us-east-1:389841910643:certificate/d0b4493a-1bb3-4140-92e9-24ff12a4650b,yourvoice.westoxon.gov.uk,"yourvoice.westoxon.gov.uk,*.yourvoice.westoxon.gov.uk",ISSUED,AMAZON_ISSUED,ELIGIBLE,2023-05-24 17:05:44 +0200,,2024-06-22 01:59:59 +0200
arn:aws:acm:us-east-1:389841910643:certificate/47cd9388-b365-41ae-b5a2-d03e157ea671,participez.grand-cubzaguais.fr,"participez.grand-cubzaguais.fr,*.participez.grand-cubzaguais.fr",ISSUED,AMAZON_ISSUED,ELIGIBLE,2023-05-24 17:12:15 +0200,,2024-06-22 01:59:59 +0200
arn:aws:acm:us-east-1:389841910643:certificate/9b110169-2154-4b9b-ab32-33f67665aa06,*.start.citizenlab.co,*.start.citizenlab.co,ISSUED,AMAZON_ISSUED,ELIGIBLE,2018-10-19 13:17:05 +0200,,2024-06-25 01:59:59 +0200
arn:aws:acm:us-east-1:389841910643:certificate/cdaf6c00-3e3f-4496-9d90-f1973605fad0,lab.pnud.org.pe,"lab.pnud.org.pe,*.lab.pnud.org.pe",ISSUED,AMAZON_ISSUED,ELIGIBLE,2022-06-29 09:14:01 +0200,,2024-06-29 01:59:59 +0200
arn:aws:acm:us-east-1:389841910643:certificate/14efc5a1-ca0e-4504-b5cb-e915f5cff9ab,www.kobenhavntaler.kk.dk,"www.kobenhavntaler.kk.dk,kobenhavntaler.kk.dk",ISSUED,IMPORTED,INELIGIBLE,2023-05-30 11:40:09 +0200,2023-05-30 18:07:31 +0200,2024-06-24 11:52:37 +0200
arn:aws:acm:us-east-1:389841910643:certificate/9a3b9795-12fb-49b1-b7f8-9411323bb55f,waddsup.waddinxveen.nl,"waddsup.waddinxveen.nl,*.waddsup.waddinxveen.nl",ISSUED,AMAZON_ISSUED,ELIGIBLE,2021-07-30 13:30:53 +0200,,2024-06-29 01:59:59 +0200
arn:aws:acm:us-east-1:389841910643:certificate/c2ad4497-5e3a-487f-836a-7a723f3d58b8,borgernet.odsherred.dk,"borgernet.odsherred.dk,*.borgernet.odsherred.dk",ISSUED,AMAZON_ISSUED,ELIGIBLE,2020-08-31 18:31:13 +0200,,2024-07-02 01:59:59 +0200
arn:aws:acm:us-east-1:389841910643:certificate/27028150-823e-4184-9cf6-7fa88a23e3f0,participatie.stad.gent,"participatie.stad.gent,*.participatie.stad.gent",ISSUED,AMAZON_ISSUED,ELIGIBLE,2020-09-02 15:31:45 +0200,,2024-07-04 01:59:59 +0200
arn:aws:acm:us-east-1:389841910643:certificate/175c8f61-81ba-4737-801b-a3e0bcb88d0c,yourvoice.thanet.gov.uk,"yourvoice.thanet.gov.uk,*.yourvoice.thanet.gov.uk",ISSUED,AMAZON_ISSUED,ELIGIBLE,2022-07-08 11:26:49 +0200,,2024-07-08 01:59:59 +0200
arn:aws:acm:us-east-1:389841910643:certificate/628b6e5e-ce4f-4f5f-99b3-e94f4cf577b9,democracygarage.dk,democracygarage.dk,ISSUED,AMAZON_ISSUED,INELIGIBLE,2023-06-08 14:20:58 +0200,,2024-07-07 01:59:59 +0200
arn:aws:acm:us-east-1:389841910643:certificate/7b37ffb3-6057-4f40-b84c-c6f537cb30df,gamleosloinvolverer.no,gamleosloinvolverer.no,ISSUED,AMAZON_ISSUED,ELIGIBLE,2020-09-09 14:25:30 +0200,,2024-07-10 01:59:59 +0200
arn:aws:acm:us-east-1:389841910643:certificate/f52173fe-820a-4f70-a98f-7f957856ae84,engage.wokingham.gov.uk,engage.wokingham.gov.uk,ISSUED,AMAZON_ISSUED,ELIGIBLE,2021-08-13 11:46:52 +0200,,2024-07-13 01:59:59 +0200
arn:aws:acm:us-east-1:389841910643:certificate/f6e1dd82-1d85-4c8d-aae4-c695321b6d0e,denkmee.hollandskroon.nl,"denkmee.hollandskroon.nl,*.denkmee.hollandskroon.nl",ISSUED,AMAZON_ISSUED,ELIGIBLE,2019-10-08 16:18:43 +0200,,2024-07-14 01:59:59 +0200
arn:aws:acm:us-east-1:389841910643:certificate/6da23068-8de3-479d-8a8c-a6fb65d50ee0,participacion.cecrea.cl,participacion.cecrea.cl,ISSUED,AMAZON_ISSUED,ELIGIBLE,2020-09-11 16:20:16 +0200,,2024-07-16 01:59:59 +0200
arn:aws:acm:us-east-1:389841910643:certificate/09c9c90e-acd9-47c0-98db-94042674db40,denkmee.zoersel.be,"denkmee.zoersel.be,*.denkmee.zoersel.be",ISSUED,AMAZON_ISSUED,ELIGIBLE,2021-08-16 15:26:40 +0200,,2024-07-17 01:59:59 +0200
arn:aws:acm:us-east-1:389841910643:certificate/9c914267-78b9-454a-bd46-05161af1ca0f,sammenom.rudersdal.dk,sammenom.rudersdal.dk,ISSUED,AMAZON_ISSUED,ELIGIBLE,2021-08-16 15:06:19 +0200,,2024-07-17 01:59:59 +0200
arn:aws:acm:us-east-1:389841910643:certificate/5eb51043-ab3f-42c4-92fb-16c71c751e1f,pakaan.herentals.be,"pakaan.herentals.be,*.pakaan.herentals.be",ISSUED,AMAZON_ISSUED,ELIGIBLE,2020-09-18 17:48:46 +0200,,2024-07-20 01:59:59 +0200
arn:aws:acm:us-east-1:389841910643:certificate/ac549868-0378-4c0a-aabb-266bc3f17e19,participate.wigan.gov.uk,"participate.wigan.gov.uk,*.participate.wigan.gov.uk",ISSUED,AMAZON_ISSUED,ELIGIBLE,2023-06-21 14:34:50 +0200,,2024-07-20 01:59:59 +0200
arn:aws:acm:us-east-1:389841910643:certificate/1831d170-63be-4558-b1bc-49d5c17b286b,ideas4planet.be,"ideas4planet.be,*.ideas4planet.be",ISSUED,AMAZON_ISSUED,ELIGIBLE,2018-11-15 14:05:10 +0100,,2024-07-23 01:59:59 +0200
arn:aws:acm:us-east-1:389841910643:certificate/1ae27d65-f329-430a-af1c-ac1e2775ab0c,participatie.niel.be,"participatie.niel.be,*.participatie.niel.be",ISSUED,AMAZON_ISSUED,ELIGIBLE,2018-11-15 13:35:36 +0100,,2024-07-23 01:59:59 +0200
arn:aws:acm:us-east-1:389841910643:certificate/a24c8723-d237-4bc3-ab48-d59e15ab3a24,mijn.vilvoorde.be,mijn.vilvoorde.be,ISSUED,AMAZON_ISSUED,ELIGIBLE,2021-08-25 15:36:13 +0200,,2024-07-25 01:59:59 +0200
arn:aws:acm:us-east-1:389841910643:certificate/8101c15f-f0e2-4c94-8304-1e3080b46992,denkmee.kalmthout.be,"denkmee.kalmthout.be,*.denkmee.kalmthout.be",ISSUED,AMAZON_ISSUED,ELIGIBLE,2019-10-22 14:33:52 +0200,,2024-07-28 01:59:59 +0200
arn:aws:acm:us-east-1:389841910643:certificate/cefc9b00-dd24-4cf9-bb1a-bbd477f17f27,inspraak.sint-niklaas.be,"inspraak.sint-niklaas.be,*.inspraak.sint-niklaas.be",ISSUED,AMAZON_ISSUED,ELIGIBLE,2018-11-21 16:52:16 +0100,,2024-07-29 01:59:59 +0200
arn:aws:acm:us-east-1:389841910643:certificate/7c32be21-68b6-4306-bd74-86c77924be83,denkmee.amstelveen.nl,denkmee.amstelveen.nl,ISSUED,IMPORTED,INELIGIBLE,2023-06-30 11:20:32 +0200,2023-06-30 11:20:32 +0200,2024-07-20 01:59:59 +0200
arn:aws:acm:us-east-1:389841910643:certificate/ea396029-bb95-44c8-8bb5-fd572949a39f,engage.vub.be,"engage.vub.be,vox.vub.be,*.engage.vub.be,*.vox.vub.be",ISSUED,AMAZON_ISSUED,ELIGIBLE,2018-11-22 15:27:42 +0100,,2024-07-30 01:59:59 +0200
arn:aws:acm:us-east-1:389841910643:certificate/73102413-edaa-4300-80c6-02cd33b15f47,denkmee.nieuwkoop.nl,"denkmee.nieuwkoop.nl,*.denkmee.nieuwkoop.nl",ISSUED,AMAZON_ISSUED,ELIGIBLE,2020-09-28 14:44:41 +0200,,2024-07-30 01:59:59 +0200
arn:aws:acm:us-east-1:389841910643:certificate/b0e08cba-1073-48e0-9e25-715aa7b3c7c0,lafabriquecitoyenne.charenton.fr,"lafabriquecitoyenne.charenton.fr,*.lafabriquecitoyenne.charenton.fr",ISSUED,AMAZON_ISSUED,ELIGIBLE,2021-08-31 10:46:55 +0200,,2024-07-31 01:59:59 +0200
arn:aws:acm:us-east-1:389841910643:certificate/cdb19c54-18de-43c3-a052-c3ae33a4c852,participa.laregionqueimaginas.cl,"participa.laregionqueimaginas.cl,*.participa.laregionqueimaginas.cl",ISSUED,AMAZON_ISSUED,ELIGIBLE,2022-08-03 16:43:55 +0200,,2024-08-03 01:59:59 +0200
arn:aws:acm:us-east-1:389841910643:certificate/9a33568f-6b24-4bc7-a250-eb76b792d3e5,debatenuevaconstitucion.cl,"debatenuevaconstitucion.cl,*.debatenuevaconstitucion.cl",ISSUED,AMAZON_ISSUED,ELIGIBLE,2022-08-03 16:35:14 +0200,,2024-08-02 01:59:59 +0200
arn:aws:acm:us-east-1:389841910643:certificate/a2383901-7784-49ee-966d-17362ac36fb9,citoyen.engis.be,"citoyen.engis.be,*.citoyen.engis.be",ISSUED,AMAZON_ISSUED,ELIGIBLE,2019-10-31 10:29:05 +0100,,2024-08-04 01:59:59 +0200
arn:aws:acm:us-east-1:389841910643:certificate/69750dea-942d-4f39-ae05-610478a91f19,engage.rexburg.org,"engage.rexburg.org,*.engage.rexburg.org",ISSUED,AMAZON_ISSUED,ELIGIBLE,2022-08-05 12:18:21 +0200,,2024-08-05 01:59:59 +0200
arn:aws:acm:us-east-1:389841910643:certificate/8d75f7ef-c272-44e2-a6c7-441f25209427,participa.mpudahuel.cl,participa.mpudahuel.cl,ISSUED,AMAZON_ISSUED,ELIGIBLE,2022-08-08 17:52:27 +0200,,2024-08-08 01:59:59 +0200
arn:aws:acm:us-east-1:389841910643:certificate/1a7b4458-20c5-44de-8fcf-7c9a848c4b95,pclengagement-hub.co.uk,"pclengagement-hub.co.uk,*.pclengagement-hub.co.uk",ISSUED,AMAZON_ISSUED,ELIGIBLE,2021-09-08 10:22:43 +0200,,2024-08-08 01:59:59 +0200
arn:aws:acm:us-east-1:389841910643:certificate/36b9e529-475c-4aed-9f46-f4814c4894aa,ons.oostende.be,"ons.oostende.be,*.ons.oostende.be",ISSUED,AMAZON_ISSUED,ELIGIBLE,2021-09-08 14:29:41 +0200,,2024-08-08 01:59:59 +0200
arn:aws:acm:us-east-1:389841910643:certificate/9fec4bc6-5b92-4064-9d79-cdad3e82d08c,wijmakenevergem.be,"wijmakenevergem.be,*.wijmakenevergem.be",ISSUED,AMAZON_ISSUED,ELIGIBLE,2021-09-08 14:36:15 +0200,,2024-08-07 01:59:59 +0200
arn:aws:acm:us-east-1:389841910643:certificate/9205a8f5-8dc6-43e2-afab-c871bef64de4,monprojet.villers-saint-paul.fr,"monprojet.villers-saint-paul.fr,*.monprojet.villers-saint-paul.fr",ISSUED,AMAZON_ISSUED,ELIGIBLE,2021-09-09 11:47:48 +0200,,2024-08-09 01:59:59 +0200
arn:aws:acm:us-east-1:389841910643:certificate/3cebe311-2dfb-4689-ae99-4c31cc4964f5,vi.skaber.frederikssund.dk,"vi.skaber.frederikssund.dk,*.vi.skaber.frederikssund.dk",ISSUED,AMAZON_ISSUED,ELIGIBLE,2021-09-09 11:48:30 +0200,,2024-08-08 01:59:59 +0200
arn:aws:acm:us-east-1:389841910643:certificate/9d324c08-4eaf-4d0d-bb49-dce5d842215e,samen.schagen.nl,"samen.schagen.nl,*.samen.schagen.nl",ISSUED,AMAZON_ISSUED,ELIGIBLE,2020-10-14 09:42:49 +0200,,2024-08-11 01:59:59 +0200
arn:aws:acm:us-east-1:389841910643:certificate/9998a004-941d-4ff2-82f7-3ca0387de123,jeparticipe.mairie-ida.fr,"jeparticipe.mairie-ida.fr,*.jeparticipe.mairie-ida.fr",ISSUED,AMAZON_ISSUED,ELIGIBLE,2020-10-12 12:41:26 +0200,,2024-08-13 01:59:59 +0200
arn:aws:acm:us-east-1:389841910643:certificate/f939d8af-c97b-42b1-b8d8-250165613a8b,ingenuityleeds.com,"ingenuityleeds.com,*.ingenuityleeds.com",ISSUED,AMAZON_ISSUED,ELIGIBLE,2021-09-13 16:05:00 +0200,,2024-08-13 01:59:59 +0200
arn:aws:acm:us-east-1:389841910643:certificate/114fb0bc-72fe-4540-9a76-8a2df87cd848,peoplestech.nyc,"peoplestech.nyc,*.peoplestech.nyc",ISSUED,AMAZON_ISSUED,ELIGIBLE,2021-09-13 16:04:29 +0200,,2024-08-13 01:59:59 +0200
arn:aws:acm:us-east-1:389841910643:certificate/8f31a170-70b6-4053-9868-2a85fe19a364,soroedialog.dk,soroedialog.dk,ISSUED,AMAZON_ISSUED,ELIGIBLE,2021-09-14 14:16:05 +0200,,2024-08-14 01:59:59 +0200
arn:aws:acm:us-east-1:389841910643:certificate/1aecc81d-e702-4639-9829-e461ec9d46d4,jerico.amigo.community,"jerico.amigo.community,*.jerico.amigo.community",ISSUED,AMAZON_ISSUED,ELIGIBLE,2020-10-13 19:38:03 +0200,,2024-08-14 01:59:59 +0200
arn:aws:acm:us-east-1:389841910643:certificate/c7657fd0-fc67-4b0f-bf22-2088a7ee43c8,www.zesumme-vereinfachen.lu,www.zesumme-vereinfachen.lu,ISSUED,AMAZON_ISSUED,ELIGIBLE,2021-09-16 17:33:15 +0200,,2024-08-16 01:59:59 +0200
arn:aws:acm:us-east-1:389841910643:certificate/0f1dbc40-5207-4ad3-8030-0ea63926da5c,onlinestadsgesprek.harderwijk.nl,onlinestadsgesprek.harderwijk.nl,ISSUED,AMAZON_ISSUED,ELIGIBLE,2019-11-13 14:57:10 +0100,,2024-08-16 01:59:59 +0200
arn:aws:acm:us-east-1:389841910643:certificate/8a7ca96c-6cd7-4189-8524-836af6b37601,yourvoice.tepukenga.ac.nz,"yourvoice.tepukenga.ac.nz,*.yourvoice.tepukenga.ac.nz",ISSUED,AMAZON_ISSUED,ELIGIBLE,2021-09-16 17:33:50 +0200,,2024-08-16 01:59:59 +0200
arn:aws:acm:us-east-1:389841910643:certificate/602afe23-f50d-4eda-9598-6e0412323ea8,overvechtcentrum.nl,"overvechtcentrum.nl,*.overvechtcentrum.nl",ISSUED,AMAZON_ISSUED,ELIGIBLE,2022-08-18 18:06:13 +0200,,2024-08-18 01:59:59 +0200
arn:aws:acm:us-east-1:389841910643:certificate/7c27e271-0c30-4a73-9da6-bfde7a41fbc9,jaimelariche.fr,"jaimelariche.fr,*.jaimelariche.fr",ISSUED,AMAZON_ISSUED,ELIGIBLE,2018-12-12 10:33:13 +0100,,2024-08-17 01:59:59 +0200
arn:aws:acm:us-east-1:389841910643:certificate/fa10924f-21be-4cf6-baf8-03aeff8a2c99,engage.hggt.co.uk,"engage.hggt.co.uk,*.engage.hggt.co.uk",ISSUED,AMAZON_ISSUED,ELIGIBLE,2023-07-21 16:31:52 +0200,,2024-08-19 01:59:59 +0200
arn:aws:acm:us-east-1:389841910643:certificate/c126df42-cd66-4d2f-9d1d-6611a83abb35,parti-cip.be,"parti-cip.be,*.parti-cip.be",ISSUED,AMAZON_ISSUED,ELIGIBLE,2020-10-22 17:55:56 +0200,,2024-08-19 01:59:59 +0200
arn:aws:acm:us-east-1:389841910643:certificate/b36427b0-db63-47d7-bc33-136f7d9b96df,publicoescazu.cepal.org,"publicoescazu.cepal.org,*.publicoescazu.cepal.org",ISSUED,AMAZON_ISSUED,ELIGIBLE,2022-08-22 21:19:24 +0200,,2024-08-22 01:59:59 +0200
arn:aws:acm:us-east-1:389841910643:certificate/6decd501-dcf0-44f2-bb4b-64d28839bc5b,participez.mairie-orsay.fr,"participez.mairie-orsay.fr,*.participez.mairie-orsay.fr",ISSUED,AMAZON_ISSUED,ELIGIBLE,2018-12-19 12:25:30 +0100,,2024-08-24 01:59:59 +0200
arn:aws:acm:us-east-1:389841910643:certificate/b9dece1c-00f4-4dfd-9a54-7c072edc29fa,sudjeluj.cakovec.hr,sudjeluj.cakovec.hr,ISSUED,AMAZON_ISSUED,ELIGIBLE,2023-07-26 11:23:27 +0200,,2024-08-24 01:59:59 +0200
arn:aws:acm:us-east-1:389841910643:certificate/be4fb6e2-d546-431b-959a-8a85524357c7,kortrijkspreekt.be,"kortrijkspreekt.be,*.kortrijkspreekt.be",ISSUED,AMAZON_ISSUED,ELIGIBLE,2018-12-20 13:46:35 +0100,,2024-08-25 01:59:59 +0200
arn:aws:acm:us-east-1:389841910643:certificate/4be5ee0e-f526-4f23-947c-3b61076bfa56,participationcitoyenne.grigny91.fr,"participationcitoyenne.grigny91.fr,*.participationcitoyenne.grigny91.fr",ISSUED,AMAZON_ISSUED,ELIGIBLE,2018-12-20 18:17:23 +0100,,2024-08-25 01:59:59 +0200
arn:aws:acm:us-east-1:389841910643:certificate/a1df4164-bfee-4642-beff-eef91e37af06,zuurstof.be,"zuurstof.be,*.zuurstof.be",ISSUED,AMAZON_ISSUED,ELIGIBLE,2020-11-02 10:28:12 +0100,,2024-08-31 01:59:59 +0200
arn:aws:acm:us-east-1:389841910643:certificate/2a9213c2-9834-436c-991a-c767364c0d0a,engage.stirling.gov.uk,"engage.stirling.gov.uk,*.engage.stirling.gov.uk",ISSUED,AMAZON_ISSUED,ELIGIBLE,2020-11-06 15:29:37 +0100,,2024-09-02 01:59:59 +0200
arn:aws:acm:us-east-1:389841910643:certificate/e8e8a714-90b3-4e5a-aa29-5d83812e8119,*.citizenlab.cl,"*.citizenlab.cl,*.citizenlab.co",ISSUED,AMAZON_ISSUED,ELIGIBLE,2019-12-04 15:53:03 +0100,,2024-09-03 01:59:59 +0200
arn:aws:acm:us-east-1:389841910643:certificate/42331e32-4019-4a7d-8757-f6a9d743a97f,iedereenmee.koksijde.be,"iedereenmee.koksijde.be,www.iedereenmee.koksijde.be",ISSUED,AMAZON_ISSUED,ELIGIBLE,2022-09-05 13:59:50 +0200,,2024-09-05 01:59:59 +0200
arn:aws:acm:us-east-1:389841910643:certificate/0c78b9d9-2dce-4e90-a700-b3a8c1f13c3e,strategyconsultation.sportengland.org,"strategyconsultation.sportengland.org,*.strategyconsultation.sportengland.org",ISSUED,AMAZON_ISSUED,ELIGIBLE,2020-11-06 15:28:49 +0100,,2024-09-03 01:59:59 +0200
arn:aws:acm:us-east-1:389841910643:certificate/833f5d68-0277-468a-bea3-2392fd45bbdd,voresviden.slagelse.dk,"voresviden.slagelse.dk,*.voresviden.slagelse.dk",ISSUED,AMAZON_ISSUED,ELIGIBLE,2021-10-07 16:54:47 +0200,,2024-09-05 01:59:59 +0200
arn:aws:acm:us-east-1:389841910643:certificate/69e14a48-9333-45b5-9bd5-9101c2005694,otto-beteiligt.de,"otto-beteiligt.de,*.otto-beteiligt.de",ISSUED,AMAZON_ISSUED,ELIGIBLE,2023-08-08 10:41:03 +0200,,2024-09-06 01:59:59 +0200
arn:aws:acm:us-east-1:389841910643:certificate/cb73b715-56cb-4eda-b7e3-7ae1e9f48beb,engage.cambridge.gov.uk,engage.cambridge.gov.uk,ISSUED,AMAZON_ISSUED,ELIGIBLE,2022-09-08 14:11:28 +0200,,2024-09-08 01:59:59 +0200
arn:aws:acm:us-east-1:389841910643:certificate/31ac775f-f8b1-4b51-afc1-f39170869815,oergedach.hoeselt.be,"oergedach.hoeselt.be,*.oergedach.hoeselt.be",ISSUED,AMAZON_ISSUED,ELIGIBLE,2020-11-10 20:55:13 +0100,,2024-09-07 01:59:59 +0200
arn:aws:acm:us-east-1:389841910643:certificate/54d37bce-63fa-4ba0-945e-cc51f1a00560,engage.westminster.gov.uk,"engage.westminster.gov.uk,*.engage.westminster.gov.uk",ISSUED,AMAZON_ISSUED,ELIGIBLE,2021-10-11 11:42:24 +0200,,2024-09-10 01:59:59 +0200
arn:aws:acm:us-east-1:389841910643:certificate/b134608e-013e-4c40-acf5-68893a27d21a,maasmechelenmeemaken.be,"maasmechelenmeemaken.be,*.maasmechelenmeemaken.be",ISSUED,AMAZON_ISSUED,ELIGIBLE,2019-12-11 14:00:27 +0100,,2024-09-09 01:59:59 +0200
arn:aws:acm:us-east-1:389841910643:certificate/3d3a4b44-522a-4c35-951a-f8624039f111,doemee.leiden.nl,"doemee.leiden.nl,*.doemee.leiden.nl",ISSUED,AMAZON_ISSUED,ELIGIBLE,2019-12-11 17:14:35 +0100,,2024-09-09 01:59:59 +0200
arn:aws:acm:us-east-1:389841910643:certificate/c155b177-3ae5-4072-86cc-5964cc03ff61,tvojgradnovisad.rs,"tvojgradnovisad.rs,*.tvojgradnovisad.rs",ISSUED,AMAZON_ISSUED,ELIGIBLE,2021-10-13 14:23:24 +0200,,2024-09-12 01:59:59 +0200
arn:aws:acm:us-east-1:389841910643:certificate/877871b7-ab66-4c27-8108-a6a361759fce,denkmee.utrecht.nl,denkmee.utrecht.nl,ISSUED,IMPORTED,INELIGIBLE,2023-08-14 11:14:36 +0200,2023-08-14 11:14:36 +0200,2024-09-09 16:57:02 +0200
arn:aws:acm:us-east-1:389841910643:certificate/66527d51-6c3c-4c5a-b14a-a0c5d6aa0a93,meedoen.losser.nl,"meedoen.losser.nl,www.meedoen.losser.nl",ISSUED,IMPORTED,INELIGIBLE,2023-08-16 11:56:43 +0200,2023-08-16 11:56:43 +0200,2024-08-05 01:59:59 +0200
arn:aws:acm:us-east-1:389841910643:certificate/e7975027-1140-4798-8e11-11dfc82bea3c,denkmee.pijnacker-nootdorp.nl,"denkmee.pijnacker-nootdorp.nl,*.denkmee.pijnacker-nootdorp.nl",ISSUED,AMAZON_ISSUED,ELIGIBLE,2023-08-17 22:40:56 +0200,,2024-09-15 01:59:59 +0200
arn:aws:acm:us-east-1:389841910643:certificate/5fbe910a-1e54-43b9-867a-12883b4d11d9,participa.minmineria.gob.cl,participa.minmineria.gob.cl,ISSUED,AMAZON_ISSUED,ELIGIBLE,2023-08-17 22:45:06 +0200,,2024-09-16 01:59:59 +0200
arn:aws:acm:us-east-1:389841910643:certificate/4edf67ac-552d-43f6-9e67-b9c2f2500222,conectajusticia.minjusticia.gob.cl,"conectajusticia.minjusticia.gob.cl,*.conectajusticia.minjusticia.gob.cl",ISSUED,AMAZON_ISSUED,ELIGIBLE,2019-12-17 22:24:08 +0100,,2024-09-14 01:59:59 +0200
arn:aws:acm:us-east-1:389841910643:certificate/aeefc4b9-c4c1-4b42-8405-c24460281dc3,goespraatmee.nl,"goespraatmee.nl,*.goespraatmee.nl",ISSUED,AMAZON_ISSUED,ELIGIBLE,2020-11-18 17:48:37 +0100,,2024-09-14 01:59:59 +0200
arn:aws:acm:us-east-1:389841910643:certificate/4c041fd5-0f29-4223-8290-49a70ab1afea,doemee.oegstgeest.nl,"doemee.oegstgeest.nl,*.doemee.oegstgeest.nl",ISSUED,AMAZON_ISSUED,ELIGIBLE,2020-11-20 15:15:19 +0100,,2024-09-16 01:59:59 +0200
arn:aws:acm:us-east-1:389841910643:certificate/1c2a597c-3031-4a94-8b9f-65ec7cd511ec,lynetteholm.borgersamling.dk,"lynetteholm.borgersamling.dk,*.lynetteholm.borgersamling.dk",ISSUED,AMAZON_ISSUED,ELIGIBLE,2021-10-19 09:51:23 +0200,,2024-09-17 01:59:59 +0200
arn:aws:acm:us-east-1:389841910643:certificate/dc0967ed-8d73-445d-8d41-aead1956a4db,engage.chillicotheoh.gov,engage.chillicotheoh.gov,ISSUED,AMAZON_ISSUED,ELIGIBLE,2022-09-21 11:04:50 +0200,,2024-09-20 01:59:59 +0200
arn:aws:acm:us-east-1:389841910643:certificate/a719f6c3-b823-4c78-90e3-596e521ba507,smicvalcitoyen.fr,smicvalcitoyen.fr,ISSUED,AMAZON_ISSUED,ELIGIBLE,2021-10-21 15:43:57 +0200,,2024-09-19 01:59:59 +0200
arn:aws:acm:us-east-1:389841910643:certificate/557cefb8-0e53-4669-b054-f5b67c4c971a,participa.santiago2050.cl,"participa.santiago2050.cl,*.participa.santiago2050.cl",ISSUED,AMAZON_ISSUED,ELIGIBLE,2022-09-22 11:53:59 +0200,,2024-09-22 01:59:59 +0200
arn:aws:acm:us-east-1:389841910643:certificate/d7435063-9165-43be-9647-7d60deb4207d,projectpubliek.bilzen.be,"projectpubliek.bilzen.be,*.projectpubliek.bilzen.be",ISSUED,AMAZON_ISSUED,ELIGIBLE,2023-08-24 10:33:20 +0200,,2024-09-22 01:59:59 +0200
arn:aws:acm:us-east-1:389841910643:certificate/d8962ca1-16ad-48cd-8b84-96932c29e19a,braintrust.itinera.team,"braintrust.itinera.team,*.braintrust.itinera.team",ISSUED,AMAZON_ISSUED,ELIGIBLE,2023-08-24 11:45:11 +0200,,2024-09-22 01:59:59 +0200
arn:aws:acm:us-east-1:389841910643:certificate/ba35ac71-5f6c-4004-8c53-5eb17498eed3,borgerinddragelse.halsnaes.dk,"borgerinddragelse.halsnaes.dk,*.borgerinddragelse.halsnaes.dk",ISSUED,AMAZON_ISSUED,ELIGIBLE,2022-09-26 12:47:33 +0200,,2024-09-26 01:59:59 +0200
arn:aws:acm:us-east-1:389841910643:certificate/9e728b3e-6bc3-4eed-b135-5515abdb24c7,denkmee.maassluis.nl,"denkmee.maassluis.nl,*.denkmee.maassluis.nl",ISSUED,AMAZON_ISSUED,ELIGIBLE,2022-09-26 13:01:31 +0200,,2024-09-26 01:59:59 +0200
arn:aws:acm:us-east-1:389841910643:certificate/05d94c1e-0887-454c-8cc1-f49ffc932108,hellohyattsville.com,"hellohyattsville.com,*.hellohyattsville.com",ISSUED,AMAZON_ISSUED,ELIGIBLE,2022-09-26 13:05:22 +0200,,2024-09-26 01:59:59 +0200
arn:aws:acm:us-east-1:389841910643:certificate/1e334e56-6c4a-49f7-80c6-ac981cac70b3,youth4climate.be,"youth4climate.be,*.youth4climate.be",ISSUED,AMAZON_ISSUED,ELIGIBLE,2019-01-24 12:02:44 +0100,,2024-09-26 01:59:59 +0200
arn:aws:acm:us-east-1:389841910643:certificate/6ba26732-ab1a-496d-af3f-a5e2f028af8e,ikdenkmee.gavere.be,"ikdenkmee.gavere.be,*.ikdenkmee.gavere.be",ISSUED,AMAZON_ISSUED,ELIGIBLE,2021-10-29 13:19:09 +0200,,2024-09-28 01:59:59 +0200
arn:aws:acm:us-east-1:389841910643:certificate/148c91cf-bef3-4ec7-afd2-8d38cb834b0d,*.citizenlab.co,"*.citizenlab.co,*.hq.citizenlab.co,*.template.citizenlab.co,*.demo.citizenlab.co,*.stg.citizenlab.co",ISSUED,AMAZON_ISSUED,ELIGIBLE,2019-01-25 14:40:29 +0100,,2024-09-28 01:59:59 +0200
arn:aws:acm:us-east-1:389841910643:certificate/efc249d1-fbee-441b-80e8-3bda6ed55bcf,onlinedorpsgesprek.ermelo.nl,"onlinedorpsgesprek.ermelo.nl,*.onlinedorpsgesprek.ermelo.nl",ISSUED,AMAZON_ISSUED,ELIGIBLE,2022-10-03 15:43:54 +0200,,2024-10-02 01:59:59 +0200
arn:aws:acm:us-east-1:389841910643:certificate/27faa77f-4348-4b47-9c00-6e888d4659b3,zemljazanas.rs,"zemljazanas.rs,*.zemljazanas.rs",ISSUED,AMAZON_ISSUED,ELIGIBLE,2021-11-04 10:00:38 +0100,,2024-10-06 01:59:59 +0200
arn:aws:acm:us-east-1:389841910643:certificate/211fe88c-55f0-4abb-a9c2-7d27ff650e11,community.denkmee-verenigingsloket.be,"community.denkmee-verenigingsloket.be,*.community.denkmee-verenigingsloket.be",ISSUED,AMAZON_ISSUED,ELIGIBLE,2021-11-04 12:57:29 +0100,,2024-10-06 01:59:59 +0200
arn:aws:acm:us-east-1:389841910643:certificate/f370e34e-c1a4-45db-915a-1163b1a80032,*.meinaugustusburg.de,"*.meinaugustusburg.de,*.citizenlab.co,meinaugustusburg.de",ISSUED,AMAZON_ISSUED,ELIGIBLE,2018-03-04 19:37:43 +0100,,2024-10-07 01:59:59 +0200
arn:aws:acm:us-east-1:389841910643:certificate/2e79c2e6-d931-40d2-bbf1-886848c5863d,borgerlab.horsholm.dk,"borgerlab.horsholm.dk,*.borgerlab.horsholm.dk",ISSUED,AMAZON_ISSUED,ELIGIBLE,2020-01-06 15:25:55 +0100,,2024-10-08 01:59:59 +0200
arn:aws:acm:us-east-1:389841910643:certificate/db476880-af1d-423e-a049-317222cb4669,envisionnorwich360.com,"envisionnorwich360.com,*.envisionnorwich360.com",ISSUED,AMAZON_ISSUED,ELIGIBLE,2022-10-11 15:07:12 +0200,,2024-10-10 01:59:59 +0200
arn:aws:acm:us-east-1:389841910643:certificate/3b89d82d-3a8a-4e80-bcc8-574daca1a391,iheartmac.org,"iheartmac.org,*.iheartmac.org",ISSUED,AMAZON_ISSUED,ELIGIBLE,2022-10-11 15:07:35 +0200,,2024-10-10 01:59:59 +0200
arn:aws:acm:us-east-1:389841910643:certificate/7250229e-1727-4e59-a484-78c7ed0cbd68,*.citizenlab.co,"*.citizenlab.co,*.hq.citizenlab.co,*.demo.citizenlab.co,*.stg.citizenlab.co",ISSUED,AMAZON_ISSUED,ELIGIBLE,2017-10-23 13:48:38 +0200,,2024-10-11 01:59:59 +0200
arn:aws:acm:us-east-1:389841910643:certificate/7eb631d3-6dcc-4427-a41c-1799f09bca9e,engage.alleghenycounty.us,engage.alleghenycounty.us,ISSUED,AMAZON_ISSUED,ELIGIBLE,2022-10-12 10:41:46 +0200,,2024-10-14 01:59:59 +0200
arn:aws:acm:us-east-1:389841910643:certificate/60990131-05f9-48ea-bd52-822313a18116,participateplus.falkirk.gov.uk,"participateplus.falkirk.gov.uk,*.participateplus.falkirk.gov.uk",ISSUED,AMAZON_ISSUED,ELIGIBLE,2023-09-15 11:11:31 +0200,,2024-10-14 01:59:59 +0200
arn:aws:acm:us-east-1:389841910643:certificate/aa65ef0d-4243-4a2d-840e-20eaa753da12,centinelaparticipa.cl,"centinelaparticipa.cl,*.centinelaparticipa.cl",ISSUED,AMAZON_ISSUED,ELIGIBLE,2022-10-18 12:02:14 +0200,,2024-10-18 01:59:59 +0200
arn:aws:acm:us-east-1:389841910643:certificate/b151a1a8-5738-4b7b-9e92-1a1528ecb62e,vores.lejre.dk,"vores.lejre.dk,*.vores.lejre.dk",ISSUED,AMAZON_ISSUED,ELIGIBLE,2022-10-18 12:02:38 +0200,,2024-10-18 01:59:59 +0200
arn:aws:acm:us-east-1:389841910643:certificate/c5d69492-2a9c-4b49-b999-fb67fd795b69,antucoyaparticipa.cl,"antucoyaparticipa.cl,*.antucoyaparticipa.cl",ISSUED,AMAZON_ISSUED,ELIGIBLE,2022-10-18 12:01:33 +0200,,2024-10-17 01:59:59 +0200
arn:aws:acm:us-east-1:389841910643:certificate/3ef28e38-beb1-4f00-9426-eb1461515caf,deltag.holbaek.dk,"deltag.holbaek.dk,*.deltag.holbaek.dk",ISSUED,AMAZON_ISSUED,ELIGIBLE,2021-11-19 16:22:49 +0100,,2024-10-20 01:59:59 +0200
arn:aws:acm:us-east-1:389841910643:certificate/e09cf773-a811-4159-b981-76e016a686f0,zwevegemparticipeert.be,"zwevegemparticipeert.be,*.zwevegemparticipeert.be",ISSUED,AMAZON_ISSUED,ELIGIBLE,2019-02-18 15:17:29 +0100,,2024-10-21 01:59:59 +0200
arn:aws:acm:us-east-1:389841910643:certificate/bd99838c-4e79-4ae3-a1e3-f1f454dba53a,wijzijnmalinwa.be,"wijzijnmalinwa.be,*.wijzijnmalinwa.be",ISSUED,AMAZON_ISSUED,ELIGIBLE,2020-12-22 11:53:56 +0100,,2024-10-21 01:59:59 +0200
arn:aws:acm:us-east-1:389841910643:certificate/dce7ea42-33be-462b-9a52-ca9e0a447981,jeparticipe-cusset.com,"jeparticipe-cusset.com,*.jeparticipe-cusset.com",ISSUED,AMAZON_ISSUED,ELIGIBLE,2019-02-22 14:44:16 +0100,,2024-10-23 01:59:59 +0200
arn:aws:acm:us-east-1:389841910643:certificate/37607eee-201d-4cd6-9b46-946427860b0a,norristownbuzz.org,"norristownbuzz.org,*.norristownbuzz.org",ISSUED,AMAZON_ISSUED,ELIGIBLE,2021-11-24 15:52:29 +0100,,2024-10-25 01:59:59 +0200
arn:aws:acm:us-east-1:389841910643:certificate/0d13a4d7-092d-4043-b464-02f6f5f36436,shaping.salford.gov.uk,"shaping.salford.gov.uk,www.shaping.salford.gov.uk",ISSUED,IMPORTED,INELIGIBLE,2023-09-26 17:40:56 +0200,2023-09-26 17:40:56 +0200,2024-10-26 01:59:59 +0200
arn:aws:acm:us-east-1:389841910643:certificate/0e10ac94-42f2-4d73-b77b-2652036034df,bouwmeeaanbeernem.be,"bouwmeeaanbeernem.be,*.bouwmeeaanbeernem.be",ISSUED,AMAZON_ISSUED,ELIGIBLE,2023-09-27 09:27:52 +0200,,2024-10-26 01:59:59 +0200
arn:aws:acm:us-east-1:389841910643:certificate/8c1614fc-6841-4aab-9ab3-560da8604e24,leeuwdenktmee.be,"leeuwdenktmee.be,*.leeuwdenktmee.be",ISSUED,AMAZON_ISSUED,ELIGIBLE,2023-09-28 17:41:01 +0200,,2024-10-27 01:59:59 +0200
arn:aws:acm:us-east-1:389841910643:certificate/fbc4e4ae-8bdf-4fec-a5b0-08a4709869f7,praatmee.goeree-overflakkee.nl,"praatmee.goeree-overflakkee.nl,*.praatmee.goeree-overflakkee.nl",ISSUED,AMAZON_ISSUED,ELIGIBLE,2023-09-28 17:47:00 +0200,,2024-10-27 01:59:59 +0200
arn:aws:acm:us-east-1:389841910643:certificate/418d4d86-2f82-4b3a-9933-ec4afd320787,vores.dn.dk,"vores.dn.dk,*.vores.dn.dk",ISSUED,AMAZON_ISSUED,ELIGIBLE,2020-12-28 13:09:53 +0100,,2024-10-28 00:59:59 +0100
arn:aws:acm:us-east-1:389841910643:certificate/2ffe3826-050a-4ef0-8589-a92428954828,platform.culemborg.nl,"platform.culemborg.nl,www.platform.culemborg.nl",ISSUED,IMPORTED,INELIGIBLE,2023-10-02 14:07:22 +0200,2023-10-02 14:07:22 +0200,2024-10-29 00:59:59 +0100
arn:aws:acm:us-east-1:389841910643:certificate/c8f8a70d-46a3-4b08-9364-54b0ad9f10ed,idee.haaltert.be,idee.haaltert.be,ISSUED,AMAZON_ISSUED,ELIGIBLE,2023-10-03 14:22:02 +0200,,2024-11-01 00:59:59 +0100
arn:aws:acm:us-east-1:389841910643:certificate/5c5d96e3-5531-4148-89a7-3ef9d7af2202,jeparticipe.ajaccio.corsica,"jeparticipe.ajaccio.corsica,*.jeparticipe.ajaccio.corsica",ISSUED,AMAZON_ISSUED,ELIGIBLE,2022-11-03 18:00:16 +0100,,2024-11-02 00:59:59 +0100
arn:aws:acm:us-east-1:389841910643:certificate/78dccd08-1d1b-4f5b-93f4-bbed0360725d,convencion.cultura.gob.cl,convencion.cultura.gob.cl,ISSUED,AMAZON_ISSUED,ELIGIBLE,2021-01-04 15:37:53 +0100,,2024-11-03 00:59:59 +0100
arn:aws:acm:us-east-1:389841910643:certificate/34ffffa1-072d-40cf-9e01-28b9911ddbcc,goodlab.be,"goodlab.be,*.goodlab.be",ISSUED,AMAZON_ISSUED,ELIGIBLE,2020-02-07 13:52:52 +0100,,2024-11-02 00:59:59 +0100
arn:aws:acm:us-east-1:389841910643:certificate/c4da0074-8b65-4a6e-bc6d-2aba6c79e320,budgetparticipatif.gembloux.be,"budgetparticipatif.gembloux.be,*.budgetparticipatif.gembloux.be",ISSUED,AMAZON_ISSUED,ELIGIBLE,2023-10-05 14:46:57 +0200,,2024-11-03 00:59:59 +0100
arn:aws:acm:us-east-1:389841910643:certificate/bab648c1-47c8-405c-acdc-928d5990d907,ciudadaniaensalud.org,"ciudadaniaensalud.org,*.ciudadaniaensalud.org",ISSUED,AMAZON_ISSUED,ELIGIBLE,2023-10-05 14:47:31 +0200,,2024-11-03 00:59:59 +0100
arn:aws:acm:us-east-1:389841910643:certificate/f982cbc1-80ee-4a3b-86c2-9a3693360a80,doemee.veere.nl,doemee.veere.nl,ISSUED,AMAZON_ISSUED,ELIGIBLE,2023-10-05 15:17:16 +0200,,2024-11-03 00:59:59 +0100
arn:aws:acm:us-east-1:389841910643:certificate/95c5f95c-4a14-4cc7-ac48-6d279cfdd265,stadtgestalten.duesseldorf-marketing.de,stadtgestalten.duesseldorf-marketing.de,ISSUED,AMAZON_ISSUED,ELIGIBLE,2023-10-05 16:41:13 +0200,,2024-11-03 00:59:59 +0100
arn:aws:acm:us-east-1:389841910643:certificate/67dac2da-a2ce-4c4a-9682-9a906717c716,jaime.franquevillesaintpierre.com,"jaime.franquevillesaintpierre.com,*.jaime.franquevillesaintpierre.com",ISSUED,AMAZON_ISSUED,ELIGIBLE,2021-12-09 14:41:20 +0100,,2024-11-10 00:59:59 +0100
arn:aws:acm:us-east-1:389841910643:certificate/a4ee53d6-d06d-4ee1-abca-2f4ab140c2ef,denkmee.sint-truiden.be,denkmee.sint-truiden.be,ISSUED,AMAZON_ISSUED,ELIGIBLE,2022-11-09 16:39:42 +0100,,2024-11-10 00:59:59 +0100
arn:aws:acm:us-east-1:389841910643:certificate/bfb8f630-581d-434d-9635-f261671d7f62,participacion.digital.gob.cl,"participacion.digital.gob.cl,*.participacion.digital.gob.cl",ISSUED,AMAZON_ISSUED,ELIGIBLE,2022-11-10 16:17:41 +0100,,2024-11-10 00:59:59 +0100
arn:aws:acm:us-east-1:389841910643:certificate/1356cb42-73ca-40a6-abd6-957f875175ad,your.cotswold.gov.uk,"your.cotswold.gov.uk,*.your.cotswold.gov.uk",ISSUED,AMAZON_ISSUED,ELIGIBLE,2023-10-11 15:17:32 +0200,,2024-11-09 00:59:59 +0100
arn:aws:acm:us-east-1:389841910643:certificate/768e8cd3-964b-4ab7-bec6-cc635a718988,projectpubliek.bilzen.be,projectpubliek.bilzen.be,ISSUED,AMAZON_ISSUED,INELIGIBLE,2023-10-11 15:28:18 +0200,,2024-11-09 00:59:59 +0100
arn:aws:acm:us-east-1:389841910643:certificate/e0e2a809-4b20-4490-a557-ddb1a8a36495,engage.communityfoodnavigator.org,"engage.communityfoodnavigator.org,*.engage.communityfoodnavigator.org",ISSUED,AMAZON_ISSUED,ELIGIBLE,2021-12-10 17:17:51 +0100,,2024-11-11 00:59:59 +0100
arn:aws:acm:us-east-1:389841910643:certificate/7f0a42ff-8d87-4af1-a780-e77800b0db72,participaconenergia.minenergia.cl,"participaconenergia.minenergia.cl,*.participaconenergia.minenergia.cl",ISSUED,AMAZON_ISSUED,ELIGIBLE,2021-12-10 17:16:52 +0100,,2024-11-10 00:59:59 +0100
arn:aws:acm:us-east-1:389841910643:certificate/7274eb05-c32f-434b-bb2e-aae52996c933,denkmee.malle.be,"denkmee.malle.be,*.denkmee.malle.be",ISSUED,AMAZON_ISSUED,ELIGIBLE,2020-02-14 15:54:43 +0100,,2024-11-10 00:59:59 +0100
arn:aws:acm:us-east-1:389841910643:certificate/4eaeda12-f1cb-4909-a7dd-ff350be89595,doemee.alken.be,"doemee.alken.be,*.doemee.alken.be",ISSUED,AMAZON_ISSUED,ELIGIBLE,2021-01-11 16:20:12 +0100,,2024-11-11 00:59:59 +0100
arn:aws:acm:us-east-1:389841910643:certificate/b9bf57d7-b1c3-4d17-832d-e6aad2e1a0d7,onscranendonck.nu,"onscranendonck.nu,*.onscranendonck.nu",ISSUED,AMAZON_ISSUED,ELIGIBLE,2018-04-23 12:43:24 +0200,,2024-11-20 00:59:59 +0100
arn:aws:acm:us-east-1:389841910643:certificate/7a753fd5-0dea-44fd-a540-850520b67f49,engage.cityoflancasterpa.gov,"engage.cityoflancasterpa.gov,*.engage.cityoflancasterpa.gov",ISSUED,AMAZON_ISSUED,ELIGIBLE,2022-11-25 18:28:14 +0100,,2024-11-24 00:59:59 +0100
arn:aws:acm:us-east-1:389841910643:certificate/6ceca03c-2cdc-4c42-9e28-3788699234c5,hello.monroeohio.org,"hello.monroeohio.org,*.hello.monroeohio.org",ISSUED,AMAZON_ISSUED,ELIGIBLE,2022-11-25 18:30:47 +0100,,2024-11-24 00:59:59 +0100
arn:aws:acm:us-east-1:389841910643:certificate/60f68ae0-76b2-46de-95da-cdc836149754,iesaisties.riga.lv,"iesaisties.riga.lv,*.iesaisties.riga.lv",ISSUED,AMAZON_ISSUED,ELIGIBLE,2022-11-28 18:03:29 +0100,,2024-11-28 00:59:59 +0100
arn:aws:acm:us-east-1:389841910643:certificate/f89615e5-6f7f-4b55-bbf3-40b73a584f67,torontocentreprojects.ca,"torontocentreprojects.ca,*.torontocentreprojects.ca",ISSUED,AMAZON_ISSUED,ELIGIBLE,2022-11-28 18:03:53 +0100,,2024-11-28 00:59:59 +0100
arn:aws:acm:us-east-1:389841910643:certificate/91275af4-d916-4b34-b475-b41a1abb286c,participer.ville-antony.fr,"participer.ville-antony.fr,*.participer.ville-antony.fr",ISSUED,AMAZON_ISSUED,ELIGIBLE,2021-02-01 16:05:57 +0100,,2024-12-02 00:59:59 +0100
arn:aws:acm:us-east-1:389841910643:certificate/502c72c3-eb85-4555-a810-0a8905797142,greatercincyclimateaction.engage.co,greatercincyclimateaction.engage.co,FAILED,AMAZON_ISSUED,INELIGIBLE,2023-11-03 15:31:12 +0100,,
arn:aws:acm:us-east-1:389841910643:certificate/5a398d1e-dad0-4ac8-a83c-4bbaf7625695,backtocampus.ulb.be,"backtocampus.ulb.be,*.backtocampus.ulb.be",ISSUED,AMAZON_ISSUED,ELIGIBLE,2021-02-02 16:31:00 +0100,,2024-12-02 00:59:59 +0100
arn:aws:acm:us-east-1:389841910643:certificate/af541506-2219-4d7a-9fe6-e131f02c6119,participatransparente.cl,"participatransparente.cl,*.participatransparente.cl",ISSUED,AMAZON_ISSUED,ELIGIBLE,2020-03-06 15:46:16 +0100,,2024-12-05 00:59:59 +0100
arn:aws:acm:us-east-1:389841910643:certificate/5c11e564-e570-418a-bb35-9ced722a0c35,samenwerkenaan.heerde.nl,"samenwerkenaan.heerde.nl,*.samenwerkenaan.heerde.nl",ISSUED,AMAZON_ISSUED,ELIGIBLE,2021-02-08 18:35:01 +0100,,2024-12-09 00:59:59 +0100
arn:aws:acm:us-east-1:389841910643:certificate/66e44c1f-979d-4578-8e3c-4a8423bd39c8,preus.meulebeke.be,"preus.meulebeke.be,*.preus.meulebeke.be",ISSUED,AMAZON_ISSUED,ELIGIBLE,2021-02-08 18:30:46 +0100,,2024-12-25 00:59:59 +0100
arn:aws:acm:us-east-1:389841910643:certificate/d6932f76-0420-47b8-9134-dc59cb34a9fe,doemee.vlissingen.nl,"doemee.vlissingen.nl,*.doemee.vlissingen.nl",ISSUED,AMAZON_ISSUED,ELIGIBLE,2023-11-10 09:36:32 +0100,,2024-12-09 00:59:59 +0100
arn:aws:acm:us-east-1:389841910643:certificate/28fa20b9-e92c-448d-bded-5a6ab04dd0f5,denkmee.achtkarspelen.nl,"denkmee.achtkarspelen.nl,*.denkmee.achtkarspelen.nl",ISSUED,AMAZON_ISSUED,ELIGIBLE,2021-02-11 18:33:31 +0100,,2024-12-11 00:59:59 +0100
arn:aws:acm:us-east-1:389841910643:certificate/48e8537b-649a-452c-b537-6309f138cb31,denkmee.t-diel.nl,"denkmee.t-diel.nl,*.denkmee.t-diel.nl",ISSUED,AMAZON_ISSUED,ELIGIBLE,2021-02-11 18:32:30 +0100,,2024-12-11 00:59:59 +0100
arn:aws:acm:us-east-1:389841910643:certificate/19e61b5a-9e40-4d30-9d82-1a075c52db5b,denkmee.woerden.nl,"denkmee.woerden.nl,*.denkmee.woerden.nl",ISSUED,AMAZON_ISSUED,ELIGIBLE,2022-12-14 13:00:08 +0100,,2024-12-14 00:59:59 +0100
arn:aws:acm:us-east-1:389841910643:certificate/213f8c3e-450d-472e-be3c-07ec65963783,texelspreekt.nl,"texelspreekt.nl,*.texelspreekt.nl",ISSUED,AMAZON_ISSUED,ELIGIBLE,2023-11-14 16:30:52 +0100,,2024-12-13 00:59:59 +0100
arn:aws:acm:us-east-1:389841910643:certificate/22f15626-07fc-42ef-8503-e4e19d77ca75,apply.citizenlab.co,apply.citizenlab.co,ISSUED,AMAZON_ISSUED,ELIGIBLE,2022-01-17 13:40:50 +0100,,2024-12-19 00:59:59 +0100
arn:aws:acm:us-east-1:389841910643:certificate/202e1aea-7720-4716-8060-a87743bd94dc,demain.villedavray.fr,demain.villedavray.fr,ISSUED,AMAZON_ISSUED,ELIGIBLE,2021-02-17 21:56:43 +0100,,2024-12-18 00:59:59 +0100
arn:aws:acm:us-east-1:389841910643:certificate/d017260d-32d3-4294-864f-236e7cd02f42,samenhattem.nl,"samenhattem.nl,*.samenhattem.nl",ISSUED,AMAZON_ISSUED,ELIGIBLE,2021-02-18 22:14:02 +0100,,2024-12-18 00:59:59 +0100
arn:aws:acm:us-east-1:389841910643:certificate/c337f3b1-5068-44e3-a8ff-1da4da656a1c,discover.cityofstruthers.com,"discover.cityofstruthers.com,*.discover.cityofstruthers.com",ISSUED,AMAZON_ISSUED,ELIGIBLE,2022-01-21 12:33:40 +0100,,2024-12-23 00:59:59 +0100
arn:aws:acm:us-east-1:389841910643:certificate/55f6d0db-aa0a-4312-a964-49cbb2eee39f,deeljeidee.sport.vlaanderen,"deeljeidee.sport.vlaanderen,*.deeljeidee.sport.vlaanderen",ISSUED,AMAZON_ISSUED,ELIGIBLE,2023-11-24 09:51:08 +0100,,2024-12-23 00:59:59 +0100
arn:aws:acm:us-east-1:389841910643:certificate/6040b6ce-4f00-4240-b5df-5c1ff7e8011e,developpementrural.tournai.be,"developpementrural.tournai.be,*.developpementrural.tournai.be",ISSUED,AMAZON_ISSUED,ELIGIBLE,2021-02-23 11:46:00 +0100,,2024-12-23 00:59:59 +0100
arn:aws:acm:us-east-1:389841910643:certificate/c7c8fbad-1052-48a3-8919-c930df84993b,hesselager.svendborg.dk,"hesselager.svendborg.dk,*.hesselager.svendborg.dk",ISSUED,AMAZON_ISSUED,ELIGIBLE,2022-12-26 10:51:24 +0100,,2024-12-26 00:59:59 +0100
arn:aws:acm:us-east-1:389841910643:certificate/bb502e1a-797b-4faa-b835-cb349fc25c95,jeparticipe.ville-bron.fr,"jeparticipe.ville-bron.fr,*.jeparticipe.ville-bron.fr",ISSUED,AMAZON_ISSUED,ELIGIBLE,2022-01-26 11:25:34 +0100,,2024-12-28 00:59:59 +0100
arn:aws:acm:us-east-1:389841910643:certificate/f328a344-d3e6-4c21-9578-bdd67f3c3060,participate.smartcity.brussels,"participate.smartcity.brussels,*.participate.smartcity.brussels",ISSUED,AMAZON_ISSUED,ELIGIBLE,2018-05-22 10:26:45 +0200,,2024-12-27 00:59:59 +0100
arn:aws:acm:us-east-1:389841910643:certificate/1702b825-c27a-44a7-b3dd-2d08860bbcd7,seimitdabei.lkgi.de,"seimitdabei.lkgi.de,*.seimitdabei.lkgi.de",ISSUED,AMAZON_ISSUED,ELIGIBLE,2023-11-28 07:55:06 +0100,,2024-12-28 00:59:59 +0100
arn:aws:acm:us-east-1:389841910643:certificate/43a5cc09-de23-4a4c-8f06-485e58d2289c,participez.sceaux.fr,"participez.sceaux.fr,*.participez.sceaux.fr",ISSUED,AMAZON_ISSUED,ELIGIBLE,2023-11-28 07:55:07 +0100,,2024-12-27 00:59:59 +0100
arn:aws:acm:us-east-1:389841910643:certificate/99f1aaf8-ccc0-4db0-886a-7c40929b41a4,cushingforward.com,"cushingforward.com,*.cushingforward.com",ISSUED,AMAZON_ISSUED,ELIGIBLE,2023-11-29 16:47:54 +0100,,2024-12-28 00:59:59 +0100
arn:aws:acm:us-east-1:389841910643:certificate/a52f7fd1-161d-4e80-bbbf-5252004a5f9d,mylosalengage.com,mylosalengage.com,ISSUED,AMAZON_ISSUED,INELIGIBLE,2023-11-30 15:12:13 +0100,,2024-12-29 00:59:59 +0100
arn:aws:acm:us-east-1:389841910643:certificate/12c82dfa-d185-4e19-ae4f-c3a8611d8204,heistdenktmee.be,"heistdenktmee.be,*.heistdenktmee.be",ISSUED,AMAZON_ISSUED,ELIGIBLE,2023-11-30 15:46:53 +0100,,2024-12-29 00:59:59 +0100
arn:aws:acm:us-east-1:389841910643:certificate/223e2cfc-2222-4bc5-90b1-b3ceba2bc95a,mylosalengage.com,"mylosalengage.com,*.mylosalengage.com",ISSUED,AMAZON_ISSUED,INELIGIBLE,2023-11-30 16:35:50 +0100,,2024-12-29 00:59:59 +0100
arn:aws:acm:us-east-1:389841910643:certificate/a37e1e67-a497-4ac0-a713-3f4206686a98,denkmee.noord-beveland.nl,"denkmee.noord-beveland.nl,*.denkmee.noord-beveland.nl",ISSUED,AMAZON_ISSUED,ELIGIBLE,2023-11-30 17:07:32 +0100,,2024-12-29 00:59:59 +0100
arn:aws:acm:us-east-1:389841910643:certificate/949b045e-5d3e-4dbe-83bd-e5febb64f74d,denkmeemet.waregem.be,"denkmeemet.waregem.be,*.denkmeemet.waregem.be",ISSUED,AMAZON_ISSUED,ELIGIBLE,2019-04-29 14:41:41 +0200,,2024-12-30 00:59:59 +0100