ID,host,lifecycle_stage,cluster
65f5551c-5773-4cb7-a90e-0a1924fd61dd,undp-jordan-trial.citizenlab.co,demo,production-benelux
3b4f2e94-b510-4cf0-9aa8-56da4c858293,dksuper.citizenlab.co,demo,production-benelux
c4d9a80a-eadc-4f84-b407-9656802da005,spl-demo.citizenlab.co,demo,production-benelux
d52bbd13-b882-4baf-8b9c-8742165c0064,wb-demo.citizenlab.co,demo,production-benelux
24c625e4-95e5-4b7b-8177-316200f12501,demo-ieper.citizenlab.co,demo,production-benelux
99110260-5fe8-4a1e-9749-1ec623bff549,stadtwien-demo.citizenlab.co,demo,production-benelux
61e5b832-eae3-4fab-8bd9-3b23cf4f2c90,landkreis-hof.citizenlab.co,demo,production-benelux
2d8ce2af-422d-4f27-b2e0-e59dc4eb0f22,yasmina-demo.citizenlab.co,demo,production-benelux
8eefc55c-66eb-4a18-8bb3-7d4181567bb8,luciana-demo.citizenlab.co,demo,production-benelux
ddef3e30-8a7d-427b-968c-337f720e0be3,andre-demo.citizenlab.co,demo,production-benelux
3f3d144d-30f7-4967-8933-d5b90d4eac46,sarah-demo.citizenlab.co,demo,production-benelux
4b727cb1-6bed-4a77-93be-0003038cc949,madeleine-demo.citizenlab.co,demo,production-benelux
70d5b822-8612-4542-be8f-7f21b9aff912,daphne-demo.citizenlab.co,demo,production-benelux
77a41a65-b8d7-42ef-b0ba-f0bce91d57ca,gregoire-demo.citizenlab.co,demo,production-benelux
833ca0cd-76af-44c4-8c1c-824c31a69214,isobel-demo.citizenlab.co,demo,production-benelux
a35eb527-d89d-4ef5-92b6-4f79c6594a17,goettingen-demo.citizenlab.co,demo,production-benelux
523fb9f0-a4d3-4b67-9d83-74a8346113d9,vlaamseverenigingen.citizenlab.co,demo,production-benelux
4b1db0e0-d224-426b-9ad1-119bf9f70213,demo-rabi.citizenlab.co,demo,prd-uk
187bc9a3-de3a-48dc-837f-20f90549a9cf,amanda-demo.citizenlab.co,demo,prd-usw
5af1569c-4c75-4a40-8f64-c481e6b7bbb0,cl-fr10.demo.citizenlab.co,demo,production-benelux
0ae62376-1265-416e-bf34-77a2d079e82c,utrecht.demo.citizenlab.co,demo,production-benelux
b4e36841-d479-42a8-b769-0b40f90765ba,clairedemo.citizenlab.co,demo,production-benelux
c14f8c7f-4829-4fe9-8cdc-9e7e8f70a05c,gemeentedordrecht.demo.citizenlab.co,demo,production-benelux
68dfc918-3435-4641-af63-8a558c620d89,gemeentemaassluis.demo.citizenlab.co,demo,production-benelux
a52636d4-eafd-4d24-be24-580ba94cd585,dankeanetest.citizenlab.co,demo,prd-usw
f9f74131-a1da-4acc-95e7-8e750d309eca,vlissingen.demo.citizenlab.co,demo,production-benelux
1057c944-3ef9-44f6-990b-9baa0b6abb7a,kevin2.demo.citizenlab.co,demo,production-benelux
e54e4428-cae9-4938-bebd-80a9f7dc83ec,goes.demo.citizenlab.co,demo,production-benelux
c14f8c7f-4829-4fe9-8cdc-9e7e8f70a05c,gemeentedordrecht.demo.citizenlab.co,demo,production-benelux
cd9c29e0-23e3-4f5f-a9e1-49c47b93c6c4,dordrecht.demo.citizenlab.co,demo,production-benelux
594dbe37-1cd7-4445-9e0b-d2c3b67c5c65,vlaanderen.demo.citizenlab.co,demo,production-benelux
6f0dff9e-3f50-4a32-97fe-47d7c3f5f01d,leidenpilot.stg.citizenlab.co,demo,production-benelux
7bcf09b4-f12b-46b6-9db2-0aebdacbaf81,oegstgeest.demo.citizenlab.co,demo,production-benelux
4d35d0aa-f6c0-41d8-bb1e-f39b5ce753f6,guetersloh-demo.citizenlab.co,demo,production-benelux
de1f85e7-0cee-4f3c-b726-f8197e139a20,istanbul-trial.citizenlab.co,demo,production-benelux
18dc233c-a2dc-44fe-bcfe-c44b4be14bcc,particitiz-trial.citizenlab.co,demo,production-benelux
1c78d203-28c7-4477-9171-80ef133557a0,folkinitiativ-trial.citizenlab.co,demo,production-benelux
2c1b67da-684d-4ee1-95ed-4e3bbd038e50,magellan-society-trial.citizenlab.co,demo,production-benelux
324e98fc-7355-44b2-95b9-dd6034c6ae31,slrd-trial.citizenlab.co,demo,prd-can
3b36be7e-f2d6-4316-baff-2e9a4e9d0b72,qmmunis.citizenlab.co,demo,production-benelux
47f1bfda-2808-41c2-921a-0cc8cb175cf0,joburg-trial.citizenlab.co,demo,production-benelux
49564f66-db62-4ea2-bc47-2cacfb4035e4,weho-demo.citizenlab.co,demo,prd-usw
daaa5913-309d-4ca0-99b0-83d7c4aa1c6b,southstormont.citizenlab.co,demo,production-benelux
6fee158a-da71-48fe-8ae9-04a600e33599,dreamocracy-trial.citizenlab.co,demo,production-benelux
afc98363-de61-4b64-8300-fd3dcca25506,cityofdenton-trial.citizenlab.co,demo,production-benelux
35d4a900-cfa4-4887-9f76-bf18c61673db,saint-hubert.stg.citizenlab.co,demo,production-benelux
c5486b1b-24a8-4ba3-8b3e-1d94555c1b4f,evergem.stg.citizenlab.co,demo,production-benelux
9af1bad3-db8f-4cb1-980c-3481a8bcc267,jd-pantanal.citizenlab.co,demo,prd-sam
ff40ea5a-6144-414c-9fe1-965e1786591a,test-idea-custom-fields.demo.citizenlab.co,demo,production-benelux
40ad63ec-0ffb-41d0-9e4b-6f27be4ccf34,trial-ro-was-template.citizenlab.co,demo,production-benelux
c2b40df0-fa80-4a7b-9a31-6db88109a550,trial-pl.template.citizenlab.co,demo,production-benelux
a3d000db-bfce-4a4a-b3f0-710817f91577,trial-pt-was-template.citizenlab.co,demo,production-benelux
14b2f1a2-0497-4429-b60a-27dcc47c35b8,jaiba1-demo.citizenlab.co,demo,prd-sam
861057ec-9234-4046-bc32-ed9ea638ba9d,escazuparticipa.citizenlab.co,demo,prd-sam
96f73d84-7294-474f-ab04-5e5200b9ea6a,puertovaras.citizenlab.co,demo,prd-sam
885a4f9b-a739-4a1d-bfe6-22c6fc6a2dc7,neuquenparticipa.citizenlab.co,demo,prd-sam
2c6a7a96-d80a-4135-99f5-57508733d37f,fortalezacruzada.citizenlab.co,demo,prd-sam
c9a7961d-d087-4faf-9933-caa884ee983b,somoschoapa.citizenlab.co,demo,prd-sam
591765c5-6e9c-4e76-8265-3d60bd663536,lautaroparticipa.citizenlab.co,demo,prd-sam
a564c71b-e677-403c-ab35-ee89dbea67bb,argentinaparticipa.citizenlab.co,demo,prd-sam
880a9e02-663c-4c96-9dad-b65200ff9d5f,colegioelectoral.citizenlab.co,demo,prd-sam
4b28fa98-7744-4dc4-ab0c-8268c3761eec,demominsal.citizenlab.co,demo,prd-sam
9397b70f-ecbf-41ba-ab81-1ec3e6743d6b,mintransporte.citizenlab.co,demo,prd-sam
17656d04-b01f-4887-bc6f-20ebd75f8e58,goreantofagastademo.citizenlab.co,demo,prd-sam
c5265192-3591-459c-a317-33656b11f611,demomimunicipio.citizenlab.co,demo,prd-sam
91884ff8-92e8-429f-8488-f14866c4e49f,lareinaparticipa.citizenlab.co,demo,prd-sam
302372a7-06e2-415f-a770-e744efed4dbb,gobiernodigital.citizenlab.co,demo,prd-sam
c5c74b0a-beab-4082-b9f7-d04c04efba3b,demoacciona.citizenlab.co,demo,prd-sam
d07dfe74-05e2-46fe-a909-24102f2a75c8,demomaipuparticipa.citizenlab.co,demo,prd-sam
688d804d-1256-405c-912d-509e71beb402,plataformasoporte.citizenlab.co,demo,prd-sam
2d6c4945-3729-4ba6-aabe-8d882075eeff,demoislademaipo.citizenlab.co,demo,prd-sam
4b5a926e-f50f-4051-9014-950cd59ec356,municolinademo.citizenlab.co,demo,prd-sam
84287eda-0c2f-47f8-a933-71551058d0d6,estrategiaregionaldesarrollomaule.citizenlab.co,demo,prd-sam
63579066-b915-449a-b2b4-281c5627414d,demoreformatributaria.citizenlab.co,demo,prd-sam
adc89b7e-0450-466e-a46d-0fa3c40811a8,democontraloria.citizenlab.co,demo,prd-sam
fdfa01cf-65da-4272-ba31-8517a086a7aa,demomuninatales.citizenlab.co,demo,prd-sam
23d44b92-49de-4229-a917-1ee8fcb82e36,democolbun.citizenlab.co,demo,prd-sam
0cb174f0-f501-4fa3-8fbf-f1c7b24a5dc5,democauquenes.citizenlab.co,demo,prd-sam
1c786182-a9e0-4327-85f8-75b4d5264400,tenemosquehablardechile.citizenlab.co,demo,prd-sam
dcca7433-2b79-48bc-b8b8-8b1ea12d9532,demoaguazul.citizenlab.co,demo,prd-sam
620a8773-a5c8-4263-815d-c49c5c379fba,valparaisoparticipa.citizenlab.co,demo,prd-sam
c01697de-9802-4142-960c-4d40a66292bd,elnuevotrato.citizenlab.co,demo,prd-sam
beaee1ce-a6fa-428f-9988-15cf658daf9e,demoestacioncentral.citizenlab.co,demo,prd-sam
b2dad22f-7c28-4a20-a088-592ed2b294d2,municipiodeyopal.citizenlab.co,demo,prd-sam
82aa2078-fd4b-4529-b152-998a2e5e976a,municerronaviademo.citizenlab.co,demo,prd-sam
,demoprovidencia.citizenlab.co,,
b33fe052-bd8e-4772-8952-50507ddd1a21,outthereartsdemo.citizenlab.co,demo,prd-uk
6dcf89f1-e854-488e-b1dd-c11c2e216a91,brent-council.citizenlab.co,demo,production-benelux
f7d08878-f070-4cf3-bcee-f2a753dd61e9,nursing-midwifery-council-trial.citizenlab.co,demo,production-benelux
3dae6d51-7204-4da0-a58c-14d0bbb3f814,bank-of-england-trial.citizenlab.co,demo,production-benelux
b283f322-5d22-42e9-bd97-643910a9a6a4,salfordtrial.citizenlab.co,demo,prd-uk
8e1866f1-ebcd-4b60-8ba7-b4e28b34edff,grandbequest.citizenlab.co,demo,prd-uk
f8e9562a-d2ac-4473-8854-78943053d187,fctrial.citizenlab.co,demo,production-benelux
4ae19516-11c8-4afb-af61-f75521073e49,publicio-test.citizenlab.co,demo,production-benelux
51d356e3-3c38-44d8-a778-1afd91d88b6d,wcc-trial.citizenlab.co,demo,production-benelux
b9fb76cd-3f6d-4742-8a9d-2dbd2ffbb683,manchester-climate-change-trial.citizenlab.co,demo,production-benelux
04079438-ce95-4249-a361-2c4b969b8c71,uk-client-event.citizenlab.co,demo,production-benelux
a4d82332-986b-4f54-aeca-1cd744d50516,notting-hill-genesis.citizenlab.co,demo,production-benelux
82e27894-beb8-4e71-bc41-4bd4c87125bc,cork-trial.citizenlab.co,demo,production-benelux
7ef81dac-9013-4c63-9311-2bae9366ab10,bsi-pen-test.citizenlab.co,demo,prd-usw
8cb9b788-ba56-4bf6-a60a-cfe50191928e,uktest2.citizenlab.co,demo,prd-uk
65e77484-e49e-46e9-8ecb-c05c3523d9c4,qa-assignment.citizenlab.co,demo,production-benelux
a110d360-6a41-4807-9355-431ddf578ab5,koentestfail4.citizenlab.co,not_applicable,production-benelux
a6dcd68c-26cf-4ba6-850e-ec5be680096b,projecttemplates.citizenlab.co,demo,production-benelux
efaefe2d-601c-4d43-9899-73241668bd93,greencity-one.citizenlab.co,demo,production-benelux
2774b9c6-2c99-451e-bfa3-560e79b84f55,litterville-two.citizenlab.co,demo,production-benelux
51442085-83cd-40b1-800d-3a331b26b5f9,railtown-two.citizenlab.co,demo,production-benelux
c2fedfc4-bbe9-431b-9766-04b99c3f36ed,litterville-one.citizenlab.co,demo,production-benelux
6aab4c14-4099-4eb0-a131-5ad83576d1ef,caddick-consultation-demo.citizenlab.co,demo,prd-uk
ac65dcf0-eee4-4245-a3cd-17e50fba8a75,greencity-two.citizenlab.co,demo,production-benelux
9aab592f-450d-4254-92c0-f0dc4be3ccd4,railtown-one.citizenlab.co,demo,production-benelux
76739b32-deac-40ff-b1fe-1c660f0b8ace,iquiqueparticipa.citizenlab.co,demo,prd-sam
55371090-4dc4-4c68-a7f5-408448230792,calamaparticipa.citizenlab.co,demo,prd-sam
1c1d557a-59c3-4713-bec9-4dc74ce3dbcb,constitucionparticipa.citizenlab.co,demo,prd-sam
70839df4-871c-4b51-a122-f436c7c91922,aot.demo.citizenlab.co,demo,production-benelux
f16b9a9a-2ee4-4c59-821a-615564c89ca5,yourneweuparliament.demo.citizenlab.co,demo,production-benelux
9504f85a-fefd-4335-b371-be42386dfb58,wortegempetegem.demo.citizenlab.co,demo,production-benelux
282c083e-de4a-4422-a400-418d2b9f96e1,seneffe.demo.citizenlab.co,demo,production-benelux
2a780753-2fbd-4ba4-a6fa-e23831200f83,etterbeek-demo.citizenlab.co,demo,production-benelux
e76e834a-5293-4a50-bda9-06bcfd30f33b,vivrelaville.demo.citizenlab.co,demo,production-benelux
b912f26f-ef48-40c2-a5e3-e6bfd015bbe8,voeubase.demo.citizenlab.co,demo,production-benelux
b319b6af-32eb-40bf-b9af-4d8315110539,internationalsinbrussels.demo.citizenlab.co,demo,production-benelux
aa4bdc63-14d6-469a-9512-66594b8c2c70,saintgilles.demo.citizenlab.co,demo,production-benelux
7b982a9a-5335-4dc9-b5bb-5e391b34130e,roeselareburgerbegroting.demo.citizenlab.co,demo,production-benelux
a11017dd-70da-4979-a4a1-0871f27a6df5,tubize.demo.citizenlab.co,demo,production-benelux
9f453f30-62d1-4660-9cad-78fca98b0dbe,studiodada.demo.citizenlab.co,demo,production-benelux
be759a4a-fe8b-45a1-90a6-5a2afc860cc3,ngo.template.citizenlab.co,demo,production-benelux
efdaaa12-9c06-4aa5-8c63-64a9620976b2,poznan.demo.citizenlab.co,demo,production-benelux
a665c4ea-2624-475e-99de-33100dba8948,niepolomice.demo.citizenlab.co,demo,production-benelux
8376f47b-3c27-4e35-9f16-41ed7710b5b5,privdg.demo.citizenlab.co,demo,production-benelux
cc544508-3801-4363-a727-342c21994cae,peabody.citizenlab.co,churned,prd-uk
69fc7d86-ff70-42bc-a996-68bdca5e096d,lambeth-trial.citizenlab.co,demo,prd-uk
9557948c-9285-454b-9112-ecee718a16b0,forum.wichita.gov,churned,prd-usw
d1b2cee0-34d4-4f70-91f3-db79ab25f97a,rijswijk.citizenlab.co,churned,production-benelux
6711cbeb-de22-49c3-a221-d1eb7f4940b3,dallas-demo.citizenlab.co,demo,prd-usw
ed0ee39e-f293-417e-869c-a09dc37bcb5f,demo.envigado.citizenlab.co,demo,prd-sam
12eecf15-0637-4d97-95ef-92f2055361d1,idee.namensnederland.nl,churned,production-benelux
59c525f3-6359-40b0-b2cc-5d0d3078f4f3,hilversum2040.nl,churned,production-benelux
c114943b-79c1-4866-9534-b8b9db3027f1,www.zukunft-pfaffenhausen.de,churned,production-benelux
3fef1304-ed97-4aeb-8daf-8d8c5ba07ea2,meridianoneconsultation.co.uk,churned,prd-uk
0ad86fed-7b57-4f25-af11-e5c627e5977d,cheltenhamzero.org,churned,prd-uk
821b382b-440d-4ba9-8522-0afc1acb8d68,denkmee.zoersel.be,churned,production-benelux
26b8ac8a-6c2a-45f0-9709-e9365319c549,soroechurned@citizenlab.co,not_applicable,production-benelux
06e1a9b6-f6f9-45c5-b36b-52007cd0b533,doemee.middelburgers.nl,churned,production-benelux
34e5f577-2e22-4957-81c9-91a25fc406b9,participatie.laarne.be,churned,production-benelux
01d3c059-31c6-4ff6-a11d-f452ae75d923,involve.winsford.gov.uk,churned,production-benelux
c968032f-5140-4eac-8ce9-269411d404f3,all-for-zero.be,churned,production-benelux
d1015a69-b2d4-4dcf-96fa-ed8d0512a863,policylab.org.uk,churned,production-benelux
d6a1fbea-b0e2-4521-8368-b2e0d914b906,ingenuityleeds.com,churned,prd-uk
6cb31f18-328d-44c2-a7e7-5443d7856159,hecht.haacht.be,churned,production-benelux
f4447cbb-f488-4027-bf80-0381cf7e6aa3,www.welklimburgwiljij.be,churned,production-benelux
9eea6c05-f1a6-4043-aee4-6021541dba4e,denkmee-hoogstraten.be,churned,production-benelux
43657ce7-d300-4e3a-94ea-d94a506eebd5,kinrooimeemaken.be,churned,production-benelux
54990280-bded-4313-856c-2b31f3c8502f,bienenroute.brussels,churned,production-benelux
d5445de5-acac-416b-b7fc-00961ec07417,deltag.voresmaal.dk,churned,production-benelux
8b573cc7-72c0-4041-b947-718ec80e3d76,denkmee.katwijk.nl,churned,production-benelux
1ec0d9e1-2672-49d4-97f2-6f8fb4ce0899,derechoshumanoslocales.cl,churned,prd-sam
d6c470a9-f087-4782-aabc-6c8683ce4949,ecpfl-demo.citizenlab.co,demo,prd-can
10ff8b7a-d2e0-43c1-9867-3c3610fdd3a2,https://naestvedchurned.citizenlab.co/,not_applicable,production-benelux
a678a659-5ac0-4ab0-8270-2da3a4081cc3,ideas.smartertogether.ca,churned,prd-can
580c4a77-6861-4d48-9f18-a93b966fb79e,inclusiondigitaleinclusie.be,churned,production-benelux
dad59814-875e-42d3-aed6-f43594522cd6,jerico.amigo.community,churned,prd-sam
0b6799f1-6fb3-481f-b6d3-f92a17971a5a,jskghiuehgergbekjgbejtkg.,churned,production-benelux
a4e4d34b-b6ee-40a0-a8a0-388a861048af,participanoneutrales.cl,churned,prd-sam
58da36e8-0bd6-49a4-9830-ef11c91f9038,projetmontpellier.fr,churned,production-benelux
43473120-48db-4173-ba38-488eaf2b0c5f,speakup2019.be,churned,production-benelux
2e70a1ad-e886-4566-95c1-59f5168e332c,tppcoronel.cl,churned,prd-sam
36076bf0-0721-4329-9747-aa97ca5a6549,www.demain-mont-saint-guibert.be,churned,production-benelux
2f345af2-f792-45b5-9262-e3cecb291114,www.govchat.org.za,churned,production-benelux
2e7503e0-c386-45ff-a70a-5f5ecb187ca8,www.onscranendonck.nu,churned,production-benelux
95563423-030e-427a-b876-e6404d39c443,www.reconstruisonsverviers.be,churned,production-benelux
6ab834d8-e18a-4ea2-bd8a-90d4a8a97687,yfvgvghkjgliugfucfgcv.,churned,production-benelux
de30884e-3b35-4f03-ab41-764279958ffa,youth4climate.be,churned,production-benelux
0802ec4a-f25e-46be-a26e-ae6f91236f95,zuurstof.be,churned,production-benelux
f502e90f-f6de-4c53-a1ea-770ea3a51878,burgervoorstellen-vlaanderen.citizenlab.co,demo,production-benelux
a420a6cf-8824-468c-a179-8ca91a2465f9,san-ramon.citizenlab.co,demo,prd-sam
6f8027e1-5f99-497f-bd92-6be9a1c0c26b,remi.demo.citizenlab.co,demo,production-benelux
4be01eb0-ecff-4abb-8273-c9851c49ca44,champaign-demo.citizenlab.co,demo,prd-usw
3f167863-0f13-40a9-a07a-c39bbdfa9012,barilocheparticipa.citizenlab.co,demo,prd-sam
4deb854e-14e8-4fcd-8655-220a52b0925c,houten.demo.citizenlab.co,demo,production-benelux
a95a8377-a71a-439b-b1f0-33387e58a468,serbia2-demo.citizenlab.co,demo,production-benelux
0fc84819-c0fe-4aff-9583-c1f67945fe8a,norgedebug.citizenlab.co,demo,production-benelux
d3f9dcd7-f1f8-490a-92dd-e0885ced04f8,acosys-demo.citizenlab.co,demo,prd-can
6a25be3f-b02a-4fd2-98b7-25d354d1fe7f,bloomington-demo.citizenlab.co,demo,prd-usw
7b94836e-2774-4b7c-b0dc-50a65810169c,hcclep.demo.citizenlab.co,demo,production-benelux
9345e7e8-46e2-42b5-aa7d-5e07f07fa9d2,psu2-demo.citizenlab.co,demo,prd-usw
2c888555-8ac6-4338-94b1-374ec2ad01df,hellobuurman.citizenlab.co,demo,production-benelux
3c8c2964-9df9-4d4a-bd5b-784b34d5c010,serbia4-demo.citizenlab.co,demo,production-benelux
f229ae8c-4743-4a12-bc01-bbe727a24cd2,headmade-demo.citizenlab.co,demo,production-benelux
258734d6-d9ad-4446-90e0-14f752e1c106,azfuture-demo.citizenlab.co,demo,prd-usw
37ba1be7-c23c-4f14-a6d3-df722bc42469,dresita.citizenlab.co,demo,production-benelux
56350412-c9f2-444d-ab04-522fca6a6f3c,boise-demo.citizenlab.co,demo,prd-usw
5c091744-b203-478e-8747-f0ed114ddd0a,melissa.demo.citizenlab.co,demo,production-benelux
acc9502b-eeeb-4b38-9159-401e038d7dd4,croatia1-demo.citizenlab.co,demo,production-benelux
6584036a-4792-415b-8b06-9a98c512a053,helsingborg.demo.citizenlab.co,demo,production-benelux
0a67a4d9-0df8-4ddc-988f-b3a023f50482,arbeitskreis-uni-stuttgart.citizenlab.co,demo,production-benelux
293347a5-6305-415c-acdc-70c91c348085,abbotslangley-pc.demo.citizenlab.co,demo,production-benelux
7769196b-a9b9-4508-bb99-ea2da840d364,serbia1-demo.citizenlab.co,demo,production-benelux
9597e2a1-a8dd-41cc-91d8-2c8a480769c5,santiago.demo.citizenlab.co,demo,prd-sam
ce2d2235-8b95-4ee0-b7b4-04f4bf64b140,stateofutah-demo1.citizenlab.co,demo,prd-usw
e549b27f-fdc0-4e10-94c2-a8b7f8097c6d,ints-demo.citizenlab.co,demo,prd-sam
ef97b128-03aa-4239-8385-fc8a0414eec9,boralex-demo.citizenlab.co,demo,prd-usw
fd9c8177-09a1-4a81-bfa4-c33c3cbe41ab,test2-romania.citizenlab.co,demo,production-benelux
8ebba46b-2d47-4cf5-9bbc-ca2808141f4f,portland-trial.citizenlab.co,demo,prd-usw
01347544-1600-452f-86fa-2afe5780e508,northhaven-demo.citizenlab.co,demo,prd-usw
fabf3291-e3b8-44c9-afa8-64185adc68d3,norristown-demo.citizenlab.co,demo,prd-usw
fa6083d1-55ed-4a52-b7cf-3fe67c9591a9,calanoras.citizenlab.co,demo,production-benelux
fa06d2aa-459f-4800-b4c0-aeae9f50a431,dtulcea-was-template.citizenlab.co,demo,production-benelux
f98434e1-7f49-4321-93d2-4b6d2f8ab7d5,d-plan.demo.citizenlab.co,demo,production-benelux
102d7abc-fb52-4711-b922-dad07acc093c,bfk-demo.citizenlab.co,demo,production-benelux
115f2e36-7486-41ec-b9ca-38d302877b61,notification-control.demo.citizenlab.co,demo,production-benelux
13d6ca50-578e-45f5-beb8-3ca4dc03cb6d,san-isidro-demo.citizenlab.co,demo,production-benelux
f8def281-ad0b-4ef2-811c-6d1e11d8896a,lacamaraparticipa.citizenlab.co,demo,prd-sam
17af47dd-4973-474e-be4a-1d848a48d9bb,concordia-demo.citizenlab.co,demo,prd-usw
f5e9e21c-1f85-4074-8eef-2cdfe9b3ef22,croatia2-demo.citizenlab.co,demo,production-benelux
1b975a80-26a9-4e91-9b67-6522dd15c5d5,demaramures.citizenlab.co,demo,production-benelux
1df4d550-ed6b-4855-99db-190c9c6fc66a,serbia3-demo.citizenlab.co,demo,production-benelux
2335f134-5a20-4d95-adca-e4a241a57fcc,fortterre-demo.citizenlab.co,demo,production-benelux
84e7140d-e49a-4de7-a609-d9ba0cb96fab,cityfortterre-demo.citizenlab.co,demo,production-benelux
edca4fd7-56cc-47cb-852d-ad7d5e7a27c2,corrientes2030demo.citizenlab.co,demo,prd-sam
23b1b793-da20-49fc-9e7c-0d71e59f5ed3,terna-demo.citizenlab.co,demo,production-benelux
266b3f3e-b0d1-4673-991c-8b6263e25ff5,alex-test.citizenlab.co,demo,production-benelux
26e276d3-a40d-4260-96df-ac96118bfa73,yourplatform.demo.citizenlab.co,demo,production-benelux
ecc14c04-e904-42c4-9e6d-b9c7c10fffc7,medellindemo.citizenlab.co,demo,prd-sam
2787ddd4-ceec-4ed0-96cb-5984302bdf81,rochester-demo.citizenlab.co,demo,prd-usw
28341915-ea7c-4f71-8ba9-5f26f96debf2,richmond-demo2.citizenlab.co,demo,prd-usw
ebf13a76-1107-4984-84c0-74b24164f306,hala.demo.citizenlab.co,demo,production-benelux
02358104-10c0-48f4-a1d4-79ed5f7881c8,czechbotany-demo.citizenlab.co,demo,production-benelux
298bcdd3-e9f7-49a8-b558-f32e83be2c73,partnerville-demo.citizenlab.co,demo,production-benelux
e93ccd37-da22-4d25-8dd2-f4582a152154,villedavray.demo.citizenlab.co,demo,production-benelux
2a6d7df8-077d-45ff-b5f7-7e55126802b6,partnerportal-test.citizenlab.co,demo,production-benelux
e1141fe0-2685-48b6-aabc-eea1b3ac7c6d,argentina-demo.citizenlab.co,demo,prd-sam
e057a7ec-6fba-4564-8ea0-f84a13844861,jamesjunglegym.citizenlab.co,demo,production-benelux
2efcdd71-5afa-4f09-8703-4d869d84a26a,test-environment.citizenlab.co,demo,production-benelux
dede9f47-ab09-4cf8-9d0c-afb7e7b3fbe7,tiel.demo.citizenlab.co,demo,production-benelux
326e1cec-37b1-4589-add3-bff312ac5b35,vallejo-demo.citizenlab.co,demo,prd-usw
3515a85f-e7d9-4bdf-8112-1b18a40981ca,test-ro.citizenlab.co,demo,production-benelux
3823e49e-e890-4a2b-8d6b-83cf6b24c47c,ruimtevolk.demo.citizenlab.co,demo,production-benelux
38ee4773-9f34-4fd1-a070-28e0defede67,dai-demo.citizenlab.co,demo,production-benelux
3aeea9ec-47c3-4177-b538-d8a46b4f199e,mexico3-demo.citizenlab.co,demo,prd-sam
dd034204-35eb-4bf1-9169-49099c1d92aa,test-romania.citizenlab.co,demo,production-benelux
3e331d6a-312f-47f3-bacc-d06219001fbb,demo-dprp.citizenlab.co,demo,production-benelux
dad2e5a2-76fd-496c-a0e7-4d8ab3a26433,wsr.demo.citizenlab.co,demo,production-benelux
48528a62-3524-4b94-a1ca-fe80b73e452e,ontmoetingsplein.demo.citizenlab.co,demo,production-benelux
49c318fa-04f6-4ac6-af33-6124ff6d16ca,joostcity.citizenlab.co,demo,production-benelux
4aeb9f5f-3e4f-4266-a169-156d196fcac7,deilfov-was-template.citizenlab.co,demo,production-benelux
4b9ec91b-e5ce-4924-8b9f-0f3066fa6eb5,ami.demo.citizenlab.co,demo,production-benelux
d6c470a9-f087-4782-aabc-6c8683ce4949,ecpfl-demo.citizenlab.co,demo,prd-can
d22e7231-9d67-4350-bed1-6ab890f47c8e,demo-giurgiu.citizenlab.co,demo,production-benelux
ce210709-81bd-4231-922d-8e8541d55ce3,yaesuldemo.citizenlab.co,demo,production-benelux
035c4fe1-55ca-4ab6-a765-ffcb0c0c53ea,tumunicipio.citizenlab.co,demo,prd-sam
52563381-b628-420e-b997-02d2732683d0,ttc.demo.citizenlab.co,demo,production-benelux
cd23079c-5c97-40a0-add6-47cb3ba6d901,dypall-demo.citizenlab.co,demo,production-benelux
ca157e89-84b2-4a2e-9bda-7a48336fac19,annesophie-demo.citizenlab.co,demo,production-benelux
57610c31-dc67-4c91-afa2-1a0aefcb7723,psu-demo.citizenlab.co,demo,prd-usw
57ad0efd-3584-4bf6-994f-ad9f5a7fa172,sector6final.citizenlab.co,demo,production-benelux
588055c2-885a-4feb-9747-05700bff1509,senama.demo.citizenlab.co,demo,prd-sam
59cafb64-48b0-4bec-91d4-38f592541055,metro.demo.citizenlab.co,demo,production-benelux
5b5c4415-a3a4-446c-b2c5-bfa0fa785b03,usertest1.demo.citizenlab.co,demo,production-benelux
c51e6132-a44b-432f-8415-2692b964f953,rockville-demo.citizenlab.co,demo,prd-usw
5eebea19-bb1d-4868-8589-4cd9aca3d802,hartford-demo.citizenlab.co,demo,prd-usw
c4b36ee7-265f-4fc1-8eb0-d9442ab45583,reconstruccionhonduras.citizenlab.co,demo,prd-sam
61020f35-d923-4c75-b886-36075e51b3bf,sound-diplomacy.citizenlab.co,demo,production-benelux
61458b5a-92fd-47e0-a881-755bb01a5a9d,spain-demo1.citizenlab.co,demo,production-benelux
c1500440-8a6f-4889-bf45-1fbf5c77b9bb,rostock-demo.citizenlab.co,demo,production-benelux
bf6fa7e7-4682-4ff5-aa8a-a8cc6deb7afd,burgerberaad.demo.citizenlab.co,demo,production-benelux
010de3e8-7e27-42ee-97d9-020bccfa7a0e,fuchstal-demo.citizenlab.co,demo,production-benelux
b99a9ac8-6d10-416b-ba71-82d1e318e51d,mexico2-demo.citizenlab.co,demo,prd-sam
b3601fe6-e78b-469a-b320-cf2d5b6c4d77,urbansync.demo.citizenlab.co,demo,production-benelux
6f35c729-6698-4551-8b85-a497507d630a,cardiff-ac.demo.citizenlab.co,demo,production-benelux
6fc03a1b-0cb0-4f23-8771-f41b3292aea7,sector6v2.citizenlab.co,demo,production-benelux
706ea23d-135b-429a-8e46-22f7585c3436,ottawa-demo.citizenlab.co,demo,prd-can
b1e8d0bc-374a-4706-957c-34ffa08b5be8,eani.demo.citizenlab.co,demo,production-benelux
733adb2c-25b0-4097-a559-93004648f1f8,richmond-demo.citizenlab.co,demo,prd-usw
ac8a8e7e-4489-4958-9738-e85f7b9217e6,stateofutah-demo.citizenlab.co,demo,prd-usw
76b0c48d-d510-41f2-aea6-d0effcba3567,cluj-napoca.demo.citizenlab.co,demo,production-benelux
77f3e4a3-4296-415f-8359-1ca370c71e9a,aberdeenshirecouncil.demo.citizenlab.co,demo,production-benelux
7afb0e8c-3f13-48ff-8be7-58572d1a7da4,corey.citizenlab.co,demo,prd-usw
7b575ae5-2875-484e-af2e-a392fcce5fdb,kalamazoo-demo.citizenlab.co,demo,prd-usw
7c62e00e-bfee-49fd-90ad-4f5aae160404,durian.citizenlab.co,demo,production-benelux
a1badb88-3ad5-46be-bc46-9501a9f5bc01,sfcg.demo.citizenlab.co,demo,production-benelux
804d856b-305e-4f61-9d8a-08398c3b7508,demosector2.citizenlab.co,demo,production-benelux
829972f6-858d-460c-9b81-bceae7be63e8,ps-demo.citizenlab.co,demo,prd-usw
84e7140d-e49a-4de7-a609-d9ba0cb96fab,cityfortterre-demo.citizenlab.co,demo,production-benelux
85761dce-8631-4950-a651-e655b4054b83,tofino-demo.citizenlab.co,demo,prd-usw
9ddd8ce4-d1cf-4f7d-a36a-b5aecc3a1146,timisoaraoras.citizenlab.co,demo,production-benelux
da6b278b-c75d-498f-b3d0-f91c9ceaec79,usdemo21.template.citizenlab.co,demo,production-benelux
