ID,host,created_at,lifecycle_stage,cluster
70872ff9-4aa5-4865-be14-d4267c000409,saanich.citizenlab.co,2023-10-18 20:59:44 UTC,active,CAN
706ea23d-135b-429a-8e46-22f7585c3436,ottawa-demo.citizenlab.co,2021-08-24 16:27:18 UTC,demo,CAN
9c2c6062-c4a8-4a54-97e1-4ce8dc6de8ca,participer.cmm.qc.ca,2022-04-06 09:42:31 UTC,active,CAN
da989cd6-0dfb-4285-a582-13835f76ce2c,toronto-ward-18.citizenlab.co,2023-10-26 22:19:00 UTC,active,CAN
703e158a-b8d8-439f-b4ab-85f76832c911,aem-goldex.citizenlab.co,2020-04-27 13:32:21 UTC,churned,CAN
a9b75aab-fbe0-4606-9a45-a20580c0aaf3,bowenisland.citizenlab.co,2019-11-05 19:43:36 UTC,active,CAN
78330989-b1ef-4e62-b7d0-0ae0ca9dbc66,vancouver.citizenlab.co,2018-04-05 21:29:17 UTC,churned,CAN
c82031fb-d375-4f8a-b04e-a211375ff43a,participation.concordia.ca,2021-01-28 15:37:07 UTC,active,CAN
a5fb75cf-f055-4411-959c-8a39138f66f7,cat.citizenlab.co,2022-02-07 13:26:20 UTC,churned,CAN
0a1d83d4-01b0-46d7-95be-c657ca6e3534,albertaparty.citizenlab.co,2022-03-29 22:47:35 UTC,active,CAN
d3f9dcd7-f1f8-490a-92dd-e0885ced04f8,acosys-demo.citizenlab.co,2021-09-18 14:22:47 UTC,demo,CAN
3882af3d-92bb-4cfd-ba78-a1a9d9005960,adrien-test-staging-2.stg.citizenlab.co,2023-11-17 11:28:54 UTC,active,STG
424238f2-9e72-4d5d-913d-8867a12bff40,adrien-moderator-confirmation-test-3.stg.citizenlab.co.stg.citizenlab.co,2023-11-15 12:09:38 UTC,active,STG
e400070c-a39e-460f-85d7-88086ecdce56,adrien-moderator-confirmation-test-6.stg.citizenlab.co,2023-11-15 13:47:15 UTC,active,STG
62f05539-002a-4b00-b82c-ee08f2384f17,lokeren.stg.citizenlab.co,2020-07-27 14:07:10 UTC,not_applicable,STG
ff1fd996-9aa8-4a26-b079-da0abe70b39d,dourovalley2021.stg.citizenlab.co,2021-06-12 21:39:30 UTC,demo,STG
4b9c169b-8b92-4ac5-8a31-693a9fcaf6e9,nlp2021.stg.citizenlab.co,2021-06-14 19:21:20 UTC,demo,STG
00d385aa-9309-43a2-818f-57c726580359,pentest2.stg.citizenlab.co,2021-10-02 06:51:10 UTC,demo,STG
8c5beef2-1a08-44fe-bc4a-1b2656fa1dd5,mathieuspalace.stg.citizenlab.co,2020-11-19 15:33:08 UTC,demo,STG
31406789-e0a1-4035-b85d-8f4f2c4d4a88,onboarding-test.stg.citizenlab.co,2018-07-05 13:30:40 UTC,demo,STG
948dae8f-cb53-40dd-9c42-5b5ead7601dc,adrien-moderator-confirmation-test-2.stg.citizenlab.co,2023-11-15 08:14:47 UTC,active,STG
40e255eb-46dc-4a3e-bad9-e69686ef6b84,adrien-test-staging.stg.citizenlab.co,2023-11-17 10:45:09 UTC,active,STG
85463d30-7b68-4bc4-81d3-5a6d09ec2a41,adrien-moderator-confirmation-test-4.stg.citizenlab.co.stg.citizenlab.co,2023-11-15 12:42:28 UTC,active,STG
1d9cb376-1f97-41d9-ae23-e973e5d83bd5,uxtest1.stg.citizenlab.co,2017-12-28 12:47:59 UTC,demo,STG
e57e822f-64e4-462d-a982-59188ec2a9b9,solution-engineer.stg.citizenlab.co,2020-12-10 09:23:52 UTC,demo,STG
8eed625a-c889-4aca-92a0-51a6b35c360e,gent-verification.stg.citizenlab.co,2021-08-19 19:53:43 UTC,not_applicable,STG
a6e19607-e520-4469-821a-fc1ee61f5590,recruitment.stg.citizenlab.co,2021-04-17 14:04:34 UTC,demo,STG
770438a8-3a9f-445c-af7d-f527a8c6c025,pentest1.stg.citizenlab.co,2020-09-18 14:57:32 UTC,demo,STG
e1692d44-c07e-487e-92fe-8f017cdc225c,injuv.stg.citizenlab.co,2021-06-06 12:24:57 UTC,demo,STG
0121e4f5-ae75-4c66-9df1-2dba87f4b1a7,a11y-pages.stg.citizenlab.co,2020-02-16 11:10:24 UTC,demo,STG
fa118692-9094-48a1-8aca-b5cc6d518e15,chile-cow.stg.citizenlab.co,2020-01-24 16:16:43 UTC,demo,STG
8c65e8a4-03a4-45fc-84af-5bbe6ff485d8,oostende.stg.citizenlab.co,2020-12-10 21:39:09 UTC,demo,STG
0d7ab1b0-82e5-424c-a44a-a71db604954e,de-template.stg.citizenlab.co,2018-08-10 13:30:04 UTC,demo,STG
4d8431b6-3c7b-47c7-889d-b01169e3f059,utrecht-demo.stg.citizenlab.co,2019-09-14 10:30:46 UTC,demo,STG
adbc9b5d-d37b-44c7-bb47-62c912d39d5a,e2e.stg.citizenlab.co,2022-01-17 16:54:36 UTC,not_applicable,STG
0423343b-6fb6-435f-a45d-ab2cdcd427c7,vub.stg.citizenlab.co,2019-01-14 14:25:14 UTC,demo,STG
18eb0f28-835e-442e-9fa3-e04a2f515b97,a11y.stg.citizenlab.co,2020-02-27 13:16:09 UTC,demo,STG
57d007b7-4329-4ee0-acf1-11928e2fa357,test-franceconnect.stg.citizenlab.co,2019-02-28 10:45:15 UTC,demo,STG
e0cd8f8b-4513-43cd-a6d6-2184416ba38e,en-template.stg.citizenlab.co,2018-08-10 11:45:48 UTC,demo,STG
c7e20cb9-f253-4c0c-aea1-e6e3c23c04c7,demo.stg.citizenlab.co,2017-10-16 12:43:15 UTC,demo,STG
68f97b05-7b6f-44ce-81ed-6bc1846f54db,product.stg.citizenlab.co,2019-03-23 13:59:39 UTC,demo,STG
ab898fc2-576d-4128-85f3-96bb90d19c90,q3.stg.citizenlab.co,2019-01-17 12:33:55 UTC,demo,STG
7b2033dd-9c21-45f4-96d9-c0b16e7ae201,e2etests-template.stg.citizenlab.co,2018-08-10 13:32:49 UTC,demo,STG
b707c294-2340-4a60-a6b1-033594c65afb,en2-template.stg.citizenlab.co,2018-08-10 12:44:12 UTC,demo,STG
046404ec-7611-4e30-b5ce-d423b23886b9,pa11y.stg.citizenlab.co,2021-06-13 15:48:51 UTC,demo,STG
facd0dbc-dca3-45eb-8984-af866d1e525d,french.stg.citizenlab.co,2018-02-02 09:35:44 UTC,demo,STG
01ff995f-b87a-4112-bad0-310fac57f8c3,osa.stg.citizenlab.co,2018-10-01 15:30:28 UTC,demo,STG
98149acd-d7f2-4a4c-92c2-bd06be614df6,demo28.stg.citizenlab.co,2017-12-11 13:47:32 UTC,demo,STG
e38cd088-fbe5-422d-8dbe-f789be86a851,localhost,2020-03-28 13:59:52 UTC,demo,STG
8b20fc83-94ad-48ab-b212-66a0b00e82ac,demo-sarah.citizenlab.co,2023-09-04 13:29:10 UTC,demo,USW
dc8df4a3-0e75-437a-b62e-00376150b120,aacids.citizenlab.co,2023-01-20 20:04:41 UTC,active,USW
92805e22-2739-4cdb-a11a-c3a918082d38,engage.hellamtownship.com,2022-12-19 12:34:02 UTC,active,USW
6e055292-9dcd-4761-9a35-12e765e71956,connectingtocongress.citizenlab.co,2021-06-29 08:46:45 UTC,active,USW
2787ddd4-ceec-4ed0-96cb-5984302bdf81,rochester-demo.citizenlab.co,2021-11-12 17:13:26 UTC,demo,USW
26648212-f6ff-4263-872f-ea8c70ed91d1,citizenlab.seattle.gov,2020-03-04 10:02:41 UTC,active,USW
aa4f088c-560e-48be-8226-d892d98b3f63,engagesanderscounty.citizenlab.co,2023-08-11 15:01:17 UTC,demo,USW
7b575ae5-2875-484e-af2e-a392fcce5fdb,kalamazoo-demo.citizenlab.co,2022-01-07 18:37:35 UTC,demo,USW
6ed3ca0b-539d-42db-aac2-ac33a12d4af1,demo-torontoward18.citizenlab.co,2023-08-10 20:52:24 UTC,demo,USW
718bbf8c-df56-4007-95db-56f91412692a,demo-mwcog.citizenlab.co,2023-08-07 22:07:52 UTC,demo,USW
c51e6132-a44b-432f-8415-2692b964f953,rockville-demo.citizenlab.co,2021-09-23 21:11:49 UTC,demo,USW
b26f2806-ff7e-4941-90fc-af65d6415824,demo-chattanooga.citizenlab.co,2023-08-15 18:04:23 UTC,demo,USW
50885759-4a76-43b7-920d-3723946a1030,northlea.citizenlab.co,2022-12-15 19:05:01 UTC,active,USW
8ebba46b-2d47-4cf5-9bbc-ca2808141f4f,portland-trial.citizenlab.co,2021-03-13 20:55:45 UTC,demo,USW
567bd83b-9510-4342-a951-4f2b7078e511,engagetab.citizenlab.co,2023-03-15 18:24:28 UTC,active,USW
20af1c4a-06fc-4045-acf7-a881a436cb53,engage.seattleparksandrec.com,2023-02-08 19:27:10 UTC,active,USW
f1fa8ece-0c96-4554-a4df-84b03af46b76,mashpee.citizenlab.co,2022-03-15 16:11:12 UTC,active,USW
f59db27b-f02f-4d1d-b28f-679323ce8964,my.cityofplattsburgh-ny.gov,2023-01-05 13:39:35 UTC,active,USW
23d4c63e-f1bc-41d6-a3dc-dbef82e61180,cityofmanor.citizenlab.co,2023-01-18 16:36:47 UTC,active,USW
6be624b4-39bb-4083-8bf5-a737eb817ecd,cushingforward.com,2023-03-10 14:46:54 UTC,active,USW
be903251-eed3-4bea-bf1f-ea06642561be,engagebothell.com,2023-02-19 23:11:22 UTC,active,USW
b3affdf2-dcb7-4b6e-adca-82c6aabab0db,usadvisor-demo.citizenlab.co,2023-11-07 22:05:20 UTC,not_applicable,USW
c455221a-8040-44d3-a21e-32e8b4c63cce,yreka.citizenlab.co,2023-04-30 21:13:39 UTC,active,USW
cd9a2fc0-c25e-4d63-b4c5-71a8ee7a429d,andrea.citizenlab.co,2023-03-21 16:39:15 UTC,demo,USW
a35d0232-3d85-4d42-a92e-701d085040af,rebuildtherec.org,2023-01-09 15:44:15 UTC,active,USW
7cc9d35e-b582-4bf9-8593-cd4bc0dab87a,sebi-usa.citizenlab.co,2023-10-26 15:13:15 UTC,not_applicable,USW
e0d13d54-d706-4d53-af85-2f6c48c4c2fe,stlouis.citizenlab.co,2023-07-17 22:31:52 UTC,active,USW
d728b815-23b5-4e9c-a3ea-8a03a23f46cb,emily.citizenlab.co,2023-07-27 15:26:06 UTC,demo,USW
00e7053a-1b8d-4b3f-a29a-e1bda68f59a4,losalamitos.citizenlab.co,2023-10-17 15:48:57 UTC,active,USW
ef97b128-03aa-4239-8385-fc8a0414eec9,boralex-demo.citizenlab.co,2021-10-11 00:48:19 UTC,demo,USW
01347544-1600-452f-86fa-2afe5780e508,northhaven-demo.citizenlab.co,2021-12-15 13:53:59 UTC,demo,USW
57610c31-dc67-4c91-afa2-1a0aefcb7723,psu-demo.citizenlab.co,2021-10-12 03:09:04 UTC,demo,USW
b0d9f0c2-dcf2-4442-aba2-1befc74c164f,lac.citizenlab.co,2023-10-05 17:32:18 UTC,active,USW
bb184daa-6509-4a59-9e49-96ade5a105c6,answerals.citizenlab.co,2022-07-20 15:16:54 UTC,active,USW
fe576642-4937-46bb-a55c-499148158b1c,engage.cityoflancasterpa.gov,2020-07-23 12:33:54 UTC,active,USW
d85bd17b-144e-4743-a410-6e049f446b2c,peoplestech.nyc,2021-08-03 13:02:15 UTC,active,USW
0cb33cd6-4690-4842-84ac-2b6c1b21136d,engage.chillicotheoh.gov,2022-06-14 16:50:05 UTC,active,USW
7afb0e8c-3f13-48ff-8be7-58572d1a7da4,corey.citizenlab.co,2022-03-17 08:38:03 UTC,demo,USW
6f9f840b-cb90-40cb-bee9-83e2cd7f6b8c,iheartmac.org,2022-08-10 20:12:04 UTC,active,USW
7e6149ac-e3f7-44d6-b26b-695f89e327a1,gprwc.citizenlab.co,2022-03-04 16:47:47 UTC,active,USW
77d604df-9ab1-476b-bcf8-a7506dcf189b,drumheller.citizenlab.co,2022-08-22 21:28:18 UTC,active,USW
326e1cec-37b1-4589-add3-bff312ac5b35,vallejo-demo.citizenlab.co,2021-09-20 22:22:43 UTC,demo,USW
464db1dc-8d0e-4b8d-b4f2-0b8011ea3e6e,futureconcordia.citizenlab.co,2022-09-29 16:42:21 UTC,active,USW
05efb601-034d-4428-b998-b7ca8df8a552,seattleparksrec.citizenlab.co,2022-11-29 19:51:57 UTC,active,USW
0a403d08-947e-4979-915e-3b6781d17ac4,engage.cityofallen.org,2023-04-05 18:03:14 UTC,active,USW
497e9f67-bcfc-4be7-bf46-d2f8c32c45b9,demo-cityoftoronto.citizenlab.co,2023-08-07 22:10:12 UTC,demo,USW
b06e6dba-56d9-41f4-8863-831ecd511acc,engage.communityfoodnavigator.org,2021-10-18 17:29:31 UTC,active,USW
e2274dd8-6b0a-4bc8-81ce-4d6058273967,engage.oakleyca.gov,2022-11-07 17:14:19 UTC,active,USW
6b6b2485-243b-4ce6-8eb3-ad7517fe27de,districtof-saanich.citizenlab.co,2023-10-17 18:08:51 UTC,active,USW
afcaa843-4de8-4608-82ca-0cd26184fc23,ratpatootie.citizenlab.co,2023-01-25 19:53:39 UTC,active,USW
5bb39854-9598-417f-a457-0a3a8215f8ad,engage.valleyregionaltransit.org,2021-05-17 13:34:04 UTC,active,USW
15d3da52-7739-4f0f-b9d8-dfe6c3358966,carlisle.citizenlab.co,2021-01-15 17:41:15 UTC,active,USW
78507c00-101b-488f-b3be-80ed6977c17d,hellohyattsville.com,2022-06-06 15:13:08 UTC,active,USW
0b9039ea-dd16-4c81-8484-be1aede479d1,buildharriscountyso.com,2023-03-10 18:35:56 UTC,active,USW
fbb9f981-fc8e-46a7-b775-2528e2528517,edit-the-city-philly.citizenlab.co,2021-05-26 14:30:21 UTC,active,USW
66e46c6a-17ac-4749-8ee2-909fb07b0181,engage.durango.org,2022-03-17 22:44:01 UTC,active,USW
866298e6-121a-4674-a207-6c827ec122de,districtofsaanich-demo.citizenlab.co,2023-05-31 18:56:17 UTC,demo,USW
4d9272ee-77ca-4e5c-83ce-e0c34f3c044b,demo-nina.citizenlab.co,2022-12-08 16:45:04 UTC,demo,USW
4be01eb0-ecff-4abb-8273-c9851c49ca44,champaign-demo.citizenlab.co,2022-02-09 14:33:05 UTC,demo,USW
2d42bf35-ea6e-4628-9112-0e387bed90f8,norristownbuzz.org,2021-08-02 09:37:36 UTC,active,USW
f0b539a6-5e77-47cb-af2a-732bad5114c4,our.biddefordmaine.org,2022-04-18 19:49:45 UTC,active,USW
f7375c83-8e99-4e21-9067-a90081c121e9,plan.providenceri.gov,2022-12-09 23:25:21 UTC,active,USW
09390762-a086-4a43-9eac-5a0d129abdf9,demotrial-dialoguepartners.citizenlab.co,2023-11-01 20:58:06 UTC,trial,USW
49623440-7fd9-41cf-b9c7-0fcf4c917bb6,nyc-demo.citizenlab.co,2023-11-02 16:23:51 UTC,demo,USW
28341915-ea7c-4f71-8ba9-5f26f96debf2,richmond-demo2.citizenlab.co,2021-09-21 22:40:47 UTC,demo,USW
6a25be3f-b02a-4fd2-98b7-25d354d1fe7f,bloomington-demo.citizenlab.co,2021-11-09 19:24:57 UTC,demo,USW
dca95acb-8061-42ce-bab9-81c4398af4eb,cityofnina.citizenlab.co,2023-01-06 18:40:20 UTC,demo,USW
c55fcf1f-e08a-4995-9531-19e17396a7bf,cincinnati.citizenlab.co,2022-06-27 22:18:37 UTC,active,USW
281a18a7-f928-41cf-9dd6-1ddb1cbcbc27,envisionnorwich360.com,2022-08-25 15:48:25 UTC,active,USW
b16d023e-6d6a-492c-af8c-a1f22f6598d2,montgomery-county.citizenlab.co,2023-11-06 21:53:39 UTC,active,USW
fb9819ac-5ea9-49a9-ae37-945889622022,discover.cityofstruthers.com,2021-11-10 16:43:36 UTC,active,USW
3aed133d-0b58-4a3c-ab79-0438b7f13bb3,webuild.bethlehem-pa.gov,2022-03-02 00:21:00 UTC,active,USW
85761dce-8631-4950-a651-e655b4054b83,tofino-demo.citizenlab.co,2021-10-04 16:13:57 UTC,demo,USW
4bc69aa8-d1a9-461c-9798-1d49e9743c95,engageonenorthsidepgh.org,2022-09-26 13:20:53 UTC,active,USW
ac8a8e7e-4489-4958-9738-e85f7b9217e6,stateofutah-demo.citizenlab.co,2021-11-07 00:00:00 UTC,demo,USW
ce2d2235-8b95-4ee0-b7b4-04f4bf64b140,stateofutah-demo1.citizenlab.co,2022-02-02 14:27:36 UTC,demo,USW
c7e5d0e2-758f-4c05-87b1-8886ff5b08f0,irenetest.citizenlab.co,2022-06-02 17:10:12 UTC,demo,USW
5eebea19-bb1d-4868-8589-4cd9aca3d802,hartford-demo.citizenlab.co,2021-11-02 19:17:03 UTC,demo,USW
09982b64-b6be-4e98-b448-3b488ec3d5a5,downtowngr.citizenlab.co,2022-12-05 21:00:51 UTC,active,USW
a6bec881-e4cd-4769-bcff-0a6f6ab60da0,athens2-demo.citizenlab.co,2021-12-06 17:10:19 UTC,demo,USW
31225ef8-b54e-4de8-96ba-eef8b962edeb,otago.citizenlab.co,2022-11-14 22:39:11 UTC,active,USW
829972f6-858d-460c-9b81-bceae7be63e8,ps-demo.citizenlab.co,2021-09-28 01:52:32 UTC,demo,USW
8141ac29-def5-472d-a2af-bafc1dca55f5,dccolab.citizenlab.co,2021-07-14 09:20:44 UTC,active,USW
17af47dd-4973-474e-be4a-1d848a48d9bb,concordia-demo.citizenlab.co,2021-09-29 04:56:01 UTC,demo,USW
56350412-c9f2-444d-ab04-522fca6a6f3c,boise-demo.citizenlab.co,2022-01-29 03:36:22 UTC,demo,USW
99c4c263-f42d-4418-871b-9eb0591120c1,yourvoice.tepukenga.ac.nz,2021-02-11 11:42:36 UTC,active,USW
3b15ebf3-b8e0-46fe-aac9-a9f113173b7f,greenumbrella.citizenlab.co,2022-09-27 16:02:37 UTC,active,USW
733adb2c-25b0-4097-a559-93004648f1f8,richmond-demo.citizenlab.co,2021-09-21 20:12:55 UTC,demo,USW
258734d6-d9ad-4446-90e0-14f752e1c106,azfuture-demo.citizenlab.co,2021-10-26 14:53:25 UTC,demo,USW
1843a530-d346-451c-9b7d-ee3937f9fbf3,engage.alleghenycounty.us,2022-08-18 17:48:40 UTC,active,USW
121af0d9-7d9c-4d03-a19a-9822b37aa548,onwardchickasha.org,2022-11-17 19:02:17 UTC,active,USW
99e2eef6-665a-43c4-82ab-b4a6f954c0d5,engage.oneseattleplan.com,2022-03-17 23:19:12 UTC,active,USW
fabf3291-e3b8-44c9-afa8-64185adc68d3,norristown-demo.citizenlab.co,2022-01-11 21:52:14 UTC,demo,USW
34898dc6-0c19-4a9f-b8c5-8224f319bc38,hello.monroeohio.org,2022-10-12 18:53:38 UTC,active,USW
9345e7e8-46e2-42b5-aa7d-5e07f07fa9d2,psu2-demo.citizenlab.co,2021-12-27 23:49:54 UTC,demo,USW
0352a866-3f30-40ad-8e16-b52cff4297f0,harperwoods.citizenlab.co,2022-08-18 18:09:35 UTC,active,USW
db5f34de-443b-4304-b908-ee0f7c92ba08,torontocentreprojects.ca,2022-11-17 23:48:59 UTC,active,USW
9292f18c-0c23-4238-b348-04618d32d5dd,engage.rexburg.org,2022-03-02 00:31:21 UTC,active,USW
a4d24252-e8e7-4584-8b8a-9b8e933f3d77,demosanpedroatacama.citizenlab.co,2023-02-28 15:51:47 UTC,demo,SAM
22054193-73ce-48dd-8ea7-53eca53f233a,santaanatzacuala-hidalgo.citizenlab.co,2022-05-30 17:20:47 UTC,active,SAM
046cbb51-3b11-44a1-b195-808755ef06f6,muni-sanborja-demo.citizenlab.co,2023-10-30 12:30:45 UTC,demo,SAM
edca4fd7-56cc-47cb-852d-ad7d5e7a27c2,corrientes2030demo.citizenlab.co,2021-10-26 21:13:34 UTC,demo,SAM
5b0092b0-8845-40b0-a8f6-ee176aa12c50,prc-demo.citizenlab.co,2021-05-02 15:33:11 UTC,demo,SAM
5e90e6f1-050b-458a-bb3c-b4dd66f18276,cocacolademo.citizenlab.co,2023-10-18 14:22:44 UTC,demo,SAM
c83d189c-2f78-4be8-b206-bfeadd130bf5,prolima-demo.citizenlab.co,2023-10-26 19:30:03 UTC,demo,SAM
b14cf0ec-39fd-4640-911f-fc1969e0f860,participa.minmineria.gob.cl,2023-02-06 14:52:19 UTC,active,SAM
bb18103f-4a93-44a5-abc3-7ccedd7accb8,paraguayacclab-demo.citizenlab.co,2023-11-06 13:21:58 UTC,demo,SAM
07aa4cbf-cad3-413b-a45e-1af6a4e97452,codelcoandina.citizenlab.co,2023-09-25 08:52:41 UTC,active,SAM
c44f7c38-7029-4078-b6e6-ad87818283cb,participaconenergia.minenergia.cl,2021-10-28 16:29:24 UTC,active,SAM
4c10d010-03c1-465c-b53c-8a7d5dcd9487,vinadecide.cl,2023-03-20 14:47:10 UTC,active,SAM
2331988f-5776-44b0-be7e-2a382690b96e,penalolenmascerca.cl,2019-05-31 12:56:42 UTC,churned,SAM
9d4d68d4-3bc0-4011-a7fb-8321ad0acf30,sanisidroparticipa.citizenlab.co,2020-11-30 17:07:51 UTC,churned,SAM
d0901bb6-ff6b-47f8-b7e1-f55361fe28b9,constitucion.citizenlab.co,2019-12-11 22:13:29 UTC,churned,SAM
e6eb0be9-b6e7-4caf-908b-2c162969c725,participa.muniarica.cl,2022-12-07 01:18:38 UTC,active,SAM
8a0a62cb-e9d9-4a9a-89d6-e83236e10c85,vitacuraparticipa.citizenlab.co,2022-09-27 08:45:12 UTC,churned,SAM
789f9e9c-e6ad-41fc-bba8-a8fde4b45439,conectajusticia.minjusticia.gob.cl,2019-12-17 17:20:52 UTC,churned,SAM
fa39ea65-fff3-4c31-817d-edb92fce4037,mopchile.citizenlab.co,2021-11-05 18:51:40 UTC,churned,SAM
04db8880-25ee-4f9c-8511-171ba265432a,antucoyaparticipa.cl,2021-02-08 23:19:58 UTC,active,SAM
81715362-a820-4ab3-84ee-e715bdae5f38,nuestravozimporta.cl,2021-03-12 03:26:03 UTC,churned,SAM
eb770247-1bd1-4952-a101-cbcdbc5a5a46,participa.mpudahuel.cl,2022-06-28 14:33:32 UTC,churned,SAM
aa2b0b3c-c7c0-4987-a185-e7d233ddf76c,acerca-redes.citizenlab.co,2020-06-04 19:36:46 UTC,churned,SAM
5709cc84-3eda-4015-8715-f38b032f4af9,dialogoreformas3.citizenlab.co,2022-01-19 12:10:41 UTC,active,SAM
41af4de1-4fa5-4ee2-9c5e-6bed748de701,mirafloresparticipa.citizenlab.co,2023-11-29 12:50:40 UTC,demo,SAM
a420a6cf-8824-468c-a179-8ca91a2465f9,san-ramon.citizenlab.co,2020-11-04 16:47:28 UTC,demo,SAM
56b4e819-62f2-473a-aa14-6d57cc23d541,sanmiguelparticipa.citizenlab.co,2023-11-17 10:51:43 UTC,demo,SAM
dd78a7b4-4faa-49eb-8f01-a9c726900f01,participaquinta-normal.citizenlab.co,2023-11-27 18:04:48 UTC,demo,SAM
aded0d52-4571-45b7-bd7a-689975b370dc,municipiosenpandemia.citizenlab.co,2020-07-03 00:50:28 UTC,churned,SAM
486973fd-52a5-467b-9f26-67e969a0578e,talca.citizenlab.co,2021-09-27 14:06:08 UTC,churned,SAM
1ce3a612-c754-4869-abcb-772ebb65e14a,redmercosurfromargentina.citizenlab.co,2022-04-28 13:59:07 UTC,churned,SAM
bd1273cf-2acf-4454-b7e9-2da1eeda082a,conectados.citizenlab.co,2019-04-17 14:46:23 UTC,churned,SAM
3e02ca0f-aeee-4e4d-8587-3e2d73086f4b,san-esteban.citizenlab.co,2019-12-11 22:16:43 UTC,churned,SAM
ecc14c04-e904-42c4-9e6d-b9c7c10fffc7,medellindemo.citizenlab.co,2022-03-09 14:49:02 UTC,demo,SAM
853912ed-d9ac-400c-871c-9a04a02996ee,sernacdemo.citizenlab.co,2023-11-20 13:13:23 UTC,demo,SAM
4b9bd65d-869e-4dc6-aafb-ced732ae2f57,agendadigitalrd.citizenlab.co,2020-12-10 14:49:54 UTC,churned,SAM
d7f2212d-cc1d-474b-879e-4d4a9714b635,san-bernardo.citizenlab.co,2019-12-11 16:38:30 UTC,churned,SAM
3f167863-0f13-40a9-a07a-c39bbdfa9012,barilocheparticipa.citizenlab.co,2022-02-02 15:45:51 UTC,demo,SAM
b98faf6a-8324-48b8-a3f1-07905fd31bbe,san-vicente.citizenlab.co,2019-12-11 16:49:18 UTC,churned,SAM
76f27a21-1c37-4487-87e0-5abb9026b5f4,banco-santander-demo.citizenlab.co,2023-10-26 14:09:35 UTC,demo,SAM
b99a9ac8-6d10-416b-ba71-82d1e318e51d,mexico2-demo.citizenlab.co,2021-12-15 09:21:31 UTC,demo,SAM
7383448d-a601-4a6e-9e4e-b9d1dcd92b50,participacion.digital.gob.cl,2022-08-29 13:38:25 UTC,active,SAM
10f724d7-e584-4268-8d01-bd03101f52c8,jaiba.citizenlab.co,2021-09-24 10:41:32 UTC,active,SAM
4fb3f5aa-33a7-41f7-8651-ff4d8c5559f8,saneamentodebasenatural.citizenlab.co,2022-03-28 20:00:31 UTC,churned,SAM
286b8c23-8d29-430c-a9b6-796e2f7b3999,caimanespelambres.citizenlab.co,2021-02-21 16:00:55 UTC,churned,SAM
d8f0f30c-439c-49b0-9f82-32bef8a0d6ae,digitalrd.citizenlab.co,2021-02-18 22:47:51 UTC,churned,SAM
8f63fb7c-086c-4d98-8fd8-5e4136243abe,participa.lareina.cl,2023-01-09 11:24:30 UTC,active,SAM
4294d645-2f67-46ee-ac1e-b3885d0daf1b,participacionambiental.citizenlab.co,2020-05-11 18:21:30 UTC,churned,SAM
c2346bf1-7fec-4e3a-9536-6c886bfe8d1c,minvu.citizenlab.co,2020-10-07 16:04:11 UTC,churned,SAM
20830e34-f7b6-4284-8a31-698712906275,statkraftparticipa.citizenlab.co,2020-10-07 14:37:42 UTC,churned,SAM
f7378e4a-695d-41da-bf3c-2e49110203c9,girlsrights.citizenlab.co,2020-07-03 08:58:25 UTC,churned,SAM
24c5cb00-390f-4679-aa79-b12b8cc79998,centinelaparticipa.cl,2020-10-07 15:49:39 UTC,active,SAM
3107494a-f9ba-4830-870f-92c07308545b,dguminvuparticipa.citizenlab.co,2023-06-20 19:35:54 UTC,demo,SAM
2703cf97-8c9c-48af-963b-f68f21c26275,ejealamedaprovidencia.citizenlab.co,2022-12-23 10:35:26 UTC,demo,SAM
39f085d7-07f1-41e8-849b-c92c9d198600,sanpedrodecide-demo.citizenlab.co,2021-12-15 08:30:44 UTC,demo,SAM
0d44a552-6904-4c57-b42f-5d28b49bafde,vinadelmarparticipa.citizenlab.co,2022-08-22 15:34:11 UTC,demo,SAM
c4b36ee7-265f-4fc1-8eb0-d9442ab45583,reconstruccionhonduras.citizenlab.co,2021-12-30 05:06:53 UTC,demo,SAM
0b8cee85-36b5-4033-9a25-36e0393d3914,participacion.cecrea.cl,2020-09-29 16:31:18 UTC,churned,SAM
7cd81321-fb2e-44aa-b611-1369c0281357,participa.santiago2050.cl,2022-07-04 17:07:48 UTC,active,SAM
fef1a625-5b0a-4bd8-acb7-ed43a4ac9ffc,esquerre.citizenlab.co,2023-05-19 12:54:53 UTC,active,SAM
d85590b5-f3e3-4441-ab18-cead28fe9346,ciudadaniaensalud.org,2023-09-20 15:28:31 UTC,active,SAM
437876ed-e61d-49bb-a60f-d1cf129476b8,demolaserena.citizenlab.co,2023-02-15 11:42:25 UTC,demo,SAM
ac80573b-6cc6-466e-a67c-f12435c9a691,demopoliticalitio.citizenlab.co,2023-04-25 12:07:15 UTC,demo,SAM
035c4fe1-55ca-4ab6-a765-ffcb0c0c53ea,tumunicipio.citizenlab.co,2021-02-23 19:20:13 UTC,demo,SAM
937af500-e849-411c-8378-3cdd0476fc70,constitucionparticipativa.citizenlab.co,2023-02-24 13:29:40 UTC,demo,SAM
56d426ef-922c-4944-9e3d-da947269a330,lab.pnud.org.pe,2021-03-01 11:04:08 UTC,active,SAM
6a617c19-ec47-47e6-92d1-6dac4bd9062c,novalima.citizenlab.co,2022-09-07 13:54:16 UTC,active,SAM
eb7990e2-d3cf-48fc-9006-1ee1d3a8f7ec,publicoescazu.cepal.org,2022-08-08 15:51:18 UTC,active,SAM
ba9cf243-fa37-446b-9975-836f820df650,participamop.citizenlab.co,2021-04-14 21:51:12 UTC,demo,SAM
1d6009ab-ced4-4230-b052-f145c02c9667,temucoparticipademo.citizenlab.co,2023-02-13 12:47:27 UTC,demo,SAM
c30d1842-6891-4a53-bea8-d587e86f0b12,debatenuevaconstitucion.citizenlab.co,2022-07-27 11:32:48 UTC,churned,SAM
42d60073-ac1b-41a8-97f1-e850ccb12864,demosanbernardo.citizenlab.co,2023-04-11 12:33:57 UTC,demo,SAM
e4818d1e-0328-4b7e-a2dd-16c890dff0eb,gorebiobiodemo.citizenlab.co,2022-11-21 10:15:11 UTC,demo,SAM
9d523872-637b-4ca5-bed7-75adda25b3f2,participaconenergia.citizenlab.co,2021-02-24 18:09:08 UTC,demo,SAM
0fc2c58d-6127-4bb7-b300-c7e1ee8ad65c,demotocopilla.citizenlab.co,2023-03-14 09:19:29 UTC,demo,SAM
adc63c5c-7b02-413a-a322-753e8a61a035,demomaculparticipa.citizenlab.co,2023-05-30 12:45:56 UTC,demo,SAM
795d61e2-f026-4d13-b2e4-81fbd4ef54c4,dialogonacional.citizenlab.co,2022-02-02 15:12:41 UTC,demo,SAM
14b2f1a2-0497-4429-b60a-27dcc47c35b8,jaiba1-demo.citizenlab.co,2022-02-02 13:17:36 UTC,demo,SAM
72bf60f0-43f4-440d-aab5-2dc2c2237321,participaconserviu.citizenlab.co,2022-10-19 12:59:19 UTC,demo,SAM
506b3503-ff32-40d0-b0d6-78c392b2bf01,dialogaciudadcndu.citizenlab.co,2021-06-21 17:35:05 UTC,churned,SAM
6d3bbc37-c69b-4b5f-9b24-eda2c1caac4d,consejoconstitucional.citizenlab.co,2023-02-09 19:10:31 UTC,demo,SAM
9597e2a1-a8dd-41cc-91d8-2c8a480769c5,santiago.demo.citizenlab.co,2020-01-27 11:26:31 UTC,demo,SAM
26b6357c-6636-4d41-9c77-9be3177a1af9,nunoaparticipa.citizenlab.co,2022-06-24 16:02:13 UTC,demo,SAM
9daa7f30-2751-4f64-a7fc-281dbba7a2e2,demohuechuraba.citizenlab.co,2023-02-15 12:29:31 UTC,demo,SAM
64fbc938-0bde-4d12-8b77-9a44370f7713,demoancud.citizenlab.co,2023-02-07 10:01:59 UTC,demo,SAM
5c75e1e1-ef66-494c-9713-1b3ac609d773,danitza.citizenlab.co,2023-06-15 20:31:41 UTC,demo,SAM
6618ad24-5c08-417e-9171-1f9906eef23e,demominmineria.citizenlab.co,2022-10-19 11:42:53 UTC,demo,SAM
80a2301f-0f8a-476c-8d47-dd6c8f942421,maipuparticipa.citizenlab.co,2022-02-09 10:34:28 UTC,demo,SAM
e946f05b-4dd5-4c95-8acc-0be173b9fa7d,humana.citizenlab.co,2022-02-02 01:40:33 UTC,demo,SAM
b0549a1b-c77f-4022-bf55-5d23bd9d05d0,demomelipilla.citizenlab.co,2022-05-04 13:24:18 UTC,demo,SAM
620618c4-9781-4d27-8298-4dbfaacb9768,concepcionparticipa.citizenlab.co,2021-07-23 14:31:35 UTC,demo,SAM
3aeea9ec-47c3-4177-b538-d8a46b4f199e,mexico3-demo.citizenlab.co,2021-12-15 13:23:54 UTC,demo,SAM
ccd1c1c9-315a-4860-834c-0767be344801,tuorganizacion.citizenlab.co,2023-08-02 01:25:34 UTC,demo,SAM
94613ee0-12b9-4884-a1ec-5a027cf2cd6b,mineriasustentable.citizenlab.co,2021-07-23 18:54:44 UTC,demo,SAM
a568ac5a-2e80-4a73-8fce-0a000b42f2b4,redpublica.citizenlab.co,2022-02-09 09:32:43 UTC,demo,SAM
c3aed55f-5cb7-494a-a935-e7433fb377bc,demolobarnechea.citizenlab.co,2023-05-18 12:44:31 UTC,demo,SAM
74de9d4d-e43e-431b-b69a-5d8a123c6a1e,corporacionciudadesparticipa.citizenlab.co,2023-07-11 13:57:52 UTC,demo,SAM
09ec8e8c-50a3-4208-bd1c-566ad243d86f,democodelcoandina.citizenlab.co,2023-08-04 08:54:41 UTC,demo,SAM
8fe2e082-3b23-44fd-829a-1e4d0172455f,demoarica.citizenlab.co,2022-02-09 10:38:30 UTC,demo,SAM
07d6c7ac-6013-42cf-9e58-a273e00886e3,demointerchile.citizenlab.co,2023-07-24 10:02:54 UTC,demo,SAM
fc8b32da-4aa0-48a6-82f5-525426d85fb8,demorenca.citizenlab.co,2022-06-08 21:29:00 UTC,demo,SAM
588055c2-885a-4feb-9747-05700bff1509,senama.demo.citizenlab.co,2020-02-05 17:25:58 UTC,demo,SAM
f601ae1e-bfca-4fc4-862e-e94da37a7836,holaamericademo.citizenlab.co,2023-09-05 10:25:51 UTC,demo,SAM
ad67c683-065f-4c12-9147-7d17b71b6630,metroparticipa.citizenlab.co,2022-07-11 16:12:33 UTC,demo,SAM
78f4d4e7-f1e9-4782-a69d-594320ed43be,goresantiago.citizenlab.co,2022-02-09 15:10:33 UTC,demo,SAM
e549b27f-fdc0-4e10-94c2-a8b7f8097c6d,ints-demo.citizenlab.co,2022-01-21 02:58:08 UTC,demo,SAM
233f92a7-b719-466e-9111-57e7b22c0722,democorfo.citizenlab.co,2022-08-16 15:58:37 UTC,demo,SAM
d72fa49e-4702-445b-9b57-909b2848e4ba,bogotademo.citizenlab.co,2022-07-11 15:13:23 UTC,demo,SAM
b31197f8-5da1-40bc-85b8-c35e764a7c0d,demovaldivia.citizenlab.co,2022-09-08 13:40:51 UTC,demo,SAM
73f1ece5-fc69-497b-8544-7ba82783f38a,democolbunmulchen.citizenlab.co,2022-04-25 08:48:34 UTC,demo,SAM
f8def281-ad0b-4ef2-811c-6d1e11d8896a,lacamaraparticipa.citizenlab.co,2021-01-27 19:30:26 UTC,demo,SAM
1920d601-9fe4-45be-8faa-68c8c79bec79,puntarenasdemo.citizenlab.co,2023-08-04 12:58:05 UTC,demo,SAM
7bb9958a-58a5-4976-8b2a-856eebf81e7e,demogeneradoras.citizenlab.co,2022-02-09 12:13:29 UTC,demo,SAM
e1141fe0-2685-48b6-aabc-eea1b3ac7c6d,argentina-demo.citizenlab.co,2021-08-10 16:14:49 UTC,demo,SAM
982a0215-4e0e-411c-bff9-48ed8a2295cb,democencosud.citizenlab.co,2023-09-05 10:47:24 UTC,demo,SAM
ddb0fb3c-76ea-4330-a0b7-65127546785a,seiaparticipativo.citizenlab.co,2021-07-05 14:05:50 UTC,demo,SAM
fe1285c8-84ed-4d2f-847f-2320d2fe7bab,mmademo.citizenlab.co,2022-07-21 11:15:18 UTC,demo,SAM
c01697de-9802-4142-960c-4d40a66292bd,elnuevotrato.citizenlab.co,2022-02-02 09:30:17 UTC,demo,SAM
1b66e930-5266-4249-9bb9-9f87e7eec86c,quilpueparticipa.citizenlab.co,2023-07-24 10:06:45 UTC,demo,SAM
d7d8b08a-0f3f-4cad-8abb-2f2ea439281d,quilicuraparticipa.citizenlab.co,2022-02-09 15:14:08 UTC,demo,SAM
194e1fdc-a9c8-4b81-80e3-5ca8bfe08b42,demodistritonorte.citizenlab.co,2023-05-23 15:32:42 UTC,demo,SAM
f074be83-d37d-4f86-bf1a-2a6230c99ea7,wemakesouthampton.citizenlab.co,2023-03-08 10:15:04 UTC,demo,UK
53ca6076-16ca-4a54-9750-3454620f9c85,outthereartsclosed.citizenlab.co,2022-12-20 13:36:15 UTC,churned,UK
bdb2d7ca-d015-47e8-a16e-b48998e1094a,lora-demo-platform-uk.citizenlab.co,2023-03-22 15:30:35 UTC,demo,UK
f8f1e93d-5da0-428b-a24a-376774d66a18,engage.hggt.co.uk,2023-06-29 10:08:31 UTC,active,UK
1a93641a-91b2-42bc-b3d9-e8b651807abc,qmul.citizenlab.co,2020-10-26 08:46:54 UTC,churned,UK
1cabe784-6be3-4012-8a34-d080e0dc4662,engage.stirling.gov.uk,2020-10-06 16:30:19 UTC,active,UK
f89fc666-63ce-4f9f-9d99-7573281bc3f3,giig.citizenlab.co,2023-01-20 10:22:10 UTC,churned,UK
ee41e8ad-6c17-422f-a22b-7de4133bffb6,telfordtrial.citizenlab.co,2022-07-14 13:31:38 UTC,active,UK
01f09e69-dfac-4aed-ae89-12f9851b896b,sustainability-koru-examples.citizenlab.co,2022-09-23 16:09:22 UTC,demo,UK
e23a3bf8-a4e6-4735-b464-6f2a53050d43,klimatekonnect.citizenlab.co,2022-04-19 10:23:57 UTC,active,UK
0d9dd606-342c-416b-926a-2452e47afa2f,chest-trial.citizenlab.co,2023-10-04 17:44:30 UTC,demo,UK
b2721b0c-316b-48ad-accd-d681aa4b2e1d,strategyconsultation.sportengland.org,2020-10-05 13:23:20 UTC,churned,UK
b561647b-1bec-4268-be1f-e1fb3fac09a1,cambridge.citizenlab.co,2022-04-04 13:56:35 UTC,active,UK
f1ba3cc1-29c2-4211-8d1b-c45561a1baef,edward-demo.citizenlab.co,2023-06-09 13:02:39 UTC,demo,UK
8e7e4b1a-e78f-40f7-9d4a-cba3475809b3,strategiclocalplan.citizenlab.co,2023-11-22 10:39:54 UTC,active,UK
07743462-4a76-4562-89c4-797faa02a857,westofengland.citizenlab.co,2023-08-24 08:50:43 UTC,active,UK
44b1396d-7c23-4579-8dc6-ef5bddad602f,democharly-platform.citizenlab.co,2023-04-11 13:17:27 UTC,demo,UK
d708300c-c35b-4b69-9a00-aafab3b5b605,carmart-trial.citizenlab.co,2023-11-06 13:26:14 UTC,demo,UK
a6e8fb1c-3121-4518-bf08-acb158c5a9d3,engage.westminster.gov.uk,2021-07-15 14:00:36 UTC,churned,UK
c2de2cab-d8a3-4bf7-811c-66f105a1e0c7,yourvoice.thanet.gov.uk,2022-05-30 06:22:20 UTC,active,UK
d87b50b5-42d3-4edd-b87b-7597d2f77c77,newhamco-create.co.uk,2020-06-04 07:26:47 UTC,active,UK
94b460d2-40d1-4126-98df-cb12d5ccbb63,nwg.citizenlab.co,2023-10-16 18:15:44 UTC,demo,UK
9abb91ab-5681-43ce-8178-77449e9bf19b,getinvolved.dorsetcouncil.gov.uk,2022-01-04 13:25:18 UTC,churned,UK
2b278af7-c575-436c-bd6d-45dce1434cab,brightonandhove-demo.citizenlab.co,2023-04-17 09:00:12 UTC,demo,UK
9e7294f9-e616-4152-a079-f63395c736e7,simon-uk-certs.citizenlab.co,2023-11-30 09:10:29 UTC,demo,UK
725563d4-744b-4178-9744-60f90c70d00a,rabi-demo.citizenlab.co,2022-09-29 09:39:43 UTC,demo,UK
3e4b00a0-f723-460e-86d0-f72ef9f49592,colettessandbox.citizenlab.co,2023-11-29 13:27:57 UTC,demo,UK
4e717491-1693-486f-b776-4c81076909fb,engage.restorationandrenewal.uk,2021-03-15 10:39:26 UTC,churned,UK
687cb424-5a23-42c3-a575-8f46bd6c015b,ards-northdown.citizenlab.co,2023-07-04 10:00:40 UTC,active,UK
2cdf6c49-d92d-4960-ac56-3a52af1adac0,fraser-demo.citizenlab.co,2023-06-05 09:21:07 UTC,demo,UK
aec2b992-3045-490f-ad62-c165a38e554c,baberghandmidsuffolk.citizenlab.co,2023-05-04 08:25:53 UTC,active,UK
89772379-0f42-43d5-afd0-422ca0fd3d27,lbs-trial.citizenlab.co,2023-11-17 13:07:25 UTC,demo,UK
0b54e9be-3532-47b0-aa12-760d3301ca29,yourvoice.westoxon.gov.uk,2023-04-17 12:23:28 UTC,active,UK
702b693e-2e80-419b-9d00-f8fde0426cba,innovation-hub.citizenlab.co,2022-02-21 10:24:45 UTC,active,UK
7fbadfb3-8ce2-48d0-aa23-7505ae3e35f0,newforest.citizenlab.co,2023-06-12 15:15:47 UTC,active,UK
c90ee494-cb4f-443c-a909-747e705f9d80,participate.wigan.gov.uk,2023-01-16 15:43:19 UTC,active,UK
61332112-fb60-469b-90bf-3930dbc4b060,goc.citizenlab.co,2023-10-05 12:33:17 UTC,active,UK
270566ad-3cd1-424f-9848-db9372666acf,havant.citizenlab.co,2022-05-24 13:54:37 UTC,active,UK
772a64ee-a4d2-48c9-8d2d-32103007b573,colettessandbox2.citizenlab.co,2023-11-29 13:53:03 UTC,demo,UK
ec693d91-2e2c-43d7-915f-84f9f3e34786,shaping.salford.gov.uk,2023-06-06 14:50:56 UTC,active,UK
f81b1cf2-1972-49bb-8c4a-fb4afd408980,cqc.citizenlab.co,2018-10-27 17:46:23 UTC,active,UK
c5e6c687-4296-40be-95e9-777f05dbb20d,pclengagement-hub.co.uk,2021-06-22 11:48:04 UTC,active,UK
c96421bc-d270-41ad-b13f-da9285c906b9,englandathletics.citizenlab.co,2022-10-17 12:40:27 UTC,active,UK
260a1099-9be4-4c7c-b978-4dd27a476235,old-nmc.citizenlab.co,2021-01-07 13:08:31 UTC,churned,UK
4efebbb0-a2e0-41b5-b49a-8d524db30d9f,care-inspectorate.citizenlab.co,2021-02-09 09:51:23 UTC,active,UK
3a0fe6ab-659e-4881-a561-b6d04220c378,falkirkdemo.citizenlab.co,2023-09-26 09:58:28 UTC,demo,UK
8fdbfff3-2805-4571-a2f9-cc61a8c278e2,staffy-trial.citizenlab.co,2023-09-29 13:40:45 UTC,demo,UK
ad9d9176-b336-4c6f-8b15-0a85ef1c92a3,city-of-london.citizenlab.co,2021-03-10 13:25:35 UTC,churned,UK
ce722650-d561-4631-b500-d0ace366efb9,healthwatch-england.citizenlab.co,2021-02-02 15:23:38 UTC,churned,UK
1ba91d5f-d055-4eda-ad80-789fdd759f73,engage.wokingham.gov.uk,2021-07-13 16:33:08 UTC,active,UK
f077469b-0687-43d1-a874-08ef032ea668,newplanforimmigration.com,2021-01-27 09:31:59 UTC,churned,UK
ba48f4fa-c326-47ec-9bc8-5766732375fb,communitystream.co.uk,2020-05-11 11:47:39 UTC,churned,UK
5656079f-f516-43a0-ad6f-a5ed7c87a6ef,new-lora-demo.citizenlab.co,2023-11-17 13:03:35 UTC,demo,UK
632a5ab9-a41f-4d29-aab4-f9d4e053a25f,nick-demo.citizenlab.co,2023-10-11 13:20:20 UTC,demo,UK
6a556284-3bea-4fe7-ad85-117180a1e8d4,northnorth.citizenlab.co,2023-10-04 11:08:57 UTC,demo,UK
3aafddfb-3bec-490e-88c6-ead1f94d0036,participateplus.falkirk.gov.uk,2023-06-27 13:20:05 UTC,active,UK
292ec9dd-7bb5-4878-924c-ac0c604eea6d,benfsandbox.citizenlab.co,2022-02-24 16:34:06 UTC,demo,UK
331b37e0-d072-44f1-9182-d402f5a6a264,oldbank-of-england.citizenlab.co,2021-05-07 09:59:14 UTC,churned,UK
03809a3f-6e80-471c-9763-f719fe7248bb,haveyoursay.brent.gov.uk,2021-04-06 09:18:42 UTC,active,UK
2b1dfabb-30dc-404b-87a3-04083240f3a9,hastings.citizenlab.co,2021-09-09 08:12:11 UTC,churned,UK
8040c555-1252-4113-bf84-f7627a47768b,north-york-cc.citizenlab.co,2023-06-07 11:32:12 UTC,demo,UK
a14be202-7bf9-4350-af58-a774bdf8f878,your.cotswold.gov.uk,2023-09-27 15:07:27 UTC,active,UK
96fb02f4-c382-45d7-9515-96073148de2e,sebi.demo.citizenlab.co,2023-10-26 15:07:57 UTC,not_applicable,EU
4d0ee05c-381a-471b-b298-53a72069f23e,samen.stedebroec.nl,2021-04-20 14:41:37 UTC,active,EU
c862618a-c8c0-4fea-bea4-a6302c385abf,gent-old.citizenlab.co,2021-05-26 14:37:55 UTC,demo,EU
9ba241fc-1e07-4dbd-8a82-950564d92c35,zottegem.citizenlab.co,2020-11-04 06:59:44 UTC,active,EU
b69b2776-dffa-4527-89d2-0f1fd2b6b50d,jeparticipe.soumagne.be,2022-03-25 08:05:54 UTC,active,EU
0e8cbc3e-f184-4a71-9d92-5862dc0f86fc,leeuwdenktmee.be,2023-06-29 16:58:38 UTC,active,EU
4a74f4c8-e4da-4219-9c0c-dab855a41ba5,alexandertmptestshouldwork.citizenlab.co,2023-11-09 11:26:25 UTC,trial,EU
80ec3028-0235-4a2d-8081-cdf825841feb,demo-willebroek.citizenlab.co,2023-10-25 07:09:45 UTC,demo,EU
991a4d4d-7287-48c7-ae12-7351c646e62a,itinera.demo.citizenlab.co,2023-03-30 15:25:34 UTC,expired_trial,EU
fc3c845a-14b4-43ce-b0f0-c740cba2a4e6,umk.citizenlab.co,2023-10-09 09:28:03 UTC,active,EU
c972d164-5932-428c-b6cc-2d578e706c8e,doemee.gulpen-wittem.nl,2023-01-16 11:48:33 UTC,active,EU
3220f8e3-f226-4217-8b88-17d894991c8b,alexandertmptest.citizenlab.co,2023-11-09 08:47:37 UTC,trial,EU
f98434e1-7f49-4321-93d2-4b6d2f8ab7d5,d-plan.demo.citizenlab.co,2022-01-31 10:12:33 UTC,demo,EU
f1265d4a-8262-4268-b5b5-96ee65b6a2b2,cayenne.citizenlab.co,2023-09-19 14:08:19 UTC,active,EU
ed64f84b-b4a4-44e6-ad73-66c6e64b5531,wittenberge.citizenlab.co,2023-10-10 08:09:00 UTC,active,EU
29b8dd83-4a06-4949-8596-9190b28d63e0,habay.citizenlab.co,2019-09-20 14:17:04 UTC,active,EU
85d790cb-0c98-45a7-96e9-db60d11e3d35,alexandertmptestfour.citizenlab.co,2023-11-09 08:20:52 UTC,trial,EU
f1e309e8-2a90-4847-8b0d-88ab8a3d0660,ideas4planet.be,2018-08-28 13:29:13 UTC,churned,EU
15727cd7-5abf-45dc-b2a3-c56fb82e9329,forum.urbansecurity.be,2020-04-01 16:02:44 UTC,churned,EU
20285c63-f7eb-410e-be0c-ba251f54b374,hulst.citizenlab.co,2023-11-21 10:14:06 UTC,active,EU
aa28509d-02f8-4bc3-8f61-594cf0917a14,adrien-moderator-confirmation-test-20231114.citizenlab.co,2023-11-14 16:31:23 UTC,demo,EU
4c575106-890b-4ee7-90ce-5146014ecf3c,wolfurt.citizenlab.co,2023-09-07 12:26:04 UTC,active,EU
f7535d7f-7fcf-44c1-9c8b-6ece4748db02,praatmee.goeree-overflakkee.nl,2023-08-10 11:52:00 UTC,active,EU
e7c76ef9-1c14-475c-8dc9-6f454aa36d49,denkmee.noord-beveland.nl,2023-09-07 06:36:29 UTC,active,EU
be6cc817-62a3-4ec6-80f0-ed4826c78776,mitgestalten.wetzlar.de,2023-02-14 09:41:46 UTC,active,EU
49c318fa-04f6-4ac6-af33-6124ff6d16ca,joostcity.citizenlab.co,2022-01-31 08:15:16 UTC,demo,EU
ed1f00b9-ebd9-447d-82c1-f13530872508,riga-test-platform.citizenlab.co,2023-08-16 12:04:37 UTC,demo,EU
805359b7-c9aa-48f9-b18e-5746fa13cdab,mom-sg.citizenlab.co,2021-06-20 12:59:09 UTC,demo,EU
ed4c9b53-c056-48f8-bab7-edca6f11b774,antwerpen-demo.citizenlab.co,2023-12-05 08:04:10 UTC,demo,EU
469f3158-d2eb-43ae-9fa9-b8a1a5b29463,.citizenlab.co,2023-11-08 15:34:36 UTC,trial,EU
cd484fe0-546b-46b7-94db-db57fa24a070,adminhqtest5.citizenlab.co,2023-11-30 09:14:10 UTC,demo,EU
0c99098b-d560-460c-a23b-9b41b2978731,alexandertestdeleteme5.citizenlab.co,2023-11-30 13:00:16 UTC,trial,EU
6ad4dac3-a238-4149-be7e-27e7c0e03f4a,denkmee.sint-truiden.be,2021-02-25 12:30:18 UTC,active,EU
05f2a4e8-4ea0-49a1-8224-61be4fc08c23,projectpubliek.bilzen.be,2023-07-05 10:49:15 UTC,active,EU
9c51cb52-6277-4458-8504-fc38273a8dd2,gamleosloinvolverer.no,2020-08-28 11:59:31 UTC,active,EU
a2be5a9a-cdf7-4175-9913-d719f85f2e17,dudelange.demo.citizenlab.co,2023-07-18 14:40:50 UTC,trial,EU
e2bfb25e-eb56-45b7-8509-0a04e5e56d21,vgc.citizenlab.co,2023-10-06 07:56:45 UTC,active,EU
c33cd9bf-04c6-492f-94d2-c458b3c9bdbe,bouwmeeaanbeernem.be,2023-08-18 08:36:04 UTC,active,EU
bb67d75a-b370-4b35-aac4-e1f6c9db4ee9,adrien-moderator-confirmation-test-7.citizenlab.co,2023-11-15 15:00:25 UTC,active,EU
b5af7754-2173-48c3-84f4-4d3c88bcce28,borsele.citizenlab.co,2023-10-18 06:48:36 UTC,active,EU
2ce87ce8-ea55-41cf-9f90-67baadd3bc09,emmaus.citizenlab.co,2023-08-18 08:25:45 UTC,active,EU
b6b5dd4e-2dfb-4eef-a7e2-7d3d14e6aab4,adrien-moderator-confirmation-test-10.citizenlab.co,2023-11-16 13:13:25 UTC,demo,EU
f5b02efc-66d0-4f63-af0c-6dd1da49db22,bwbrabant.citizenlab.co,2023-10-02 18:48:26 UTC,expired_trial,EU
d96d8e1f-b405-47df-bbe3-07769f7781c1,sammenom.rudersdal.dk,2021-05-31 08:44:30 UTC,active,EU
1c78d6f9-47a9-4d7d-a391-41a533b0982f,klimaforum.fredensborg.dk,2023-02-01 14:52:14 UTC,active,EU
b160f5c3-0e27-4de3-8155-9532ea90a19b,jeparticipe-stpdp.demo.citizenlab.co,2023-10-13 13:15:44 UTC,expired_trial,EU
39fc52a0-5ce2-4881-bca4-c9072c9c1ce2,meedoen.losser.nl,2020-12-17 15:13:34 UTC,active,EU
0b705954-12c5-4f36-9fda-792a38ecc373,juleslesmart.citizenlab.co,2018-02-01 08:12:05 UTC,churned,EU
feaecdaf-7eeb-4b0a-8232-681e56d54eb2,borgerinddragelse.halsnaes.dk,2022-07-26 06:24:15 UTC,active,EU
007d418f-0d48-415c-8cc6-f53e48441a51,samen.berlaar.be,2021-04-09 15:35:36 UTC,active,EU
61020f35-d923-4c75-b886-36075e51b3bf,sound-diplomacy.citizenlab.co,2020-12-27 06:39:00 UTC,demo,EU
6c2ed4e3-b307-4082-9bfe-9f2328f681d5,launch-fr-fr.template.citizenlab.co,2020-02-04 11:25:01 UTC,demo,EU
cd23079c-5c97-40a0-add6-47cb3ba6d901,dypall-demo.citizenlab.co,2021-09-04 08:32:02 UTC,demo,EU
ed5802fb-2300-40b3-ad8f-97850152837b,participez.sceaux.fr,2023-10-23 14:13:29 UTC,active,EU
55700104-a4dd-40c5-b727-90e527a5cd7f,uxusertesting.citizenlab.co,2023-10-13 10:07:56 UTC,not_applicable,EU
0ee6584c-985c-45f3-9e35-be2df7d782c9,alexandertestdeleteme4.citizenlab.co,2023-11-30 12:34:26 UTC,trial,EU
9f772efa-16d4-449c-a49a-f4bc57797a10,trial-en.template.citizenlab.co,2021-03-06 18:42:11 UTC,demo,EU
c390b2d7-25c2-4510-8b2a-37dfff450dc7,budgetparticipatif.gembloux.be,2023-09-21 14:57:43 UTC,active,EU
132cd3a9-8d39-4918-9b43-1c8f9c58e27f,hannah.demo.citizenlab.co,2023-11-22 11:17:51 UTC,demo,EU
b49153a3-5868-42b6-83f6-35e0d8262755,us-template.demo.citizenlab.co,2022-06-07 09:25:41 UTC,demo,EU
9eab385c-2678-45fc-ae65-0b971b03cd12,dialogportalen.odense.dk,2021-02-06 11:23:43 UTC,active,EU
14361095-fd05-45a3-8e5d-1003cf7038b6,geefsmaak.boom.be,2021-04-30 13:29:07 UTC,active,EU
f0e05ce4-99b0-49f8-b7a8-43e2e2083f0f,test-active.citizenlab.co,2020-06-09 14:48:37 UTC,active,EU
4884c793-be99-4e24-8ce9-7212162548bb,sebitestdefaulthomepage.demo.citizenlab.co,2023-12-05 16:04:38 UTC,demo,EU
9181e75c-3789-48b5-b81c-93e697408830,spwinterieur.citizenlab.co,2019-11-13 13:26:51 UTC,churned,EU
642c3d5f-9b5e-4c90-b3c8-599050063ab0,albertslund.citizenlab.co,2022-05-02 07:40:14 UTC,active,EU
fde39845-8730-4bc3-9669-e118e5dec6be,adrien-moderator-confirmation-test-8.citizenlab.co,2023-11-15 15:03:44 UTC,demo,EU
0d324ba6-b544-4c53-a48b-5c8bee1c4926,denkmee.pijnacker-nootdorp.nl,2023-08-01 11:56:04 UTC,active,EU
cf1205b6-84e7-450d-b351-65c70c48bbb0,esneux.demo.citizenlab.co,2023-08-24 13:09:23 UTC,trial,EU
097d97ca-fbd0-44ae-b6e1-cce26c8c1df5,denkmee.dendermonde.be,2017-10-06 07:08:50 UTC,active,EU
70c11064-71d0-47c3-a229-a35c68f96073,labo-newb.citizenlab.co,2021-04-01 11:54:35 UTC,churned,EU
1a13dd8f-7867-4644-b7ea-c2444b7f97cd,doemee.alken.be,2020-02-18 08:17:04 UTC,active,EU
460920fa-3942-4126-bf54-f1d2e4ba1693,ons.oostende.be,2021-06-07 15:12:27 UTC,active,EU
e6aaeb31-71aa-4a25-a4e8-92878a9efad5,participationcitoyenne.vitry94.fr,2020-11-20 12:09:14 UTC,active,EU
3cf4db33-61a7-4e44-8031-a518ae22a15c,dresden-mobilitaet.test.citizenlab.co,2023-09-04 14:18:42 UTC,demo,EU
c0d1b3e8-9db3-471c-8af7-b1055ef89132,wijmakenevergem.be,2020-10-22 14:23:48 UTC,active,EU
8132c911-21ff-4a3d-86af-0ba6adfda10a,lier.citizenlab.co,2023-10-24 09:28:29 UTC,active,EU
8ad4133d-5355-4023-8c4d-3afdc948a118,adminhqtest6.citizenlab.co,2023-11-30 09:20:42 UTC,demo,EU
e27ac1e0-5beb-47e5-b68b-846c5bddbe2a,denkmee.utrecht.nl,2020-06-09 12:20:23 UTC,active,EU
ba6e235f-aac4-43c0-bd54-ef05ce9c3d25,kickbelgium.citizenlab.co,2023-11-28 14:04:27 UTC,active,EU
95f228c9-876b-4995-96d2-8eb0241b0b1c,adminhqtest2.citizenlab.co,2023-11-22 16:27:29 UTC,demo,EU
bf56e0f5-fe60-4b3a-8bf6-e9a11e1bab69,jeparticipe.deville-les-rouen.fr,2022-03-17 08:32:14 UTC,active,EU
6c6492e0-894e-46e3-b1bb-5785d3fe386f,alexandertmptesttwo.citizenlab.co,2023-11-08 17:59:41 UTC,trial,EU
c6f191ae-3325-40d9-9656-3064e659e3aa,landkreisregensburg-test.citizenlab.co,2023-10-23 10:43:15 UTC,demo,EU
50ab48af-3970-47f4-806b-d05764bcf025,mobiliteitsvisie2040.vlaanderen.be,2020-04-21 06:49:05 UTC,active,EU
22fe36b5-d448-4a24-a0fa-962dde27abbe,ueberlingen.citizenlab.co,2023-08-07 14:30:51 UTC,active,EU
cba71d7c-45b5-4d5b-a28a-24e4a2775b04,zuurstof-testplatform.citizenlab.co,2021-05-06 07:54:18 UTC,active,EU
2700e43f-090e-43c4-821a-47922edf8bbc,trialnl.citizenlab.co,2021-09-29 08:35:52 UTC,demo,EU
61b4ca70-e373-47b5-a304-cd74143ea1e6,goeg-test.citizenlab.co,2023-12-05 16:07:46 UTC,demo,EU
ce4e756f-a671-49ae-9b95-9cb0550925ba,nola.demo.citizenlab.co,2023-10-17 09:20:49 UTC,demo,EU
59dc1a35-ff66-4bdf-98f2-eab20267b6d9,adminhqtest1.citizenlab.co,2023-11-22 16:22:37 UTC,demo,EU
021b0680-afe7-4332-af65-8d9af5c1aeaf,20262031.citizenlab.co,2023-10-02 11:23:35 UTC,demo,EU
070242cd-7862-4614-9f68-0fae4e6e6ad5,santjoan-demo.citizenlab.co,2023-10-30 13:58:56 UTC,demo,EU
889504f6-bb7a-4ec4-bf89-92c2a8bd68e7,ville-quebec.demo.citizenlab.co,2023-11-10 15:00:31 UTC,trial,EU
0b626d05-ab50-475a-98ea-8149e7989bea,participation.frw.be,2018-01-15 23:38:34 UTC,active,EU
c3cfe5a3-0e16-4ef5-858e-86891cc2dc53,denkmee.amstelveen.nl,2019-07-25 11:31:53 UTC,active,EU
a95a8377-a71a-439b-b1f0-33387e58a468,serbia2-demo.citizenlab.co,2022-02-03 13:42:29 UTC,demo,EU
f9a66630-515b-4dcb-9e98-1faedae1fd53,ikdenkmee.gavere.be,2020-11-17 12:40:38 UTC,active,EU
dcce5c74-17c8-4953-933c-87def1c8b481,samen.drechterland.nl,2021-04-21 11:59:47 UTC,active,EU
6a54d576-6056-49ea-8fa4-8995076d6f2e,opensource.demo.citizenlab.co,2021-04-26 10:44:20 UTC,trial,EU
4402bd08-e829-4901-ab34-95eb4c78a06e,bois-guillaume.citizenlab.co,2021-01-15 09:58:17 UTC,active,EU
d88707b5-6324-4d17-a7ef-43730dafa9fc,lesabymes.demo.citizenlab.co,2023-05-30 07:07:56 UTC,expired_trial,EU
f0658ced-9297-4850-bede-4ccb085f101a,amnestyoz.citizenlab.co,2020-07-13 10:45:25 UTC,churned,EU
523cb93b-fed6-41ad-84c8-28e91fd6a366,vgc-dmo.citizenlab.co,2023-05-31 09:07:00 UTC,demo,EU
9baf0217-0eb4-4b14-b5b6-16e2ec004954,alexandertmptestthree.citizenlab.co,2023-11-08 18:06:35 UTC,trial,EU
90463923-5d20-4c50-b968-e27edea1b271,samen.dongen.nl,2019-05-03 09:53:59 UTC,active,EU
010de3e8-7e27-42ee-97d9-020bccfa7a0e,fuchstal-demo.citizenlab.co,2021-09-26 11:46:09 UTC,demo,EU
6e4efa58-6b04-48a8-94c0-4557366d052a,offenburg-test.citizenlab.co,2023-10-11 17:34:21 UTC,demo,EU
c3cb4b3b-d98b-41ef-bc3d-794ffe42b12f,krefeld-demo.citizenlab.co,2023-10-20 08:37:44 UTC,demo,EU
fe9ab37a-ec72-49fd-925e-b6b84ad181cd,knokke-heist.citizenlab.co,2017-09-14 20:19:12 UTC,churned,EU
b3601fe6-e78b-469a-b320-cf2d5b6c4d77,urbansync.demo.citizenlab.co,2021-12-13 10:50:57 UTC,demo,EU
28d95eb5-f721-452c-98f9-04b1084ca05a,flevoland.citizenlab.co,2023-06-22 07:03:32 UTC,demo,EU
a21060a3-c84f-4c29-b7bc-11eb432b191b,demo-genk.citizenlab.co,2023-05-23 11:31:54 UTC,demo,EU
768b24fd-6c4d-4e2f-a57d-3fe370361fa4,adminhqtest7.citizenlab.co,2023-11-30 09:30:36 UTC,demo,EU
572d7398-9f59-4278-ab76-a69b9d4d43b5,gelsenkirchen-demo.citizenlab.co,2023-01-26 09:17:11 UTC,demo,EU
d6039a0d-c1f4-4c9c-8c50-648e2bb99478,wijchen.demo.citizenlab.co,2023-06-30 12:21:37 UTC,demo,EU
8af9d9c8-73e7-41fc-8d22-2bb06750db57,adminhqtest301.citizenlab.co,2023-11-22 16:45:09 UTC,trial,EU
ef0b5606-b5e6-4381-bd77-08c9329d78d0,workshops.demo.citizenlab.co,2022-01-19 08:45:13 UTC,demo,EU
d8efba6d-a03a-4967-94c8-d63d250310db,demo-destelbergen.citizenlab.co,2023-08-23 12:17:34 UTC,demo,EU
5b5c935f-0503-470a-ba3a-5e8f2960e657,accessibility-audit.citizenlab.co,2022-02-24 08:11:59 UTC,not_applicable,EU
45e099d5-908d-4b9d-8b49-38e93dd6d33b,demo-waalwijk.citizenlab.co,2023-11-17 08:00:23 UTC,demo,EU
429e6c5a-910f-451e-9d8b-a449105eddf8,demosverige.citizenlab.co,2023-03-06 09:39:36 UTC,demo,EU
b5593173-b10e-4a22-b804-233e6973b6cc,kiel-test.citizenlab.co,2023-10-11 17:37:26 UTC,demo,EU
e6b427c0-a2f0-4e17-98cd-5f8139df345a,stadt-ostfildern-test.citizenlab.co,2023-02-27 17:34:12 UTC,demo,EU
fd8c99c5-ba72-4c24-b24d-6725e9762307,stadtheidelberg-test.citizenlab.co,2023-09-07 19:15:51 UTC,demo,EU
101a31cb-1beb-4ad9-8703-7985d412493e,latvianprivacypolicy.citizenlab.co,2022-12-10 00:59:31 UTC,demo,EU
f7221d31-b348-4f44-a21b-5707318d39ed,tu-municipio.template.citizenlab.co,2023-09-14 15:17:05 UTC,demo,EU
94d17b83-915d-4d3a-af7a-129f11821c66,aydat.citizenlab.co,2021-05-07 09:53:18 UTC,active,EU
6736765e-b02e-438d-a02f-c38cb5ecbcb9,lesmureaux.citizenlab.co,2022-03-16 13:07:03 UTC,active,EU
59eb8be9-b4e7-4223-b500-f67ce377108f,jeparticipe.saint-flour.net,2022-02-03 16:22:38 UTC,active,EU
77f3e4a3-4296-415f-8359-1ca370c71e9a,aberdeenshirecouncil.demo.citizenlab.co,2021-03-20 12:54:51 UTC,demo,EU
b439e913-a92c-4b8b-81bd-a4a26922ce39,frbe.citizenlab.co,2021-10-26 07:44:22 UTC,demo,EU
52563381-b628-420e-b997-02d2732683d0,ttc.demo.citizenlab.co,2021-08-28 11:28:09 UTC,demo,EU
d713586b-875f-48b1-ba02-53ff271fe6e1,global.demo.citizenlab.co,2020-09-07 17:33:48 UTC,demo,EU
8328ee47-a568-4acf-a9eb-916e2fbc76c5,juliennesplayground.citizenlab.co,2021-03-13 14:47:02 UTC,demo,EU
a0be96c9-7eb6-45d2-8ccd-668cd69bb3e9,stadt-rodgau.citizenlab.co,2023-04-26 11:29:54 UTC,demo,EU
3f401891-c0f0-4e47-9ffc-460b61283a7d,zelda-demo.citizenlab.co,2023-03-10 10:14:17 UTC,demo,EU
13f48b7c-ea7d-483b-9d1d-e1a1aa340247,braintrust.itinera.team,2023-06-21 16:28:44 UTC,active,EU
fa06d2aa-459f-4800-b4c0-aeae9f50a431,dtulcea-was-template.citizenlab.co,2021-09-25 12:42:06 UTC,demo,EU
9e0380e4-26cf-4621-8f54-9fdfca78e3cf,2030beyond.citizenlab.co,2022-01-31 16:46:53 UTC,demo,EU
7769196b-a9b9-4508-bb99-ea2da840d364,serbia1-demo.citizenlab.co,2021-12-30 10:43:34 UTC,demo,EU
298bcdd3-e9f7-49a8-b558-f32e83be2c73,partnerville-demo.citizenlab.co,2021-10-17 18:19:20 UTC,demo,EU
f684ff1a-3694-4873-9bad-1708120f528d,monprojet.villers-saint-paul.fr,2021-03-31 10:31:03 UTC,active,EU
b5dad0a8-453f-48f7-8a85-1c3f5345ac6e,dialoogplatform.citizenlab.co,2021-12-18 21:41:29 UTC,demo,EU
97b45a88-b480-4dab-be84-747bb6796d25,jeparticipe.ville-massy.fr,2021-03-25 18:32:46 UTC,active,EU
2335f134-5a20-4d95-adca-e4a241a57fcc,fortterre-demo.citizenlab.co,2021-06-18 13:53:45 UTC,demo,EU
3234f4b6-1086-4548-b61a-a055545b66a6,moldetaxisentral.citizenlab.co,2022-12-15 14:17:00 UTC,active,EU
b81f2a69-82c7-4abe-83cc-cad6252d6d17,heistdenktmee.be,2023-08-23 13:20:46 UTC,active,EU
7ebaad2b-8fa6-41d9-a595-7b958179cfe5,amubm.citizenlab.co,2022-01-31 13:18:52 UTC,demo,EU
fa6083d1-55ed-4a52-b7cf-3fe67c9591a9,calanoras.citizenlab.co,2022-01-02 06:27:37 UTC,demo,EU
9e7926d2-c70a-44c8-8019-d58ae3ef9b77,foodshift-team.citizenlab.co,2022-11-23 15:47:40 UTC,active,EU
bf6fa7e7-4682-4ff5-aa8a-a8cc6deb7afd,burgerberaad.demo.citizenlab.co,2022-01-31 16:46:01 UTC,demo,EU
dd034204-35eb-4bf1-9169-49099c1d92aa,test-romania.citizenlab.co,2021-09-04 07:47:39 UTC,demo,EU
30bc1d4f-d8f5-445f-b6e4-a19413b3b658,launch-da-dk.template.citizenlab.co,2020-06-24 12:11:04 UTC,demo,EU
6d723fbc-75a2-4d2d-87ca-b83c9e53e3b2,privgdansk.demo.citizenlab.co,2021-11-03 10:16:35 UTC,demo,EU
c0c5f1a8-573d-4069-bb25-445fcd39d2aa,commissioner.citizenlab.co,2021-04-15 07:29:06 UTC,churned,EU
bba5f988-3730-49fe-be3b-a8467bb0fbc8,cl-nl2.demo.citizenlab.co,2018-09-20 12:05:06 UTC,demo,EU
b5c8ca87-529e-424e-b04a-1d39d75e50d3,doemee.veere.nl,2023-05-30 13:55:49 UTC,active,EU
fe8b7ea9-2388-4389-9cc9-16937d85da86,hellendoornchurned.citizenlab.co,2022-12-07 10:06:33 UTC,churned,EU
04dbdba4-1cc4-43f6-af15-3b6b5df67cd4,analysis.template.citizenlab.co,2023-08-01 14:21:48 UTC,not_applicable,EU
431ac6f6-19bd-41d3-a686-64aa9f281aa1,solsiden.solrod.dk,2023-02-09 13:08:07 UTC,active,EU
55318b1e-880d-49ab-a663-9afe7f406cb7,saint-hubert.citizenlab.co,2022-02-10 08:48:52 UTC,churned,EU
db67d7a3-be56-4d03-9777-1559ea6a5a2e,denkmee.woerden.nl,2022-11-16 16:53:57 UTC,active,EU
46a5c170-ab14-474b-9222-c027e1e7bfde,vernon.demo.citizenlab.co,2023-05-08 11:09:44 UTC,trial,EU
0fa5c99d-8610-4468-baa5-fa23bcf425e3,borgerlab.horsholm.dk,2019-12-19 13:24:48 UTC,active,EU
407aa3fb-66ea-430a-82eb-76de4c6b9f81,vorarlberg.citizenlab.co,2023-07-12 07:27:21 UTC,active,EU
e7241aae-c620-493b-af5e-6392bbe91e02,haguenau.demo.citizenlab.co,2023-05-17 14:55:21 UTC,trial,EU
5b5c4415-a3a4-446c-b2c5-bfa0fa785b03,usertest1.demo.citizenlab.co,2019-01-29 12:31:10 UTC,demo,EU
eb4313c5-8593-467a-9b36-c028fb37472d,adrien-demo.citizenlab.co,2023-02-09 17:29:48 UTC,demo,EU
022a11e9-459e-4d9a-b6c0-ea81e6b28203,romania-trial.citizenlab.co,2021-03-29 10:43:47 UTC,demo,EU
9457eeb7-e208-4b37-88a4-ccaff2ef311c,trial-nl.template.citizenlab.co,2021-04-11 16:38:46 UTC,demo,EU
6b5c5de3-83b1-4975-aed5-ba8362e6cd02,pd-demo-site.citizenlab.co,2023-03-21 16:43:57 UTC,demo,EU
75d4dbd7-2d61-4a4d-834e-b6776a83fa16,matosinhos-demo.citizenlab.co,2023-08-22 07:51:12 UTC,demo,EU
57ad0efd-3584-4bf6-994f-ad9f5a7fa172,sector6final.citizenlab.co,2021-09-05 06:44:40 UTC,demo,EU
b2b40ba9-f88e-4aa7-9b4d-eb77f3dceb70,voedselbos.citizenlab.co,2021-02-13 15:28:08 UTC,churned,EU
21231d58-f478-4f20-bff5-a9fa28eca1e3,goedgezegd.deinze.be,2020-05-25 20:24:29 UTC,active,EU
02358104-10c0-48f4-a1d4-79ed5f7881c8,czechbotany-demo.citizenlab.co,2021-10-25 13:44:13 UTC,demo,EU
1018f28e-c013-4480-8501-edc1723642d5,doemee.vlissingen.nl,2020-09-29 07:07:48 UTC,active,EU
edb00f37-29bb-4aea-9b73-ed6e72745658,iroljrivnvmw02909uialdjf9484201.citizenlab.co,2022-02-09 08:32:15 UTC,demo,EU
0c8e669b-a804-47b1-82b0-88ab16cb752a,anoukdemo.citizenlab.co,2023-05-11 10:03:20 UTC,demo,EU
5bf42219-8c66-430f-aa4b-2cd69609ac5f,gaelle-demo.citizenlab.co,2023-01-23 16:00:55 UTC,demo,EU
fc70c881-e7d7-4ee3-aa2c-d63800db9895,consulta-municipal-was-template.citizenlab.co,2020-10-27 13:36:52 UTC,demo,EU
59cafb64-48b0-4bec-91d4-38f592541055,metro.demo.citizenlab.co,2020-04-18 13:24:12 UTC,demo,EU
5d4cd6d2-b592-4a66-92ad-511205cdb491,samen.enkhuizen.nl,2021-04-21 11:37:47 UTC,active,EU
ad0beee4-17fd-447c-9b41-cc1d0560df42,demain.villedavray.fr,2020-11-05 18:13:20 UTC,active,EU
ecc09adc-ea8b-48fe-bc3c-964b95cf76a7,launch-de.template.citizenlab.co,2022-02-15 13:46:35 UTC,not_applicable,EU
115f2e36-7486-41ec-b9ca-38d302877b61,notification-control.demo.citizenlab.co,2019-07-31 14:48:32 UTC,demo,EU
ed6d7736-af61-4d0f-8032-8fc86e7f023d,launch-fr-be.template.citizenlab.co,2020-03-11 13:15:53 UTC,demo,EU
88a48fdf-05ba-4e0b-a7e8-8afdc8412f43,rijswijk-buiten.citizenlab.co,2021-02-16 10:33:47 UTC,churned,EU
a8ee52b1-0a22-4a3e-9dc8-8cf793131ef0,dktraining.citizenlab.co,2022-09-10 09:04:04 UTC,active,EU
a8131023-5678-4646-970c-76a441906c5e,hesselager.svendborg.dk,2022-12-02 08:20:24 UTC,active,EU
099980be-4697-4696-87e6-077f608c1c57,maud-demo.citizenlab.co,2023-02-09 17:30:45 UTC,demo,EU
a0c78867-7f3c-4b0f-b95a-0ef7bc1905af,slaskie.demo.citizenlab.co,2023-09-14 08:14:41 UTC,demo,EU
df84a5d9-4e0a-42c9-84e6-6ca1edb408cb,borgerlab.vejle.dk,2019-06-26 14:44:04 UTC,active,EU
c4424049-cc7c-433d-99f2-74a81c01c4ce,nelise.demo.citizenlab.co,2022-01-03 15:40:15 UTC,demo,EU
6a30d918-fd27-46b2-b24d-9e7ba24eafd2,testfr.demo.citizenlab.co,2023-03-13 14:19:40 UTC,demo,EU
8b3e88f1-250a-419b-8a41-61b937f495a3,cecile-demo.citizenlab.co,2023-05-22 10:43:40 UTC,demo,EU
f229ae8c-4743-4a12-bc01-bbe727a24cd2,headmade-demo.citizenlab.co,2021-09-06 17:31:09 UTC,demo,EU
6fc03a1b-0cb0-4f23-8771-f41b3292aea7,sector6v2.citizenlab.co,2021-09-05 06:36:21 UTC,demo,EU
6d336232-2142-4e07-b086-7e83a214a29b,launch-nl-nl.template.citizenlab.co,2020-03-25 08:03:38 UTC,demo,EU
b1e8d0bc-374a-4706-957c-34ffa08b5be8,eani.demo.citizenlab.co,2021-08-23 08:25:02 UTC,demo,EU
e686bbbc-6f89-4c97-88f9-1106e4ec9f58,vores.lejre.dk,2022-07-26 07:34:54 UTC,active,EU
92ee1369-3765-41c1-a386-1c0dcd27782a,lahti.demo.citizenlab.co,2023-06-13 14:06:00 UTC,expired_trial,EU
8b350c09-17ae-4e3a-a6fe-b11668549dde,jeparticipe.ville-bron.fr,2021-07-12 07:08:30 UTC,active,EU
28fab07f-98f5-4ac5-bb46-f885b53e30e9,demokratigarage.citizenlab.co,2023-05-17 12:30:00 UTC,active,EU
93e76370-60cf-4751-acb9-ab5a66ccb0eb,samen.noordwijk.nl,2020-04-03 14:26:48 UTC,active,EU
66e3aabf-c038-483c-b7f3-55d97aeec61b,riga.citizenlab.co,2022-10-05 11:25:01 UTC,not_applicable,EU
a9ad06d3-a579-4b42-ba9c-5fc2d475ac01,fuheis.citizenlab.co,2020-11-03 13:22:22 UTC,churned,EU
13e4e017-e7c4-4336-ae20-2b2d1fff2297,deeljeidee.sport.vlaanderen,2020-06-30 14:11:55 UTC,active,EU
8829c36f-392c-4643-b833-33f09be418fd,yelebe-demo.citizenlab.co,2023-02-17 15:26:08 UTC,demo,EU
10f49025-0f2c-4223-bb29-9ceb50a11b8d,koeln.demo.citizenlab.co,2023-07-14 21:35:24 UTC,demo,EU
028af9d4-4c40-4722-9177-0c579d23daf6,vorarlberg-demoxyz.citizenlab.co,2023-04-12 15:32:26 UTC,demo,EU
20ad1009-7357-4dc5-9c36-60d7e7a9f795,thomas-demo.citizenlab.co,2023-05-02 08:22:50 UTC,demo,EU
065bf7a4-f4d8-4073-98d4-5ac2b11cbebd,participez.grand-cubzaguais.fr,2023-03-01 09:10:54 UTC,active,EU
3deedbf1-c42d-4670-bf2f-881f14beed50,samenwerkenaan.oldebroek.nl,2021-01-15 16:47:45 UTC,active,EU
758662ed-fe73-41ad-8616-6e601fe452f8,gemeinsam.eins.de,2022-11-30 11:51:36 UTC,active,EU
a700c046-aa0e-4d3e-bd59-23d0dfd19646,elburg-spreekt.nl,2023-03-23 12:52:10 UTC,active,EU
0ee4f85f-e345-49fc-9387-adbb1d8f04d8,wasilkow-essential.demo.citizenlab.co,2023-04-24 14:16:25 UTC,demo,EU
76b0c48d-d510-41f2-aea6-d0effcba3567,cluj-napoca.demo.citizenlab.co,2020-11-04 13:33:54 UTC,demo,EU
56d3c7e5-93f6-4211-9d90-855b780196d1,sammenom.frederikshavn.dk,2020-12-20 10:14:00 UTC,active,EU
1db9dc47-26bb-4ea0-9e53-227491a319a3,vd.demo.citizenlab.co,2023-06-13 14:30:38 UTC,expired_trial,EU
d8a4b407-4518-4327-9d44-48c180cad316,cristele-demo.citizenlab.co,2023-03-10 08:11:17 UTC,demo,EU
84f5a0ff-de09-4ac7-863d-6b4cd388a89b,norway-demo1.citizenlab.co,2022-08-26 08:12:15 UTC,demo,EU
b3153a46-9c38-4e3d-96e6-7b4794561664,neustadt-demo.citizenlab.co,2023-04-24 10:13:48 UTC,demo,EU
2efcdd71-5afa-4f09-8703-4d869d84a26a,test-environment.citizenlab.co,2020-05-24 13:42:39 UTC,demo,EU
dccc5080-bccf-4330-beba-76903c16bc6f,bielefeld-demo.citizenlab.co,2023-07-26 12:12:52 UTC,demo,EU
5af1569c-4c75-4a40-8f64-c481e6b7bbb0,cl-fr10.demo.citizenlab.co,2021-01-06 16:22:10 UTC,demo,EU
5167f87d-2214-42b2-8b16-01de325922e9,umk-torun.demo.citizenlab.co,2023-05-09 18:24:57 UTC,demo,EU
4907853f-c84f-48b3-9866-a55a215995fe,brussels2030.citizenlab.co,2022-09-29 21:14:22 UTC,active,EU
84e90bf5-2d12-44f0-972a-2570c9df7d5d,armagnac.citizenlab.co,2021-03-30 14:15:41 UTC,churned,EU
6f9f314c-eb7c-406a-b735-34277ce4eaff,yuri.citizenlab.co,2022-03-29 14:15:03 UTC,demo,EU
09dd47cf-28f0-41bb-baeb-dbcc5a4bc76c,platform.culemborg.nl,2021-03-25 12:35:30 UTC,active,EU
dd5b8b06-be5d-4038-88f7-7f5ac69d033e,croix-rouge.citizenlab.co,2023-01-11 08:24:15 UTC,active,EU
c3b0d845-e108-432b-b375-427ca80a33b7,jeparticipe.malaunay.fr,2022-01-20 14:50:30 UTC,active,EU
618b6952-e1a0-45b4-9646-3e436a17d239,le-im-dialog-demo.citizenlab.co,2022-11-24 15:48:44 UTC,demo,EU
38ee4773-9f34-4fd1-a070-28e0defede67,dai-demo.citizenlab.co,2022-02-05 07:41:37 UTC,demo,EU
f4a652c4-0edb-46dd-98a7-1475e3383bad,doemee.valkenburg.nl,2021-02-24 12:19:27 UTC,active,EU
b59320a1-e0e5-4c3e-9b7f-7a99150b3ef9,innsbruck-test.citizenlab.co,2023-03-22 16:42:17 UTC,demo,EU
d5358975-4583-4784-9da1-aad62ed3cf0e,huemer.demo.citizenlab.co,2021-07-19 07:16:32 UTC,demo,EU
0e7e3d4f-38c1-4c9b-b008-564860fbb13b,luebeck-demo.citizenlab.co,2023-02-24 12:52:21 UTC,demo,EU
20883e26-7ade-4563-a3f8-4b849a43a4a1,cascais.demo.citizenlab.co,2023-07-04 10:00:11 UTC,demo,EU
3a2e5c1d-c4f8-4203-b541-b0034f9c1fa9,zemljazanas.rs,2021-11-04 09:49:32 UTC,churned,EU
2b38dd42-f3b4-4bea-a8d4-49206a899119,sudjeluj.cakovec.hr,2023-03-22 13:57:12 UTC,active,EU
0925caec-bdea-40fa-929c-a197120ef848,stadtgestalten.duesseldorf-marketing.de,2022-07-04 10:32:55 UTC,active,EU
8d76cc79-e508-4ad9-a0ea-1cf076371fb6,dialog.bad-duerkheim.de,2022-04-19 13:33:14 UTC,active,EU
014dc795-a9f5-4876-98d0-7eeb8de75bd5,denkmee.maassluis.nl,2022-06-10 12:54:36 UTC,active,EU
37ab4cd4-3543-4ee0-b4bf-c68d14b279a0,demokoos.citizenlab.co,2022-11-09 08:09:03 UTC,active,EU
186923d4-d9e4-4ad3-b19a-f1e725735f9b,youthawards.wwf.be,2020-11-19 13:59:05 UTC,active,EU
6f262fef-c965-41dd-94ce-c812a62928d9,oostburgchurned.citizenlab.co,2022-09-12 15:11:04 UTC,not_applicable,EU
4bf7ccfa-a9a1-4d3b-ad26-27ba03d63471,doemee.oegstgeest.nl,2020-10-20 05:42:40 UTC,active,EU
963cd6ed-7b7c-4af8-bfc0-c4e272d58e93,mijn.maldegem.be,2022-04-15 12:10:03 UTC,active,EU
203767fd-b4c9-4a9a-9bad-61cd910f3b08,doemee.oosterhout.nl,2021-04-28 08:43:31 UTC,active,EU
8d18f4d4-b594-4b44-a4f9-1e03b5457b9d,demo-uk-lora.citizenlab.co,2022-01-31 07:11:48 UTC,demo,EU
2296ea67-e0bc-4824-8a46-e7267361d698,goodlab.be,2020-01-29 16:38:28 UTC,churned,EU
60e73ae0-1bae-477b-a66e-8d8dd6412b9f,augsburg-trial.citizenlab.co,2023-06-02 14:41:53 UTC,demo,EU
5c091744-b203-478e-8747-f0ed114ddd0a,melissa.demo.citizenlab.co,2022-12-13 09:57:31 UTC,demo,EU
d4e231a9-5a89-4f68-8c54-8830af23a1b4,team.one.brussels,2021-02-26 12:16:50 UTC,churned,EU
ecc0ae39-d39e-4803-9218-a0eee6656fab,oberursel-test.citizenlab.co,2023-02-02 13:22:21 UTC,demo,EU
1e418299-6f21-4059-b3d8-7b872e8d886d,comunidadacciona.citizenlab.co,2022-11-07 14:50:06 UTC,demo,EU
a712a455-2777-450e-9697-8edd1a64159d,vi.skaber.frederikssund.dk,2021-07-30 10:07:09 UTC,active,EU
babc1f61-f174-4dcc-a63d-aac54ad43219,www.zesumme-vereinfachen.lu,2020-12-15 13:47:37 UTC,active,EU
333b51ef-df82-4e18-812d-8b4cca3cfdec,stuttgart-test.citizenlab.co,2023-08-23 13:03:22 UTC,demo,EU
8762a63e-5053-4856-acab-05955364dc6d,aandeslag.gemeentealtena.nl,2020-04-01 00:58:03 UTC,active,EU
82e3e0e8-c055-45a9-9de0-7aac0d4bea3b,markt-peissenberg-demo.citizenlab.co,2023-05-02 07:53:56 UTC,demo,EU
3018e801-a10f-4255-ac57-c3f216d37b70,demo-uk.citizenlab.co,2021-05-08 09:43:05 UTC,demo,EU
84e7140d-e49a-4de7-a609-d9ba0cb96fab,cityfortterre-demo.citizenlab.co,2022-01-31 20:41:40 UTC,demo,EU
2c888555-8ac6-4338-94b1-374ec2ad01df,hellobuurman.citizenlab.co,2022-03-09 10:28:27 UTC,demo,EU
dede9f47-ab09-4cf8-9d0c-afb7e7b3fbe7,tiel.demo.citizenlab.co,2022-02-07 08:29:54 UTC,demo,EU
a9a0fe9f-9bd1-4155-b50d-7c419c84ab7c,mathias-demo.citizenlab.co,2023-02-15 17:51:52 UTC,demo,EU
8ee74895-05ad-423d-b9fc-5f1e36f44f46,clara-demo.citizenlab.co,2023-03-17 15:31:43 UTC,demo,EU
2c276b82-c2cf-4341-8d9b-e710699742b5,bru-proprete.citizenlab.co,2020-10-07 08:48:06 UTC,churned,EU
91b60ea4-2716-46e2-a648-dbb7c4d18140,gembloux.demo.citizenlab.co,2023-09-05 07:33:09 UTC,trial,EU
b771d320-b827-4056-8c36-6932e4983d50,mdm-bytom.citizenlab.co,2022-04-19 13:56:07 UTC,churned,EU
266b3f3e-b0d1-4673-991c-8b6263e25ff5,alex-test.citizenlab.co,2021-10-11 13:16:00 UTC,demo,EU
b6722836-fad4-42bb-ba34-b4069bb4cea1,developpementrural.tournai.be,2020-12-18 09:04:40 UTC,active,EU
12f66f76-a01c-4f7c-a199-a99b39b3ecd2,launch-gb.template.citizenlab.co,2022-01-31 14:27:16 UTC,demo,EU
8ff56c26-c5d9-4e94-acc6-8b148f00c868,eva-demo.citizenlab.co,2022-02-04 13:52:55 UTC,demo,EU
26e276d3-a40d-4260-96df-ac96118bfa73,yourplatform.demo.citizenlab.co,2022-01-31 14:39:35 UTC,demo,EU
8ebfccbd-f9a2-4a2d-b33a-9421e56e0353,belgique-template.demo.citizenlab.co,2022-05-22 11:19:36 UTC,demo,EU
c284975f-bd7a-435f-9826-4a9d32bf63db,izegem-demo.citizenlab.co,2023-04-25 10:52:27 UTC,demo,EU
0ea1ca7b-551d-4717-a7d5-610d947985d3,soclab.demo.citizenlab.co,2023-01-05 08:21:16 UTC,demo,EU
fcfd9ac4-d745-44e0-b14d-668cb77448fb,otto-beteiligt.de,2023-05-24 15:14:35 UTC,active,EU
bc30996b-197c-40a3-ac7e-247307098a0e,tervuren.citizenlab.co,2023-04-12 13:43:02 UTC,active,EU
48528a62-3524-4b94-a1ca-fe80b73e452e,ontmoetingsplein.demo.citizenlab.co,2021-11-16 16:27:43 UTC,demo,EU
b3bfbca5-782b-4170-a8db-2bf7642888bb,bilzen-demo.citizenlab.co,2023-04-20 06:48:55 UTC,demo,EU
41e562ee-9d82-4e91-a62d-b1a0c1ee0efb,testjoost.citizenlab.co,2023-01-03 13:14:37 UTC,not_applicable,EU
da4a772a-e953-45f8-b6d3-12498023539f,foodshift-bari.citizenlab.co,2022-09-12 09:49:42 UTC,active,EU
4d600167-3213-456a-a065-ab32722c1453,hatayplanlamamerkezi.com,2023-04-03 13:05:23 UTC,active,EU
977d918f-9bb5-4210-bf41-b10da27a8a17,kommuneqarfiga.sermersooq.gl,2020-02-10 09:36:46 UTC,active,EU
2d2fa1e0-270f-4e42-bfd0-4df4521c4713,lynetteholm.borgersamling.dk,2021-10-15 11:21:17 UTC,active,EU
c7e64f95-fc18-40e8-a346-90f3fc8c147d,kickbelgium.demo.citizenlab.co,2023-09-20 07:57:45 UTC,trial,EU
1df4d550-ed6b-4855-99db-190c9c6fc66a,serbia3-demo.citizenlab.co,2022-02-07 14:38:02 UTC,demo,EU
05578c34-efd1-46dc-9f1e-9a97a1ae455f,norge.demo.citizenlab.co,2022-09-23 15:19:40 UTC,demo,EU
f6734891-6b9c-4cd2-9e1b-d5aa09080f5f,anaelle-demo.citizenlab.co,2023-03-06 13:48:21 UTC,demo,EU
2de63236-6671-4c2c-9ded-a8dc415da714,enexisdemo.citizenlab.co,2023-04-05 08:31:18 UTC,demo,EU
d72abd87-043a-42b1-b30a-e23a7333acf3,praatmee.ofw.nl,2020-12-01 12:43:36 UTC,active,EU
a980cd3d-59a6-4ed5-8966-e8325c3d3a3a,trial-fr.template.citizenlab.co,2021-04-12 16:18:29 UTC,demo,EU
16f25756-bc8c-41a7-91c9-e09574094899,denkmee.t-diel.nl,2020-12-17 15:22:30 UTC,active,EU
9c1887f4-5f2e-4ee5-a445-31dea86961c7,dhiban.citizenlab.co,2020-11-03 13:25:37 UTC,churned,EU
2a5e7e74-0eb6-490e-a443-b83c4a4d998b,trainingvideos.citizenlab.co,2021-04-03 11:46:08 UTC,demo,EU
1a5b48d5-1f17-4490-8a5c-dbf2baf3e8ab,ingesprek.denhelder.nl,2021-02-16 10:41:53 UTC,active,EU
b60d4173-fc8b-47f1-9702-3618535f2410,fr-be-template-copy-080922.citizenlab.co,2022-09-08 10:42:17 UTC,demo,EU
61458b5a-92fd-47e0-a881-755bb01a5a9d,spain-demo1.citizenlab.co,2022-05-13 07:38:36 UTC,demo,EU
9f3336cc-b097-4611-9f2f-f6cbc2eb7b8f,sandkasse.citizenlab.co,2022-01-18 07:53:31 UTC,active,EU
0fc84819-c0fe-4aff-9583-c1f67945fe8a,norgedebug.citizenlab.co,2022-11-29 13:21:01 UTC,demo,EU
4028847e-c390-4c82-994f-1e74ec95b78a,caroline-demo.citizenlab.co,2023-05-04 08:03:49 UTC,demo,EU
2ead6b91-44a7-4b92-9f0f-e612f642ba06,skwerfogga.demo.citizenlab.co,2023-01-11 19:57:02 UTC,demo,EU
691fe527-a8aa-4f4b-abd5-99ca926d6622,twojwasilkow.pl,2022-02-02 15:39:12 UTC,active,EU
d656f486-11a6-47d2-95ec-1694e17d6231,internal-demo.citizenlab.co,2022-01-31 11:31:54 UTC,demo,EU
743d892a-9489-4765-a546-ecf0943d262d,kobenhavntaler.kk.dk,2022-11-29 10:44:58 UTC,active,EU
98783c6a-b0ef-4102-aff9-1d00401e4303,privwroclaw-pl.demo.citizenlab.co,2022-01-31 13:05:08 UTC,demo,EU
608da35e-71ab-4b82-aea1-aad4b955bd41,deutschland-demo.citizenlab.co,2022-02-07 08:26:08 UTC,demo,EU
729c1c4f-f09b-4942-b513-9158d91005c3,community.denkmee-verenigingsloket.be,2021-04-28 07:04:20 UTC,active,EU
697f6f7b-8490-40e0-83c2-9af88d94fa49,nyhamnen.demo.citizenlab.co,2022-12-05 14:33:09 UTC,demo,EU
7a5d42d9-3444-490f-898c-8e6a92958efd,tiphaine-demo.citizenlab.co,2023-02-15 17:52:56 UTC,demo,EU
5f8e27c1-f934-408b-894b-6b776f968a0c,montfort-sur-meu.citizenlab.co,2021-05-21 12:32:30 UTC,active,EU
cd4484ba-c1f9-40a2-8ab8-8c6b37c6ed65,deltag.hvidovre.dk,2021-09-20 11:00:34 UTC,active,EU
042c3a7a-211a-4a6e-9a40-8773648b9c97,mitgestalten.wien.gv.at,2022-01-10 12:57:27 UTC,active,EU
63b5bbd1-79ce-451c-9ca5-453c3237ea4c,alnainvolverer.no,2020-06-20 13:38:38 UTC,active,EU
4deb854e-14e8-4fcd-8655-220a52b0925c,houten.demo.citizenlab.co,2022-01-30 13:38:49 UTC,demo,EU
dfa58bb2-e183-447a-84d2-9c8ba9ed2f92,waddsup.waddinxveen.nl,2021-04-28 11:48:54 UTC,active,EU
3b8636fe-87ef-4983-b5f9-429180fcd790,www.madrastna.ma,2022-04-27 14:37:57 UTC,churned,EU
cf4edab3-9d37-43ab-8492-0a5d065c232e,trainthetrainer-demo.citizenlab.co,2022-11-14 18:42:41 UTC,demo,EU
d499100e-1f7d-4256-a459-7c04f5e4517e,gestalte.taunusstein.de,2021-06-10 11:46:52 UTC,active,EU
1fcd3e90-9631-4625-9393-321ce13b589c,trial-de.template.citizenlab.co,2021-04-19 17:06:11 UTC,demo,EU
621bb6f8-e8d9-4b4f-92a7-9d2e936d549e,aci.citizenlab.co,2021-11-24 11:27:56 UTC,churned,EU
feb2ca93-ffb0-49a5-9084-2f05546c659a,baeredygtigtforbrug.borgersamling.dk,2022-05-02 08:12:30 UTC,active,EU
0a2ea03c-16bb-4493-8baf-4f28feaec355,onlinedorpsgesprek.ermelo.nl,2022-07-05 12:40:04 UTC,active,EU
25e3f95a-681e-4f0b-91b6-d108ef4ac92a,deleraar.vlor.be,2021-03-09 13:17:13 UTC,churned,EU
ce210709-81bd-4231-922d-8e8541d55ce3,yaesuldemo.citizenlab.co,2022-07-18 15:46:22 UTC,demo,EU
df07f9b9-5ebb-4370-9ade-d6a6af28fbed,jelena.demo.citizenlab.co,2022-04-27 12:51:38 UTC,demo,EU
ac99fc0a-223d-41ef-9780-fc94435991d3,privstalowa-wola.demo.citizenlab.co,2022-08-17 07:29:48 UTC,demo,EU
a8b59f74-be2a-454e-ae59-83b16489eba3,mechelen.demo.citizenlab.co,2023-03-06 10:23:18 UTC,demo,EU
6f35c729-6698-4551-8b85-a497507d630a,cardiff-ac.demo.citizenlab.co,2022-08-09 08:36:02 UTC,demo,EU
bf30354c-d2e2-479d-8fb8-abd8dc863f80,foodshift-demo-test.citizenlab.co,2022-10-25 13:44:15 UTC,demo,EU
3620e287-99f8-4567-a43f-23947471cfd7,opensource-was-template.citizenlab.co,2022-01-31 09:45:25 UTC,demo,EU
c05b6342-28dc-47d0-8412-7b5b27fb2359,jaime.franquevillesaintpierre.com,2021-10-08 08:03:17 UTC,active,EU
d748e6fc-3f90-4315-aea1-bbde879972ba,augustow-wybiera.citizenlab.co,2022-02-02 16:11:34 UTC,active,EU
695ef101-9e25-4722-b1ab-2e83e17a13b2,global-demo.template.citizenlab.co,2020-09-07 17:33:48 UTC,demo,EU
7413b333-a14a-4a3a-a037-da6ac4caf440,linz.citizenlab.co,2019-04-27 15:11:01 UTC,active,EU
9e67f676-a543-4822-8432-1fa67735e4c5,befr.citizenlab.co,2021-09-15 09:05:05 UTC,demo,EU
8b91aecd-23e7-40b0-98f2-73d06ab855a2,straatvandetoekomst.spaarnelanden.nl,2023-01-13 14:47:19 UTC,churned,EU
6aff05de-0d14-45fb-9a6f-9f44250426cf,nidderau-beteiligung.citizenlab.co,2023-03-24 14:41:50 UTC,active,EU
e9642525-8e7a-4f9b-a4e6-7a3a390e929b,product.demo.citizenlab.co,2022-02-07 13:53:12 UTC,demo,EU
5ce15a69-8a5e-4db4-8fda-f97dd37e47b4,marine-demo.citizenlab.co,2023-03-06 13:49:22 UTC,demo,EU
0cc1f200-24e6-44f0-be20-ce2fd9e4fae7,jeparticipe.ajaccio.corsica,2022-09-07 17:04:15 UTC,churned,EU
23b1b793-da20-49fc-9e7c-0d71e59f5ed3,terna-demo.citizenlab.co,2022-02-09 07:26:54 UTC,demo,EU
e0e3cc7f-1a94-48b6-b6e9-ed79094b38c7,hodb-demo.citizenlab.co,2023-03-15 13:38:22 UTC,demo,EU
a1badb88-3ad5-46be-bc46-9501a9f5bc01,sfcg.demo.citizenlab.co,2021-03-29 06:49:29 UTC,demo,EU
e9c5e891-f9b7-4937-8d4c-9b83984698b4,denhaag.citizenlab.co,2018-01-30 15:41:51 UTC,churned,EU
ccea4f5a-b8ca-4c0e-b3fc-56f6ede0191a,iedereenmee.koksijde.be,2019-06-18 07:40:40 UTC,active,EU
9004fea6-e97e-4a30-a972-ec163c9c4224,samen.medemblik.nl,2019-07-12 13:37:50 UTC,active,EU
04e96445-e4a4-4a2c-8f5b-fc2e586f7123,samenbergendal.nl,2021-03-16 08:29:01 UTC,active,EU
5410e656-c434-434a-89e5-73e1fe7966c1,consultation.troyes-champagne-metropole.fr,2021-10-06 10:48:49 UTC,active,EU
4b99f294-29a2-4def-af01-e60092163b0c,berchem-sainte-agathe.demo.citizenlab.co,2023-03-23 16:20:15 UTC,expired_trial,EU
7098bab3-8464-4442-a3b6-ab2d76c003d8,sammenom.guldborgsund.dk,2022-03-16 10:35:04 UTC,active,EU
966cdd04-6645-499c-91f9-4aeeb034a2b4,parti-cip.be,2020-10-09 09:23:16 UTC,active,EU
a341659d-9127-47db-857e-9480373da898,borgerforum.regionh.dk,2022-11-08 11:45:34 UTC,active,EU
72507ef8-fa62-45bd-92c8-4c7d08008d04,cl-dk.demo.citizenlab.co,2020-05-17 08:09:54 UTC,demo,EU
092b0979-375f-43f9-ba5c-295c556595ac,friedberg-test.citizenlab.co,2023-03-23 15:15:53 UTC,demo,EU
bea0173e-c55a-4615-acad-d03fcf2d630e,lbs-trial-2.citizenlab.co,2021-09-13 15:36:18 UTC,demo,EU
50a3ca64-4809-49d4-b589-bc558ed1050f,dubai.demo.citizenlab.co,2023-04-28 08:29:20 UTC,trial,EU
3fd4e5ac-6f8b-4f51-80e2-09d0abfe8ea6,hallo.harelbeke.be,2017-12-12 19:36:34 UTC,active,EU
b6117c3c-00d6-473d-86c9-e79437037a60,seimitdabei.lkgi.de,2023-03-13 08:49:52 UTC,active,EU
2c2dc347-17ac-4384-9b54-42d67638376e,denkmee.beverwijk.nl,2022-12-02 12:14:26 UTC,active,EU
de349201-0db5-48f4-8e24-ee874274588c,participa.acciona-energia.com,2023-02-14 14:54:06 UTC,active,EU
81c3c516-cb8e-4397-8a44-725e55510b4e,mun-pallini.citizenlab.co,2022-09-12 09:42:28 UTC,active,EU
3ab040f2-0c44-4743-85f2-2d84fbfb0f39,samen.rijswijk.nl,2021-07-26 13:33:32 UTC,active,EU
f62300d6-20f9-49c4-92c4-9473d5ef86b7,momsingapore.citizenlab.co,2021-01-11 17:23:28 UTC,churned,EU
102d7abc-fb52-4711-b922-dad07acc093c,bfk-demo.citizenlab.co,2021-09-07 07:59:26 UTC,demo,EU
f337e9b5-1888-4a78-8dd1-986e60610aa4,civicinitiatives.citizenlab.co,2021-08-30 10:07:14 UTC,active,EU
02a67f43-b675-4563-bfa2-23451d667e44,saint-raphael.citizenlab.co,2022-05-04 15:32:45 UTC,active,EU
9a9a8b75-4378-408a-a265-cb502b95caab,tier.citizenlab.co,2021-06-09 14:41:57 UTC,churned,EU
8804b052-15ee-4c03-8014-983df72f9f50,saint-quentin.citizenlab.co,2021-06-23 08:22:42 UTC,active,EU
5238385f-6890-4364-bda0-e4fe5e7bcbcb,launch-pt.template.citizenlab.co,2022-02-09 16:48:45 UTC,demo,EU
4e793b26-1e97-40ed-bc4d-983aef23c590,global-partners.demo.citizenlab.co,2022-12-09 12:06:55 UTC,demo,EU
c2757510-2112-4810-9492-dcecf893b682,wiesbaden-demo.citizenlab.co,2022-03-04 13:20:53 UTC,demo,EU
eac0594a-7bc5-4674-b1b4-60749c819d45,sverigedemo1.citizenlab.co,2022-09-12 14:03:26 UTC,demo,EU
4e51971d-0311-4288-b156-e8a023e1d1b5,viskaber.nyborg.dk,2022-02-23 09:24:36 UTC,active,EU
9ad85214-cbb5-4e1c-94d9-8546c6f9a830,sebastien.demo.citizenlab.co,2022-09-09 12:33:08 UTC,demo,EU
056f8e85-13b7-474a-9c24-9beeb1fe276f,privjeleniagora.demo.citizenlab.co,2021-03-01 08:12:04 UTC,churned,EU
b7998150-9d85-4580-884c-4e64b0f5e3bc,beteiligung-template.demo.citizenlab.co,2022-06-07 06:27:18 UTC,demo,EU
57362cc0-cacf-406a-a1d7-dcd0b41e7f9f,demopauline.citizenlab.co,2022-11-18 16:41:35 UTC,demo,EU
da6b278b-c75d-498f-b3d0-f91c9ceaec79,usdemo21.template.citizenlab.co,2022-02-07 15:48:27 UTC,demo,EU
7ec1202d-375c-46ca-a234-c8471ff2a6a3,demoturkey1.citizenlab.co,2022-09-08 09:20:06 UTC,demo,EU
3823e49e-e890-4a2b-8d6b-83cf6b24c47c,ruimtevolk.demo.citizenlab.co,2021-10-26 09:19:14 UTC,demo,EU
71b4161e-b144-4683-bd3e-687e40848aab,yourcommunity-demonstration.citizenlab.co,2022-02-07 09:09:04 UTC,demo,EU
6f8027e1-5f99-497f-bd92-6be9a1c0c26b,remi.demo.citizenlab.co,2021-08-04 16:17:44 UTC,demo,EU
f16a78ed-06f8-4b3d-a56e-57a46571838c,emileeng.demo.citizenlab.co,2022-03-04 09:12:52 UTC,demo,EU
b8847dc2-0788-421b-a07b-821c4cc06183,privpila.demo.citizenlab.co,2022-05-13 12:24:55 UTC,demo,EU
5797e6fd-e69c-4587-8d81-8d40ab6b127a,tracy-demo.citizenlab.co,2023-01-23 15:58:52 UTC,demo,EU
9368f35a-8f19-42c8-8c27-540b420bf7c9,wahlheymat-demo.citizenlab.co,2023-04-27 13:28:47 UTC,demo,EU
d703f79e-50ec-4ffb-aaf3-a78f964354d8,participatie.kruisem.be,2021-02-16 07:23:32 UTC,active,EU
2334a611-0eac-4923-bd9a-61dab3329c46,untoldstories.citizenlab.co,2021-09-24 08:32:46 UTC,active,EU
9e02179f-0141-4e62-8713-14b4b22e5639,test-ns-0710.citizenlab.co,2022-02-07 09:45:09 UTC,demo,EU
fa0428a9-1770-4f2c-87ab-d0d16f05375e,tvojgradnovisad.rs,2021-10-11 12:22:31 UTC,active,EU
7c62e00e-bfee-49fd-90ad-4f5aae160404,durian.citizenlab.co,2022-02-09 19:46:36 UTC,demo,EU
57f90e5f-bff1-4f16-96f1-21596d20a07e,8940spreekt.be,2022-01-17 18:24:02 UTC,active,EU
20d2e610-a0c3-4be6-9e92-f0934a0f257b,goespraatmee.nl,2020-10-20 05:54:27 UTC,active,EU
f5e9e21c-1f85-4074-8eef-2cdfe9b3ef22,croatia2-demo.citizenlab.co,2022-07-20 08:07:39 UTC,demo,EU
daacc6b0-8e86-46dd-b147-c7514a6ee381,mi-municipio.template.citizenlab.co,2022-02-09 16:09:41 UTC,demo,EU
fa9e14f4-b97e-47f2-af03-355630d9e0b9,cl-en3.demo.citizenlab.co,2018-10-20 12:52:31 UTC,demo,EU
dad2e5a2-76fd-496c-a0e7-4d8ab3a26433,wsr.demo.citizenlab.co,2021-06-30 14:13:55 UTC,demo,EU
14a7c37c-c925-45b7-9f42-29b97330dbe4,consultation.esterelcotedazur-agglo.fr,2022-05-02 15:19:36 UTC,active,EU
13d6ca50-578e-45f5-beb8-3ca4dc03cb6d,san-isidro-demo.citizenlab.co,2020-10-12 13:00:33 UTC,demo,EU
4b6d8bd7-a4ca-450d-bab1-62da763a486f,quartierslibres.citizenlab.co,2020-12-18 15:08:12 UTC,active,EU
666e35d8-0f53-4a06-a259-f5804c529c8b,cl-nl1.demo.citizenlab.co,2018-09-22 12:02:56 UTC,demo,EU
e1c2735f-93b0-4064-ad46-4c3499716324,africaspeakupofflinefornow.citizenlab.co,2022-01-26 16:33:05 UTC,active,EU
7b94836e-2774-4b7c-b0dc-50a65810169c,hcclep.demo.citizenlab.co,2021-04-28 10:41:44 UTC,demo,EU
e057a7ec-6fba-4564-8ea0-f84a13844861,jamesjunglegym.citizenlab.co,2022-02-07 09:09:48 UTC,demo,EU
71f67427-6ea4-47b1-bc55-9c214b85d198,cdabreda.citizenlab.co,2022-04-21 08:00:23 UTC,churned,EU
c21bd7f1-b911-4c53-ae76-7104babe8435,imaginons-annemasse.fr,2022-01-20 14:48:40 UTC,active,EU
f21a0c1e-631c-4727-9762-1b4228585377,denkmee.achtkarspelen.nl,2020-12-11 07:21:02 UTC,active,EU
2082b89c-5332-4e07-aa8e-fad887759bc9,jeparticipe.bourgoinjallieu.fr,2021-01-05 16:34:29 UTC,active,EU
4918d87d-1bad-497a-8b24-5a25900d88df,denkmee.schoten.be,2021-03-25 12:31:09 UTC,active,EU
802b4277-da99-4277-84f9-92a1049ff973,belgie-template.demo.citizenlab.co,2022-05-20 11:54:53 UTC,demo,EU
2be8843e-2466-4f82-89db-2b6789ca7c59,stijn.citizenlab.co,2022-02-07 09:09:43 UTC,demo,EU
a55be035-21d0-44a5-92a6-eb1ec89fb8f1,james.demo.citizenlab.co,2022-03-02 09:31:05 UTC,demo,EU
55f89a7a-ef18-4859-8e17-b1dccee74df3,lot.citizenlab.co,2022-01-31 13:08:46 UTC,demo,EU
3e331d6a-312f-47f3-bacc-d06219001fbb,demo-dprp.citizenlab.co,2021-09-19 18:06:31 UTC,demo,EU
9f0f8a78-259f-40fa-a95c-7c9a830110ea,trial-es.template.citizenlab.co,2021-04-12 12:43:08 UTC,demo,EU
9d76ceb6-8d66-425a-9b29-4521fe66df86,ourcommunity-demo.citizenlab.co,2022-02-07 07:42:56 UTC,demo,EU
acc9502b-eeeb-4b38-9159-401e038d7dd4,croatia1-demo.citizenlab.co,2022-04-27 15:41:27 UTC,demo,EU
aa9cfb7e-ecfc-4976-912f-a7e5628a9d02,doemee-oirschot.nl,2021-02-17 07:47:37 UTC,active,EU
5ecd9605-979c-4e82-ae1d-13770a7e33e0,maashorstaanhetwoord.nl,2020-11-13 07:50:18 UTC,active,EU
1926b654-dcfe-4fa8-a022-48f78e0b9989,lafabriquecitoyenne.charenton.fr,2021-05-26 15:44:42 UTC,active,EU
3828838c-7f3e-43e0-894e-1368554756af,samen.stekene.be,2022-02-23 12:29:43 UTC,active,EU
75cf3c62-4f8b-454c-9620-50f068839ae9,aramon.citizenlab.co,2021-02-11 17:56:06 UTC,active,EU
e643ffd6-5017-496f-9e5b-8449c2908180,simonssandbox.citizenlab.co,2022-02-07 07:45:16 UTC,demo,EU
c0d1db20-1580-42cd-9cd6-547e8c7438ff,denkmee.malle.be,2020-02-05 16:22:17 UTC,active,EU
194e5a10-4b1a-434a-ae09-47be63dc1561,augustusburg.citizenlab.co,2018-02-05 16:28:24 UTC,churned,EU
11afb30a-c266-4769-aea2-642a6f4d9222,mitmachen.coburg.de,2022-02-18 08:46:32 UTC,active,EU
3c8c2964-9df9-4d4a-bd5b-784b34d5c010,serbia4-demo.citizenlab.co,2022-02-09 12:35:33 UTC,demo,EU
e98fd54c-304b-46db-b87d-15d2361ef856,participer.ville-antony.fr,2020-12-21 10:36:19 UTC,active,EU
8f02fbf1-330f-4b16-b870-352d471f1098,vores.dn.dk,2020-12-12 12:10:01 UTC,active,EU
e55d5ec2-d72b-42e3-9772-312f84976605,agora.citizenlab.co,2021-02-25 12:42:27 UTC,churned,EU
bec5c626-f5c6-4007-9bdc-dbb7c31290aa,idee.haaltert.be,2021-08-24 13:14:27 UTC,active,EU
55d9a0e3-bcc7-4faa-8f48-6c69fdab7936,kaiserslautern-demo.citizenlab.co,2022-02-07 13:31:57 UTC,demo,EU
293347a5-6305-415c-acdc-70c91c348085,abbotslangley-pc.demo.citizenlab.co,2022-07-19 08:34:34 UTC,demo,EU
1921c495-d8ca-43c8-9ab4-0c966da3e3b6,launch-es-cl.template.citizenlab.co,2020-05-19 09:29:43 UTC,demo,EU
46a1a2e8-0397-4a6b-a23e-96cd455c3f66,preus.meulebeke.be,2021-01-19 12:34:59 UTC,active,EU
f68b64e1-eb3b-41a3-aafa-fb1ed8dde2ac,consultation.troyes.fr,2021-09-17 12:11:52 UTC,active,EU
67174604-7d17-4136-8502-4a051f48f62a,liege.citizenlab.co,2018-02-12 13:41:26 UTC,churned,EU
d997a471-66c7-43d1-bd9e-37f88f54f5d7,slagelsechurned.citizenlab.co,2021-02-14 12:40:32 UTC,not_applicable,EU
ca157e89-84b2-4a2e-9bda-7a48336fac19,annesophie-demo.citizenlab.co,2022-01-31 09:54:33 UTC,demo,EU
1503946c-22b8-4d51-b941-122bee715da9,viskaber.roskilde.dk,2021-01-26 11:39:27 UTC,active,EU
f143352f-c589-4548-af72-466224a8d137,denkmee.bodegraven-reeuwijk.nl,2021-03-05 09:28:13 UTC,active,EU
1b975a80-26a9-4e91-9b67-6522dd15c5d5,demaramures.citizenlab.co,2021-10-15 11:04:02 UTC,demo,EU
1d2e4750-6630-48c3-8eff-4d0ab9f5e3c6,deltag.holbaek.dk,2021-01-11 16:11:36 UTC,active,EU
8376f47b-3c27-4e35-9f16-41ed7710b5b5,privdg.demo.citizenlab.co,2022-05-02 12:47:54 UTC,demo,EU
37ba1be7-c23c-4f14-a6d3-df722bc42469,dresita.citizenlab.co,2021-09-30 14:32:53 UTC,demo,EU
804d856b-305e-4f61-9d8a-08398c3b7508,demosector2.citizenlab.co,2022-01-29 06:16:45 UTC,demo,EU
f7179f47-2b46-4705-ab38-a06842fd37b7,mobilli.citizenlab.co,2021-10-05 14:00:24 UTC,active,EU
8eefee6e-9cb5-4593-bca9-fa19c929f4e9,denkmee.schouwen-duiveland.nl,2020-12-11 07:04:26 UTC,active,EU
94a93a89-3fbd-4657-9546-9d204b01532e,mow-participatie.citizenlab.co,2021-01-29 08:22:49 UTC,active,EU
fe2f7f42-5931-4432-993c-fb64481939f0,anciennebelgique.citizenlab.co,2020-11-12 08:11:49 UTC,active,EU
0b805e05-5b53-401a-a9e0-ae8ae060d1d8,participatie.niel.be,2018-10-12 07:22:41 UTC,churned,EU
f772717e-a368-4f99-b408-b2e6a4ede865,testplatformgent.citizenlab.co,2022-06-01 14:49:06 UTC,active,EU
3515a85f-e7d9-4bdf-8112-1b18a40981ca,test-ro.citizenlab.co,2021-09-04 07:31:29 UTC,demo,EU
55aa69e8-fb15-4ccc-8335-9b697be821a8,doemee.leiden.nl,2019-11-05 14:47:30 UTC,active,EU
0a67a4d9-0df8-4ddc-988f-b3a023f50482,arbeitskreis-uni-stuttgart.citizenlab.co,2022-01-31 10:03:49 UTC,demo,EU
27adae60-b6fd-441c-8741-08136b3a2df9,jeparticipe.rungis.fr,2021-03-02 10:40:53 UTC,active,EU
4cc8bc3e-1905-465d-889d-4baefb4fb6cd,houtenpraatmee.nl,2021-04-21 12:04:33 UTC,active,EU
baa2b3a0-091b-488a-bbb3-febbc1944a1e,projecttemplategallery.citizenlab.co,2020-08-20 13:55:27 UTC,demo,EU
988343c9-af34-4c70-a597-d9a0b4b33574,spaarnelanden.demo.citizenlab.co,2021-11-28 15:50:57 UTC,demo,EU
9ddd8ce4-d1cf-4f7d-a36a-b5aecc3a1146,timisoaraoras.citizenlab.co,2021-11-07 06:22:11 UTC,demo,EU
05486f84-7eb9-4222-ab4e-50bd71f0b089,emile.demo.citizenlab.co,2021-11-25 11:46:47 UTC,demo,EU
94a50403-2df3-4b4e-a5f7-a5d2cfbee2d3,mach-mit.freiraum-fichtelgebirge.de,2020-03-13 10:05:00 UTC,active,EU
c0c7394d-3b1c-4ae8-aff7-0d109e88f8b0,smicvalcitoyen.fr,2021-03-09 13:45:52 UTC,active,EU
8693ead8-9573-4bd4-9b59-b93282ebe1e9,ovre-eiker.citizenlab.co,2020-10-04 20:15:20 UTC,demo,EU
e93ccd37-da22-4d25-8dd2-f4582a152154,villedavray.demo.citizenlab.co,2021-03-17 07:34:36 UTC,demo,EU
0e3aaced-ac10-49ae-9d83-772da6d28b54,denkmee.nieuwkoop.nl,2020-09-01 09:57:39 UTC,active,EU
ae516e08-e341-4ce6-9427-5c9b86ac6b46,wijzijn.kuurne.be,2020-09-09 10:07:22 UTC,churned,EU
15c53372-3c64-4e96-a9ea-1e8e8115dadf,wijzijnmalinwa.be,2020-10-14 15:35:09 UTC,churned,EU
ebf13a76-1107-4984-84c0-74b24164f306,hala.demo.citizenlab.co,2021-09-11 13:56:28 UTC,demo,EU
f20c6378-18cd-4924-803a-a93683deb4a8,opensource.citizenlab.co,2022-01-31 11:05:40 UTC,demo,EU
739df5fc-6d0e-4994-9afb-4f77c76edf07,community.citizenlab.co,2021-02-28 15:10:51 UTC,active,EU
f502e90f-f6de-4c53-a1ea-770ea3a51878,burgervoorstellen-vlaanderen.citizenlab.co,2021-09-26 07:45:21 UTC,demo,EU
ca9e765c-741c-41d7-aaf7-48c960ba186c,samenwerkenaan.heerde.nl,2020-12-17 15:16:39 UTC,active,EU
ffecd6c9-9222-499b-9528-d38b9613d78c,participatie.stad.gent,2020-07-06 09:40:53 UTC,active,EU
0dcd6f7a-f2ff-4fcc-8e90-e0b4c2791d93,participate.smartcity.brussels,2018-05-02 13:16:39 UTC,churned,EU
9fced2ab-275c-43dc-b8f6-b6caf8aa5e3b,privkrakow.demo.citizenlab.co,2021-08-08 09:42:41 UTC,demo,EU
33600c08-4aeb-47ab-a759-23d925964d34,texelspreekt.nl,2019-07-11 07:20:39 UTC,active,EU
a442622d-903e-4d64-af61-43a23ccf5abe,lavoixsolidaire.fehap.fr,2021-06-04 08:03:22 UTC,churned,EU
4aeb9f5f-3e4f-4266-a169-156d196fcac7,deilfov-was-template.citizenlab.co,2021-10-05 18:09:23 UTC,demo,EU
d22e7231-9d67-4350-bed1-6ab890f47c8e,demo-giurgiu.citizenlab.co,2021-09-21 10:11:19 UTC,demo,EU
7b839deb-c238-46d2-b94e-50c327b9e0fa,cl-nl5.demo.citizenlab.co,2021-09-28 08:43:18 UTC,demo,EU
c1500440-8a6f-4889-bf45-1fbf5c77b9bb,rostock-demo.citizenlab.co,2021-11-01 12:30:30 UTC,demo,EU
2a6d7df8-077d-45ff-b5f7-7e55126802b6,partnerportal-test.citizenlab.co,2021-09-12 13:24:03 UTC,demo,EU
6964ee76-97bb-4106-8be0-cfba7a027240,hillerod.citizenlab.co,2019-12-29 16:22:45 UTC,active,EU
9546dbcf-7a88-4fec-bb26-f1e9acc222f2,sussargues.citizenlab.co,2020-08-21 11:33:56 UTC,active,EU
242032bf-1a49-4685-9804-7bfe622f05fa,mijnmening.beveren.be,2020-06-02 07:16:27 UTC,active,EU
6bf0f640-c56b-4af8-b4c2-6560a40a3fbd,denkeensh.herzele.be,2019-07-01 08:30:43 UTC,active,EU
56d59811-065c-4e10-98d8-7963f3e2ed18,samenhattem.nl,2020-12-11 07:16:45 UTC,active,EU
2be6454e-97fa-48ae-bc4b-43e1890dfc10,undp.citizenlab.co,2020-10-21 16:45:49 UTC,churned,EU
25310db4-af2f-45da-a56b-a2aa13a51193,sprimont.demo.citizenlab.co,2020-07-16 15:04:17 UTC,active,EU
24d0065a-3181-4109-868a-7654d939c656,fietsberaad.citizenlab.co,2021-01-04 10:56:11 UTC,churned,EU
f61f01ef-1b9d-48ab-b54f-157da970560e,dashboard.demo.citizenlab.co,2021-05-08 14:17:48 UTC,demo,EU
cff5109c-1390-43e4-84e9-ad48ffd42627,insights.template.citizenlab.co,2021-12-18 12:18:04 UTC,demo,EU
ae7c915a-c43e-40da-840e-31577a111f73,borgernet.odsherred.dk,2020-06-17 12:48:22 UTC,active,EU
5939efe9-64d9-47a1-b5c8-3a68a3d48cd2,maasmechelenmeemaken.be,2019-09-23 15:21:55 UTC,active,EU
ee64811c-de96-4ceb-8646-dce5ce394ea1,heumenpraatmee.nl,2019-08-05 09:54:34 UTC,churned,EU
13cfb993-a777-40ab-a7d4-8e72cf651e50,wuustwezelwenst.be,2019-04-29 08:28:23 UTC,active,EU
fd9c8177-09a1-4a81-bfa4-c33c3cbe41ab,test2-romania.citizenlab.co,2021-09-21 10:22:48 UTC,demo,EU
619ba787-c634-42ca-ac16-3b742484c275,oergedach.hoeselt.be,2020-05-14 14:03:19 UTC,churned,EU
03276e63-0d40-47e6-9949-bf79be1144ad,innoviris.citizenlab.co,2020-07-06 07:30:31 UTC,churned,EU
ed645dc8-1f0b-4f57-884f-4d5bb5a5e31f,creamos.injuv.cl,2019-07-01 15:22:06 UTC,churned,EU
693e8740-b9ad-4828-bd23-d5c3070b000e,forum.gov.bm,2018-07-18 19:41:25 UTC,active,EU
b6dfc6f2-ea15-40a6-a100-d38b0435aea5,mimunicipio.template.citizenlab.co,2020-06-27 17:53:57 UTC,demo,EU
00a83eec-6638-44ee-aa81-32749aba8f35,blauwhoed.citizenlab.co,2020-07-02 11:07:13 UTC,active,EU
647fea04-f66f-41aa-ade9-4db144aafecf,samen.menen.be,2020-05-28 08:58:24 UTC,active,EU
9a9cb734-5ff7-448b-b8c4-e77d3daaf332,samen.schagen.nl,2020-08-27 09:48:59 UTC,active,EU
4b9ec91b-e5ce-4924-8b9f-0f3066fa6eb5,ami.demo.citizenlab.co,2021-06-14 08:20:17 UTC,demo,EU
5114eec3-4001-4640-b76b-07ea46d7d241,launch-en.template.citizenlab.co,2020-02-04 11:22:03 UTC,demo,EU
d05a7769-40de-4be2-a3fc-93ed3d5955d2,denkmee.kalmthout.be,2019-03-06 11:11:01 UTC,active,EU
ad28b932-aeb6-484b-84bf-1e0a075fb707,visiblesensemble.citizenlab.co,2020-08-10 11:53:56 UTC,churned,EU
5a317d00-65e2-421f-8a28-1d03f56495de,citoyen.engis.be,2019-08-05 11:47:29 UTC,active,EU
5c9323da-0b2f-4347-a9fb-9f8bf66d6c18,training.demo.citizenlab.co,2021-04-06 10:32:27 UTC,demo,EU
12dd47ef-739f-41a0-8b55-a85182dccffa,engage.vub.be,2017-12-04 13:54:35 UTC,churned,EU
1b4b4289-cd16-4f7f-be6b-58efebf7bed5,stadsgesprekken.almere.nl,2020-04-07 07:46:51 UTC,active,EU
6584036a-4792-415b-8b06-9a98c512a053,helsingborg.demo.citizenlab.co,2021-11-07 21:32:04 UTC,demo,EU
12c80fe8-2cee-4044-95bb-63ce4a70ee85,lahulpe.citizenlab.co,2017-08-31 08:25:42 UTC,churned,EU
f2acde84-9105-40b9-b597-fca29279d047,launch-nl-be.template.citizenlab.co,2020-02-04 11:08:33 UTC,demo,EU
86b34603-ee87-4879-a433-bccc0279a146,cl-fr1.demo.citizenlab.co,2018-11-03 14:31:22 UTC,demo,EU
ef51ce2d-8def-4a89-8169-ffbfe9a7c965,stemvan.wageningen.nl,2020-03-13 10:54:08 UTC,active,EU
b1ba0a65-819e-457e-a5a4-c172c7f9e097,bornem.citizenlab.co,2017-09-14 09:26:12 UTC,churned,EU
c8c26d85-84bd-4053-834a-93089981b500,mol.citizenlab.co,2019-01-15 12:40:07 UTC,active,EU
5d6a92b7-fb1a-4201-88c9-54b7aba941c1,inspraak.wevelgem.be,2017-05-14 13:56:53 UTC,active,EU
027d26fe-d2cc-487e-9277-f0ce2bcf013a,openwall.citizenlab.co,2018-05-17 08:38:58 UTC,churned,EU
7d8b210e-c578-420b-83ba-c01e8ad4ccae,inspraak.oudenaarde.be,2019-04-04 20:40:57 UTC,active,EU
efd85b67-f801-4861-b20b-388b1390429e,mijn.vilvoorde.be,2017-01-05 00:00:00 UTC,active,EU
3413d056-514d-49b7-84db-b826ed5f39c2,denkmee.lokeren.be,2017-08-03 15:22:03 UTC,active,EU
09fa3059-36b6-46b1-a93f-3a151c87c533,lommel.citizenlab.co,2018-01-18 07:30:10 UTC,churned,EU
875d5c95-a040-46d6-970f-47508536feee,hamme.citizenlab.co,2017-12-08 09:23:33 UTC,churned,EU
4f7be8dd-356c-4450-b574-3a84b9fd746a,ideevoor.hasselt.be,2016-04-19 07:20:40 UTC,churned,EU
fde8f755-1b9b-4885-b928-beace8962403,bassenge.citizenlab.co,2018-06-26 15:22:33 UTC,churned,EU
935d1bee-cebe-44be-a760-9fdcde52f1bf,arlon.citizenlab.co,2017-12-05 20:03:38 UTC,active,EU
58634032-6f73-42a2-b271-b550f319a94f,participer.grandparissud.fr,2018-08-09 10:13:22 UTC,active,EU
79cabf98-0c0c-423b-9304-80f3fe2424c5,temsespreekt.be,2017-12-06 17:08:19 UTC,active,EU
baa40e93-bed0-4405-aebd-e0be8ead0e70,spd-sachsen.citizenlab.co,2019-04-29 08:22:50 UTC,churned,EU
b9a9eaeb-6c52-41f9-a35f-11001961ecdb,internal.citizenlab.co,2019-01-27 14:01:00 UTC,active,EU
bc61d432-343a-400c-a6a1-cf43c5e69085,denkmee.hollandskroon.nl,2019-04-18 10:14:59 UTC,active,EU
99457387-6186-4f3c-95a5-01998d646735,inspraak.sint-niklaas.be,2016-09-12 10:22:04 UTC,churned,EU
a520d6fe-3b29-488e-9c32-a4075c0c185b,jeparticipe-cusset.com,2019-01-08 14:28:31 UTC,churned,EU
07740a6d-8184-4db0-af8f-d46e79825754,enschede.citizenlab.co,2018-01-02 13:18:28 UTC,churned,EU
27346129-b0a5-4e18-842c-e31b16556cf8,monquartierinnove.fr,2019-01-25 16:19:29 UTC,churned,EU
13ec6b0f-32f6-4a8c-ba20-34258f2f5150,ichtegeminspireert.be,2019-06-07 09:06:40 UTC,active,EU
da3e15c1-d011-4944-ac3d-b770ace7b25d,overpelt.citizenlab.co,2018-02-21 14:10:29 UTC,churned,EU
14a8645d-1894-422e-a8dd-ca1ae6bab40e,cl-nl3.demo.citizenlab.co,2018-11-29 22:41:31 UTC,demo,EU
8a4c4116-2f5a-49c6-9b94-17d42128709c,burgerkabinetmedia.citizenlab.co,2017-12-04 14:52:29 UTC,churned,EU
4741aa4b-de29-4aef-a932-fee464d3a2ee,maakjebuurtmee.rotselaar.be,2017-10-10 09:21:01 UTC,active,EU
99e1e5e2-981c-4a90-b4a4-af8877a7a62e,mijn.ninove.be,2019-05-08 18:04:01 UTC,active,EU
d2e49912-4502-444f-82d4-eb687afc7a3e,wortegempetegem.citizenlab.co,2018-02-26 14:48:02 UTC,churned,EU
e0883765-753b-4b47-a17e-59a1398513bc,meppel.citizenlab.co,2018-01-02 14:44:16 UTC,churned,EU
c5c80faf-d2b9-47f8-8c12-8dcfbdd360e7,roeselare.citizenlab.co,2018-02-21 13:46:00 UTC,churned,EU
bd82e87e-0673-48eb-8683-ac88c93a0b6a,voluitsamen.kortenberg.be,2017-12-11 10:51:41 UTC,active,EU
86c04105-cf1f-422a-afb4-248c1e87e2b3,brumath.citizenlab.co,2019-05-23 12:04:06 UTC,active,EU
a768bd6f-f8a8-4555-82e0-a4a83b26ff8f,zwevegemparticipeert.be,2019-02-12 08:07:39 UTC,churned,EU
0c84d1cc-ba6f-4bcb-8531-953df5d93393,deltag.furesoe.dk,2018-03-02 13:12:42 UTC,active,EU
c4687e23-679d-4ec8-9e34-29e2b34e7667,heusden.citizenlab.co,2018-01-02 09:47:03 UTC,churned,EU
a28cae55-d16d-4930-ba7c-522c3352754c,staden.citizenlab.co,2018-11-05 16:59:12 UTC,churned,EU
a40b58fa-9dc5-4a7c-8678-c35bc35e7e0f,old-wezembeek-oppem.citizenlab.co,2018-07-08 11:09:17 UTC,churned,EU
eb991220-8b07-4737-9f92-b84e3f62ac3f,flobecq.citizenlab.co,2018-02-13 15:42:10 UTC,churned,EU
b691e420-f7e9-47e9-84ec-ed747fd0de40,es-was-template.citizenlab.co,2019-11-02 09:43:18 UTC,demo,EU
93383452-2299-4607-99b6-08b318981b0c,pakaan.herentals.be,2019-03-05 16:00:33 UTC,active,EU
9aa69dbe-c5cc-4ea9-9809-9e26f5ba8096,mijngedacht.steenokkerzeel.be,2017-05-03 10:22:04 UTC,churned,EU
59cbf3fa-8028-43cc-b5a1-fba42bdaac01,participatie.leuven.be,2018-10-22 20:32:28 UTC,active,EU
dda33d70-b4fe-4d7b-8006-1a6e7b7afc80,participatie.aalsmeer.nl,2019-02-15 09:54:09 UTC,active,EU
bf7d0171-89e4-488a-93b1-9729a4222fe1,mortsel.citizenlab.co,2018-03-27 10:09:14 UTC,churned,EU
94774368-0e9d-406c-a765-457d58242666,kortrijkspreekt.be,2018-12-03 12:25:40 UTC,active,EU
56351f6a-a855-4892-b4f5-ce47c59edc44,ulb-upgrade.citizenlab.co,2018-03-27 15:16:32 UTC,churned,EU
68f80727-2ffb-49cd-9b3a-241a53f84973,mons.citizenlab.co,2017-11-22 09:37:33 UTC,churned,EU
06e39028-25e0-4b3e-b9f6-27e34c196e84,marche-en-famenne.citizenlab.co,2017-05-30 09:35:35 UTC,churned,EU
aed628f6-ac8a-44a3-b0aa-66ebbf650bd4,anzegem.citizenlab.co,2017-09-09 14:59:20 UTC,churned,EU
c5d7f3b6-4398-4226-a581-a9d6518b85bc,denkmeemet.waregem.be,2019-04-15 08:52:20 UTC,churned,EU
9005a151-bac2-4ab6-b61c-53bf7e111731,usertesting.demo.citizenlab.co,2020-03-03 13:44:26 UTC,demo,EU
dca9e5c0-79d6-4a21-980e-b6e6fd3584b4,zaventem.citizenlab.co,2018-07-02 10:14:31 UTC,churned,EU
d8d4b9be-a0b5-4e1a-95c1-9b04087fab05,zwijndrecht.citizenlab.co,2017-03-08 10:16:45 UTC,churned,EU
07177bb6-e26a-4cfa-99e3-aad18c062d29,onlinestadsgesprek.harderwijk.nl,2018-01-10 07:42:00 UTC,active,EU
4dd0d4df-cff8-4e12-9675-c8c04e06893b,jaimerueiljeparticipe.fr,2018-02-12 11:53:22 UTC,active,EU
e0b058bb-dcf6-4155-a0d6-63b111eb924f,participationcitoyenne.grigny91.fr,2018-08-30 11:31:22 UTC,active,EU
ec04cbd3-dac1-494a-9315-ef791f35f189,tdorpboechoutvremde.citizenlab.co,2018-04-10 12:53:43 UTC,churned,EU
039daa28-2f5d-4950-8468-986cdd96742e,jaimelariche.fr,2018-08-30 11:36:46 UTC,active,EU
3b7235f3-74c3-4553-ab21-c1a298663cbe,grezenmouvement21.citizenlab.co,2018-04-20 14:53:55 UTC,churned,EU
3fdd0dcf-c6c1-4163-a574-d6d0046c2337,participez.mairie-orsay.fr,2018-09-07 08:34:49 UTC,active,EU
fe183734-3925-4628-82bb-154c9b945ced,enghien.citizenlab.co,2017-12-07 08:49:06 UTC,churned,EU
1c904c18-85cd-46a3-ae51-0f3b9bddcf84,jeparticipe.mairie-ida.fr,2018-01-29 21:04:04 UTC,active,EU
